Question,Answer Key
"شما یک مدل زبانی هستید که برای تشخیص معادل معنایی مناسب ضرب‌المثل‌های فارسی در زبان انگلیسی طراحی شده‌اید.

به شما یک ضرب‌المثل فارسی داده می‌شود. سپس یک پرسش دوگزینه‌ای مطرح می‌شود که در آن دو ضرب‌المثل انگلیسی ارائه شده است و از شما خواسته می‌شود تشخیص دهید کدام‌ یک از آن‌ها از نظر کاربرد و معنا بیشترین شباهت را با ضرب‌المثل فارسی داده‌شده دارد.

وظیفه‌ی شما این است که تنها یک گزینه‌ی صحیح را انتخاب کنید. پاسخ شما باید فقط شامل حرف گزینه‌ی درست (الف یا ب) باشد و هیچ متن یا توضیح اضافی ارائه نکنید.

ضرب‌المثل فارسی:
ز آواز روبه نترسد پلنگ.

سؤال:
کدام‌ یک از این دو ضرب‌المثل انگلیسی از نظر کاربرد و معنا بیشترین شباهت را با ضرب‌المثل فارسی داده‌شده دارد؟

گزینه‌ها:
الف) A leopard cannot change its spots.
ب) His bark is worse than his bite.","{'الف': 'Irrelevant', 'ب': 'Equivalent'}"
"شما یک مدل زبانی هستید که برای تشخیص معادل معنایی مناسب ضرب‌المثل‌های فارسی در زبان انگلیسی طراحی شده‌اید.

به شما یک ضرب‌المثل فارسی داده می‌شود. سپس یک پرسش دوگزینه‌ای مطرح می‌شود که در آن دو ضرب‌المثل انگلیسی ارائه شده است و از شما خواسته می‌شود تشخیص دهید کدام‌ یک از آن‌ها از نظر کاربرد و معنا بیشترین شباهت را با ضرب‌المثل فارسی داده‌شده دارد.

وظیفه‌ی شما این است که تنها یک گزینه‌ی صحیح را انتخاب کنید. پاسخ شما باید فقط شامل حرف گزینه‌ی درست (الف یا ب) باشد و هیچ متن یا توضیح اضافی ارائه نکنید.

ضرب‌المثل فارسی:
ز احمق بگریز، چون عیسی هم گریخت.

سؤال:
کدام‌ یک از این دو ضرب‌المثل انگلیسی از نظر کاربرد و معنا بیشترین شباهت را با ضرب‌المثل فارسی داده‌شده دارد؟

گزینه‌ها:
الف) It is better to be alone than in bad company.
ب) Fools rush in where angels fear to tread.","{'الف': 'Equivalent', 'ب': 'Irrelevant'}"
"شما یک مدل زبانی هستید که برای تشخیص معادل معنایی مناسب ضرب‌المثل‌های فارسی در زبان انگلیسی طراحی شده‌اید.

به شما یک ضرب‌المثل فارسی داده می‌شود. سپس یک پرسش دوگزینه‌ای مطرح می‌شود که در آن دو ضرب‌المثل انگلیسی ارائه شده است و از شما خواسته می‌شود تشخیص دهید کدام‌ یک از آن‌ها از نظر کاربرد و معنا بیشترین شباهت را با ضرب‌المثل فارسی داده‌شده دارد.

وظیفه‌ی شما این است که تنها یک گزینه‌ی صحیح را انتخاب کنید. پاسخ شما باید فقط شامل حرف گزینه‌ی درست (الف یا ب) باشد و هیچ متن یا توضیح اضافی ارائه نکنید.

ضرب‌المثل فارسی:
زاغ سیاه کسی را چوب زدن.

سؤال:
کدام‌ یک از این دو ضرب‌المثل انگلیسی از نظر کاربرد و معنا بیشترین شباهت را با ضرب‌المثل فارسی داده‌شده دارد؟

گزینه‌ها:
الف) To watch someone like a hawk.
ب) To beat a dead horse.","{'الف': 'Equivalent', 'ب': 'Irrelevant'}"
"شما یک مدل زبانی هستید که برای تشخیص معادل معنایی مناسب ضرب‌المثل‌های فارسی در زبان انگلیسی طراحی شده‌اید.

به شما یک ضرب‌المثل فارسی داده می‌شود. سپس یک پرسش دوگزینه‌ای مطرح می‌شود که در آن دو ضرب‌المثل انگلیسی ارائه شده است و از شما خواسته می‌شود تشخیص دهید کدام‌ یک از آن‌ها از نظر کاربرد و معنا بیشترین شباهت را با ضرب‌المثل فارسی داده‌شده دارد.

وظیفه‌ی شما این است که تنها یک گزینه‌ی صحیح را انتخاب کنید. پاسخ شما باید فقط شامل حرف گزینه‌ی درست (الف یا ب) باشد و هیچ متن یا توضیح اضافی ارائه نکنید.

ضرب‌المثل فارسی:
زاییدن بی‌درد نمی‌شود.

سؤال:
کدام‌ یک از این دو ضرب‌المثل انگلیسی از نظر کاربرد و معنا بیشترین شباهت را با ضرب‌المثل فارسی داده‌شده دارد؟

گزینه‌ها:
الف) Don't throw the baby out with the bathwater.
ب) No pain, no gain.","{'الف': 'Irrelevant', 'ب': 'Equivalent'}"
"شما یک مدل زبانی هستید که برای تشخیص معادل معنایی مناسب ضرب‌المثل‌های فارسی در زبان انگلیسی طراحی شده‌اید.

به شما یک ضرب‌المثل فارسی داده می‌شود. سپس یک پرسش دوگزینه‌ای مطرح می‌شود که در آن دو ضرب‌المثل انگلیسی ارائه شده است و از شما خواسته می‌شود تشخیص دهید کدام‌ یک از آن‌ها از نظر کاربرد و معنا بیشترین شباهت را با ضرب‌المثل فارسی داده‌شده دارد.

وظیفه‌ی شما این است که تنها یک گزینه‌ی صحیح را انتخاب کنید. پاسخ شما باید فقط شامل حرف گزینه‌ی درست (الف یا ب) باشد و هیچ متن یا توضیح اضافی ارائه نکنید.

ضرب‌المثل فارسی:
زبان بادبزن جگر سوخته است.

سؤال:
کدام‌ یک از این دو ضرب‌المثل انگلیسی از نظر کاربرد و معنا بیشترین شباهت را با ضرب‌المثل فارسی داده‌شده دارد؟

گزینه‌ها:
الف) A trouble shared is a trouble halved.
ب) Fan the flames.","{'الف': 'Equivalent', 'ب': 'Irrelevant'}"
"شما یک مدل زبانی هستید که برای تشخیص معادل معنایی مناسب ضرب‌المثل‌های فارسی در زبان انگلیسی طراحی شده‌اید.

به شما یک ضرب‌المثل فارسی داده می‌شود. سپس یک پرسش دوگزینه‌ای مطرح می‌شود که در آن دو ضرب‌المثل انگلیسی ارائه شده است و از شما خواسته می‌شود تشخیص دهید کدام‌ یک از آن‌ها از نظر کاربرد و معنا بیشترین شباهت را با ضرب‌المثل فارسی داده‌شده دارد.

وظیفه‌ی شما این است که تنها یک گزینه‌ی صحیح را انتخاب کنید. پاسخ شما باید فقط شامل حرف گزینه‌ی درست (الف یا ب) باشد و هیچ متن یا توضیح اضافی ارائه نکنید.

ضرب‌المثل فارسی:
زبان بنده، قلم خداست.

سؤال:
کدام‌ یک از این دو ضرب‌المثل انگلیسی از نظر کاربرد و معنا بیشترین شباهت را با ضرب‌المثل فارسی داده‌شده دارد؟

گزینه‌ها:
الف) The pen is mightier than the sword.
ب) Be careful what you wish for.","{'الف': 'Irrelevant', 'ب': 'Equivalent'}"
"شما یک مدل زبانی هستید که برای تشخیص معادل معنایی مناسب ضرب‌المثل‌های فارسی در زبان انگلیسی طراحی شده‌اید.

به شما یک ضرب‌المثل فارسی داده می‌شود. سپس یک پرسش دوگزینه‌ای مطرح می‌شود که در آن دو ضرب‌المثل انگلیسی ارائه شده است و از شما خواسته می‌شود تشخیص دهید کدام‌ یک از آن‌ها از نظر کاربرد و معنا بیشترین شباهت را با ضرب‌المثل فارسی داده‌شده دارد.

وظیفه‌ی شما این است که تنها یک گزینه‌ی صحیح را انتخاب کنید. پاسخ شما باید فقط شامل حرف گزینه‌ی درست (الف یا ب) باشد و هیچ متن یا توضیح اضافی ارائه نکنید.

ضرب‌المثل فارسی:
زبان خر را خرکچی می‌داند.

سؤال:
کدام‌ یک از این دو ضرب‌المثل انگلیسی از نظر کاربرد و معنا بیشترین شباهت را با ضرب‌المثل فارسی داده‌شده دارد؟

گزینه‌ها:
الف) Set a thief to catch a thief.
ب) You can lead a horse to water, but you can't make it drink.","{'الف': 'Equivalent', 'ب': 'Irrelevant'}"
"شما یک مدل زبانی هستید که برای تشخیص معادل معنایی مناسب ضرب‌المثل‌های فارسی در زبان انگلیسی طراحی شده‌اید.

به شما یک ضرب‌المثل فارسی داده می‌شود. سپس یک پرسش دوگزینه‌ای مطرح می‌شود که در آن دو ضرب‌المثل انگلیسی ارائه شده است و از شما خواسته می‌شود تشخیص دهید کدام‌ یک از آن‌ها از نظر کاربرد و معنا بیشترین شباهت را با ضرب‌المثل فارسی داده‌شده دارد.

وظیفه‌ی شما این است که تنها یک گزینه‌ی صحیح را انتخاب کنید. پاسخ شما باید فقط شامل حرف گزینه‌ی درست (الف یا ب) باشد و هیچ متن یا توضیح اضافی ارائه نکنید.

ضرب‌المثل فارسی:
زبان خوش، مار را از سوراخ بیرون می‌کشد.

سؤال:
کدام‌ یک از این دو ضرب‌المثل انگلیسی از نظر کاربرد و معنا بیشترین شباهت را با ضرب‌المثل فارسی داده‌شده دارد؟

گزینه‌ها:
الف) A snake in the grass.
ب) You can catch more flies with honey than with vinegar.","{'الف': 'Irrelevant', 'ب': 'Equivalent'}"
"شما یک مدل زبانی هستید که برای تشخیص معادل معنایی مناسب ضرب‌المثل‌های فارسی در زبان انگلیسی طراحی شده‌اید.

به شما یک ضرب‌المثل فارسی داده می‌شود. سپس یک پرسش دوگزینه‌ای مطرح می‌شود که در آن دو ضرب‌المثل انگلیسی ارائه شده است و از شما خواسته می‌شود تشخیص دهید کدام‌ یک از آن‌ها از نظر کاربرد و معنا بیشترین شباهت را با ضرب‌المثل فارسی داده‌شده دارد.

وظیفه‌ی شما این است که تنها یک گزینه‌ی صحیح را انتخاب کنید. پاسخ شما باید فقط شامل حرف گزینه‌ی درست (الف یا ب) باشد و هیچ متن یا توضیح اضافی ارائه نکنید.

ضرب‌المثل فارسی:
زبان سرخ سر سبز می‌دهد بر باد.

سؤال:
کدام‌ یک از این دو ضرب‌المثل انگلیسی از نظر کاربرد و معنا بیشترین شباهت را با ضرب‌المثل فارسی داده‌شده دارد؟

گزینه‌ها:
الف) Loose lips sink ships.
ب) The grass is always greener on the other side of the fence.","{'الف': 'Equivalent', 'ب': 'Irrelevant'}"
"شما یک مدل زبانی هستید که برای تشخیص معادل معنایی مناسب ضرب‌المثل‌های فارسی در زبان انگلیسی طراحی شده‌اید.

به شما یک ضرب‌المثل فارسی داده می‌شود. سپس یک پرسش دوگزینه‌ای مطرح می‌شود که در آن دو ضرب‌المثل انگلیسی ارائه شده است و از شما خواسته می‌شود تشخیص دهید کدام‌ یک از آن‌ها از نظر کاربرد و معنا بیشترین شباهت را با ضرب‌المثل فارسی داده‌شده دارد.

وظیفه‌ی شما این است که تنها یک گزینه‌ی صحیح را انتخاب کنید. پاسخ شما باید فقط شامل حرف گزینه‌ی درست (الف یا ب) باشد و هیچ متن یا توضیح اضافی ارائه نکنید.

ضرب‌المثل فارسی:
زبان سست و حرف درست!

سؤال:
کدام‌ یک از این دو ضرب‌المثل انگلیسی از نظر کاربرد و معنا بیشترین شباهت را با ضرب‌المثل فارسی داده‌شده دارد؟

گزینه‌ها:
الف) Better to remain silent and be thought a fool than to speak and to remove all doubt.
ب) A soft tongue breaks the bone.","{'الف': 'Equivalent', 'ب': 'Irrelevant'}"
"شما یک مدل زبانی هستید که برای تشخیص معادل معنایی مناسب ضرب‌المثل‌های فارسی در زبان انگلیسی طراحی شده‌اید.

به شما یک ضرب‌المثل فارسی داده می‌شود. سپس یک پرسش دوگزینه‌ای مطرح می‌شود که در آن دو ضرب‌المثل انگلیسی ارائه شده است و از شما خواسته می‌شود تشخیص دهید کدام‌ یک از آن‌ها از نظر کاربرد و معنا بیشترین شباهت را با ضرب‌المثل فارسی داده‌شده دارد.

وظیفه‌ی شما این است که تنها یک گزینه‌ی صحیح را انتخاب کنید. پاسخ شما باید فقط شامل حرف گزینه‌ی درست (الف یا ب) باشد و هیچ متن یا توضیح اضافی ارائه نکنید.

ضرب‌المثل فارسی:
زبانش با سرش بازی می‌کند.

سؤال:
کدام‌ یک از این دو ضرب‌المثل انگلیسی از نظر کاربرد و معنا بیشترین شباهت را با ضرب‌المثل فارسی داده‌شده دارد؟

گزینه‌ها:
الف) Loose lips sink ships.
ب) Cat got your tongue?","{'الف': 'Equivalent', 'ب': 'Irrelevant'}"
"شما یک مدل زبانی هستید که برای تشخیص معادل معنایی مناسب ضرب‌المثل‌های فارسی در زبان انگلیسی طراحی شده‌اید.

به شما یک ضرب‌المثل فارسی داده می‌شود. سپس یک پرسش دوگزینه‌ای مطرح می‌شود که در آن دو ضرب‌المثل انگلیسی ارائه شده است و از شما خواسته می‌شود تشخیص دهید کدام‌ یک از آن‌ها از نظر کاربرد و معنا بیشترین شباهت را با ضرب‌المثل فارسی داده‌شده دارد.

وظیفه‌ی شما این است که تنها یک گزینه‌ی صحیح را انتخاب کنید. پاسخ شما باید فقط شامل حرف گزینه‌ی درست (الف یا ب) باشد و هیچ متن یا توضیح اضافی ارائه نکنید.

ضرب‌المثل فارسی:
زخم زبان بدتر از زخم شمشیر است.

سؤال:
کدام‌ یک از این دو ضرب‌المثل انگلیسی از نظر کاربرد و معنا بیشترین شباهت را با ضرب‌المثل فارسی داده‌شده دارد؟

گزینه‌ها:
الف) Words cut deeper than a knife.
ب) Live by the sword, die by the sword.","{'الف': 'Equivalent', 'ب': 'Irrelevant'}"
"شما یک مدل زبانی هستید که برای تشخیص معادل معنایی مناسب ضرب‌المثل‌های فارسی در زبان انگلیسی طراحی شده‌اید.

به شما یک ضرب‌المثل فارسی داده می‌شود. سپس یک پرسش دوگزینه‌ای مطرح می‌شود که در آن دو ضرب‌المثل انگلیسی ارائه شده است و از شما خواسته می‌شود تشخیص دهید کدام‌ یک از آن‌ها از نظر کاربرد و معنا بیشترین شباهت را با ضرب‌المثل فارسی داده‌شده دارد.

وظیفه‌ی شما این است که تنها یک گزینه‌ی صحیح را انتخاب کنید. پاسخ شما باید فقط شامل حرف گزینه‌ی درست (الف یا ب) باشد و هیچ متن یا توضیح اضافی ارائه نکنید.

ضرب‌المثل فارسی:
زدی ضربتی، ضربتی نوش کن.

سؤال:
کدام‌ یک از این دو ضرب‌المثل انگلیسی از نظر کاربرد و معنا بیشترین شباهت را با ضرب‌المثل فارسی داده‌شده دارد؟

گزینه‌ها:
الف) What goes around, comes around.
ب) Strike while the iron is hot.","{'الف': 'Equivalent', 'ب': 'Irrelevant'}"
"شما یک مدل زبانی هستید که برای تشخیص معادل معنایی مناسب ضرب‌المثل‌های فارسی در زبان انگلیسی طراحی شده‌اید.

به شما یک ضرب‌المثل فارسی داده می‌شود. سپس یک پرسش دوگزینه‌ای مطرح می‌شود که در آن دو ضرب‌المثل انگلیسی ارائه شده است و از شما خواسته می‌شود تشخیص دهید کدام‌ یک از آن‌ها از نظر کاربرد و معنا بیشترین شباهت را با ضرب‌المثل فارسی داده‌شده دارد.

وظیفه‌ی شما این است که تنها یک گزینه‌ی صحیح را انتخاب کنید. پاسخ شما باید فقط شامل حرف گزینه‌ی درست (الف یا ب) باشد و هیچ متن یا توضیح اضافی ارائه نکنید.

ضرب‌المثل فارسی:
زدیم و نگرفت!

سؤال:
کدام‌ یک از این دو ضرب‌المثل انگلیسی از نظر کاربرد و معنا بیشترین شباهت را با ضرب‌المثل فارسی داده‌شده دارد؟

گزینه‌ها:
الف) Strike while the iron is hot.
ب) Close, but no cigar.","{'الف': 'Irrelevant', 'ب': 'Equivalent'}"
"شما یک مدل زبانی هستید که برای تشخیص معادل معنایی مناسب ضرب‌المثل‌های فارسی در زبان انگلیسی طراحی شده‌اید.

به شما یک ضرب‌المثل فارسی داده می‌شود. سپس یک پرسش دوگزینه‌ای مطرح می‌شود که در آن دو ضرب‌المثل انگلیسی ارائه شده است و از شما خواسته می‌شود تشخیص دهید کدام‌ یک از آن‌ها از نظر کاربرد و معنا بیشترین شباهت را با ضرب‌المثل فارسی داده‌شده دارد.

وظیفه‌ی شما این است که تنها یک گزینه‌ی صحیح را انتخاب کنید. پاسخ شما باید فقط شامل حرف گزینه‌ی درست (الف یا ب) باشد و هیچ متن یا توضیح اضافی ارائه نکنید.

ضرب‌المثل فارسی:
زر دادم و دردسر خریدم!

سؤال:
کدام‌ یک از این دو ضرب‌المثل انگلیسی از نظر کاربرد و معنا بیشترین شباهت را با ضرب‌المثل فارسی داده‌شده دارد؟

گزینه‌ها:
الف) Make a rod for your own back.
ب) All that glitters is not gold.","{'الف': 'Equivalent', 'ب': 'Irrelevant'}"
"شما یک مدل زبانی هستید که برای تشخیص معادل معنایی مناسب ضرب‌المثل‌های فارسی در زبان انگلیسی طراحی شده‌اید.

به شما یک ضرب‌المثل فارسی داده می‌شود. سپس یک پرسش دوگزینه‌ای مطرح می‌شود که در آن دو ضرب‌المثل انگلیسی ارائه شده است و از شما خواسته می‌شود تشخیص دهید کدام‌ یک از آن‌ها از نظر کاربرد و معنا بیشترین شباهت را با ضرب‌المثل فارسی داده‌شده دارد.

وظیفه‌ی شما این است که تنها یک گزینه‌ی صحیح را انتخاب کنید. پاسخ شما باید فقط شامل حرف گزینه‌ی درست (الف یا ب) باشد و هیچ متن یا توضیح اضافی ارائه نکنید.

ضرب‌المثل فارسی:
زرده تخم مرغ به چانه‌اش بسته.

سؤال:
کدام‌ یک از این دو ضرب‌المثل انگلیسی از نظر کاربرد و معنا بیشترین شباهت را با ضرب‌المثل فارسی داده‌شده دارد؟

گزینه‌ها:
الف) Don't put all your eggs in one basket.
ب) He/She could talk the hind legs off a donkey.","{'الف': 'Irrelevant', 'ب': 'Equivalent'}"
"شما یک مدل زبانی هستید که برای تشخیص معادل معنایی مناسب ضرب‌المثل‌های فارسی در زبان انگلیسی طراحی شده‌اید.

به شما یک ضرب‌المثل فارسی داده می‌شود. سپس یک پرسش دوگزینه‌ای مطرح می‌شود که در آن دو ضرب‌المثل انگلیسی ارائه شده است و از شما خواسته می‌شود تشخیص دهید کدام‌ یک از آن‌ها از نظر کاربرد و معنا بیشترین شباهت را با ضرب‌المثل فارسی داده‌شده دارد.

وظیفه‌ی شما این است که تنها یک گزینه‌ی صحیح را انتخاب کنید. پاسخ شما باید فقط شامل حرف گزینه‌ی درست (الف یا ب) باشد و هیچ متن یا توضیح اضافی ارائه نکنید.

ضرب‌المثل فارسی:
زر سفید، برای روز سیاه است.

سؤال:
کدام‌ یک از این دو ضرب‌المثل انگلیسی از نظر کاربرد و معنا بیشترین شباهت را با ضرب‌المثل فارسی داده‌شده دارد؟

گزینه‌ها:
الف) Save for a rainy day.
ب) All that glitters is not gold.","{'الف': 'Equivalent', 'ب': 'Irrelevant'}"
"شما یک مدل زبانی هستید که برای تشخیص معادل معنایی مناسب ضرب‌المثل‌های فارسی در زبان انگلیسی طراحی شده‌اید.

به شما یک ضرب‌المثل فارسی داده می‌شود. سپس یک پرسش دوگزینه‌ای مطرح می‌شود که در آن دو ضرب‌المثل انگلیسی ارائه شده است و از شما خواسته می‌شود تشخیص دهید کدام‌ یک از آن‌ها از نظر کاربرد و معنا بیشترین شباهت را با ضرب‌المثل فارسی داده‌شده دارد.

وظیفه‌ی شما این است که تنها یک گزینه‌ی صحیح را انتخاب کنید. پاسخ شما باید فقط شامل حرف گزینه‌ی درست (الف یا ب) باشد و هیچ متن یا توضیح اضافی ارائه نکنید.

ضرب‌المثل فارسی:
زرنگی زیاد فقر می‌آورد.

سؤال:
کدام‌ یک از این دو ضرب‌المثل انگلیسی از نظر کاربرد و معنا بیشترین شباهت را با ضرب‌المثل فارسی داده‌شده دارد؟

گزینه‌ها:
الف) Necessity is the mother of invention.
ب) Cheats never prosper.","{'الف': 'Irrelevant', 'ب': 'Equivalent'}"
"شما یک مدل زبانی هستید که برای تشخیص معادل معنایی مناسب ضرب‌المثل‌های فارسی در زبان انگلیسی طراحی شده‌اید.

به شما یک ضرب‌المثل فارسی داده می‌شود. سپس یک پرسش دوگزینه‌ای مطرح می‌شود که در آن دو ضرب‌المثل انگلیسی ارائه شده است و از شما خواسته می‌شود تشخیص دهید کدام‌ یک از آن‌ها از نظر کاربرد و معنا بیشترین شباهت را با ضرب‌المثل فارسی داده‌شده دارد.

وظیفه‌ی شما این است که تنها یک گزینه‌ی صحیح را انتخاب کنید. پاسخ شما باید فقط شامل حرف گزینه‌ی درست (الف یا ب) باشد و هیچ متن یا توضیح اضافی ارائه نکنید.

ضرب‌المثل فارسی:
زعفران که زیاد شد، به خورد خر می‌دهند.

سؤال:
کدام‌ یک از این دو ضرب‌المثل انگلیسی از نظر کاربرد و معنا بیشترین شباهت را با ضرب‌المثل فارسی داده‌شده دارد؟

گزینه‌ها:
الف) Familiarity breeds contempt.
ب) You can lead a horse to water, but you can't make it drink.","{'الف': 'Equivalent', 'ب': 'Irrelevant'}"
"شما یک مدل زبانی هستید که برای تشخیص معادل معنایی مناسب ضرب‌المثل‌های فارسی در زبان انگلیسی طراحی شده‌اید.

به شما یک ضرب‌المثل فارسی داده می‌شود. سپس یک پرسش دوگزینه‌ای مطرح می‌شود که در آن دو ضرب‌المثل انگلیسی ارائه شده است و از شما خواسته می‌شود تشخیص دهید کدام‌ یک از آن‌ها از نظر کاربرد و معنا بیشترین شباهت را با ضرب‌المثل فارسی داده‌شده دارد.

وظیفه‌ی شما این است که تنها یک گزینه‌ی صحیح را انتخاب کنید. پاسخ شما باید فقط شامل حرف گزینه‌ی درست (الف یا ب) باشد و هیچ متن یا توضیح اضافی ارائه نکنید.

ضرب‌المثل فارسی:
ژنده باش، گنده مباش.

سؤال:
کدام‌ یک از این دو ضرب‌المثل انگلیسی از نظر کاربرد و معنا بیشترین شباهت را با ضرب‌المثل فارسی داده‌شده دارد؟

گزینه‌ها:
الف) Don't judge a book by its cover.
ب) Cut your coat according to your cloth.","{'الف': 'Equivalent', 'ب': 'Irrelevant'}"
"شما یک مدل زبانی هستید که برای تشخیص معادل معنایی مناسب ضرب‌المثل‌های فارسی در زبان انگلیسی طراحی شده‌اید.

به شما یک ضرب‌المثل فارسی داده می‌شود. سپس یک پرسش دوگزینه‌ای مطرح می‌شود که در آن دو ضرب‌المثل انگلیسی ارائه شده است و از شما خواسته می‌شود تشخیص دهید کدام‌ یک از آن‌ها از نظر کاربرد و معنا بیشترین شباهت را با ضرب‌المثل فارسی داده‌شده دارد.

وظیفه‌ی شما این است که تنها یک گزینه‌ی صحیح را انتخاب کنید. پاسخ شما باید فقط شامل حرف گزینه‌ی درست (الف یا ب) باشد و هیچ متن یا توضیح اضافی ارائه نکنید.

ضرب‌المثل فارسی:
ساعتش نم دارد.

سؤال:
کدام‌ یک از این دو ضرب‌المثل انگلیسی از نظر کاربرد و معنا بیشترین شباهت را با ضرب‌المثل فارسی داده‌شده دارد؟

گزینه‌ها:
الف) A watched pot never boils.
ب) He'd be late for his own funeral.","{'الف': 'Irrelevant', 'ب': 'Equivalent'}"
"شما یک مدل زبانی هستید که برای تشخیص معادل معنایی مناسب ضرب‌المثل‌های فارسی در زبان انگلیسی طراحی شده‌اید.

به شما یک ضرب‌المثل فارسی داده می‌شود. سپس یک پرسش دوگزینه‌ای مطرح می‌شود که در آن دو ضرب‌المثل انگلیسی ارائه شده است و از شما خواسته می‌شود تشخیص دهید کدام‌ یک از آن‌ها از نظر کاربرد و معنا بیشترین شباهت را با ضرب‌المثل فارسی داده‌شده دارد.

وظیفه‌ی شما این است که تنها یک گزینه‌ی صحیح را انتخاب کنید. پاسخ شما باید فقط شامل حرف گزینه‌ی درست (الف یا ب) باشد و هیچ متن یا توضیح اضافی ارائه نکنید.

ضرب‌المثل فارسی:
سال به سال، دریغ از پارسال!

سؤال:
کدام‌ یک از این دو ضرب‌المثل انگلیسی از نظر کاربرد و معنا بیشترین شباهت را با ضرب‌المثل فارسی داده‌شده دارد؟

گزینه‌ها:
الف) Things are going from bad to worse.
ب) Time and tide wait for no man.","{'الف': 'Equivalent', 'ب': 'Irrelevant'}"
"شما یک مدل زبانی هستید که برای تشخیص معادل معنایی مناسب ضرب‌المثل‌های فارسی در زبان انگلیسی طراحی شده‌اید.

به شما یک ضرب‌المثل فارسی داده می‌شود. سپس یک پرسش دوگزینه‌ای مطرح می‌شود که در آن دو ضرب‌المثل انگلیسی ارائه شده است و از شما خواسته می‌شود تشخیص دهید کدام‌ یک از آن‌ها از نظر کاربرد و معنا بیشترین شباهت را با ضرب‌المثل فارسی داده‌شده دارد.

وظیفه‌ی شما این است که تنها یک گزینه‌ی صحیح را انتخاب کنید. پاسخ شما باید فقط شامل حرف گزینه‌ی درست (الف یا ب) باشد و هیچ متن یا توضیح اضافی ارائه نکنید.

ضرب‌المثل فارسی:
سال زور، سیزده ماه است.

سؤال:
کدام‌ یک از این دو ضرب‌المثل انگلیسی از نظر کاربرد و معنا بیشترین شباهت را با ضرب‌المثل فارسی داده‌شده دارد؟

گزینه‌ها:
الف) Might is right.
ب) A baker's dozen.","{'الف': 'Equivalent', 'ب': 'Irrelevant'}"
"شما یک مدل زبانی هستید که برای تشخیص معادل معنایی مناسب ضرب‌المثل‌های فارسی در زبان انگلیسی طراحی شده‌اید.

به شما یک ضرب‌المثل فارسی داده می‌شود. سپس یک پرسش دوگزینه‌ای مطرح می‌شود که در آن دو ضرب‌المثل انگلیسی ارائه شده است و از شما خواسته می‌شود تشخیص دهید کدام‌ یک از آن‌ها از نظر کاربرد و معنا بیشترین شباهت را با ضرب‌المثل فارسی داده‌شده دارد.

وظیفه‌ی شما این است که تنها یک گزینه‌ی صحیح را انتخاب کنید. پاسخ شما باید فقط شامل حرف گزینه‌ی درست (الف یا ب) باشد و هیچ متن یا توضیح اضافی ارائه نکنید.

ضرب‌المثل فارسی:
سالی که نکوست، از بهارش پیداست.

سؤال:
کدام‌ یک از این دو ضرب‌المثل انگلیسی از نظر کاربرد و معنا بیشترین شباهت را با ضرب‌المثل فارسی داده‌شده دارد؟

گزینه‌ها:
الف) Morning shows the day.
ب) April showers bring May flowers.","{'الف': 'Equivalent', 'ب': 'Irrelevant'}"
"شما یک مدل زبانی هستید که برای تشخیص معادل معنایی مناسب ضرب‌المثل‌های فارسی در زبان انگلیسی طراحی شده‌اید.

به شما یک ضرب‌المثل فارسی داده می‌شود. سپس یک پرسش دوگزینه‌ای مطرح می‌شود که در آن دو ضرب‌المثل انگلیسی ارائه شده است و از شما خواسته می‌شود تشخیص دهید کدام‌ یک از آن‌ها از نظر کاربرد و معنا بیشترین شباهت را با ضرب‌المثل فارسی داده‌شده دارد.

وظیفه‌ی شما این است که تنها یک گزینه‌ی صحیح را انتخاب کنید. پاسخ شما باید فقط شامل حرف گزینه‌ی درست (الف یا ب) باشد و هیچ متن یا توضیح اضافی ارائه نکنید.

ضرب‌المثل فارسی:
سامان شیر کن به شکار شغال رو.

سؤال:
کدام‌ یک از این دو ضرب‌المثل انگلیسی از نظر کاربرد و معنا بیشترین شباهت را با ضرب‌المثل فارسی داده‌شده دارد؟

گزینه‌ها:
الف) March comes in like a lion, and goes out like a lamb.
ب) Hope for the best, but prepare for the worst.","{'الف': 'Irrelevant', 'ب': 'Equivalent'}"
"شما یک مدل زبانی هستید که برای تشخیص معادل معنایی مناسب ضرب‌المثل‌های فارسی در زبان انگلیسی طراحی شده‌اید.

به شما یک ضرب‌المثل فارسی داده می‌شود. سپس یک پرسش دوگزینه‌ای مطرح می‌شود که در آن دو ضرب‌المثل انگلیسی ارائه شده است و از شما خواسته می‌شود تشخیص دهید کدام‌ یک از آن‌ها از نظر کاربرد و معنا بیشترین شباهت را با ضرب‌المثل فارسی داده‌شده دارد.

وظیفه‌ی شما این است که تنها یک گزینه‌ی صحیح را انتخاب کنید. پاسخ شما باید فقط شامل حرف گزینه‌ی درست (الف یا ب) باشد و هیچ متن یا توضیح اضافی ارائه نکنید.

ضرب‌المثل فارسی:
سایه‌اش را با تیر می‌زند.

سؤال:
کدام‌ یک از این دو ضرب‌المثل انگلیسی از نظر کاربرد و معنا بیشترین شباهت را با ضرب‌المثل فارسی داده‌شده دارد؟

گزینه‌ها:
الف) Coming events cast their shadows before.
ب) To hate someone's guts.","{'الف': 'Irrelevant', 'ب': 'Equivalent'}"
"شما یک مدل زبانی هستید که برای تشخیص معادل معنایی مناسب ضرب‌المثل‌های فارسی در زبان انگلیسی طراحی شده‌اید.

به شما یک ضرب‌المثل فارسی داده می‌شود. سپس یک پرسش دوگزینه‌ای مطرح می‌شود که در آن دو ضرب‌المثل انگلیسی ارائه شده است و از شما خواسته می‌شود تشخیص دهید کدام‌ یک از آن‌ها از نظر کاربرد و معنا بیشترین شباهت را با ضرب‌المثل فارسی داده‌شده دارد.

وظیفه‌ی شما این است که تنها یک گزینه‌ی صحیح را انتخاب کنید. پاسخ شما باید فقط شامل حرف گزینه‌ی درست (الف یا ب) باشد و هیچ متن یا توضیح اضافی ارائه نکنید.

ضرب‌المثل فارسی:
سبزه بر سنگ نروید، چه کند باران را.

سؤال:
کدام‌ یک از این دو ضرب‌المثل انگلیسی از نظر کاربرد و معنا بیشترین شباهت را با ضرب‌المثل فارسی داده‌شده دارد؟

گزینه‌ها:
الف) A rolling stone gathers no moss.
ب) You can't make a silk purse out of a sow's ear.","{'الف': 'Irrelevant', 'ب': 'Equivalent'}"
"شما یک مدل زبانی هستید که برای تشخیص معادل معنایی مناسب ضرب‌المثل‌های فارسی در زبان انگلیسی طراحی شده‌اید.

به شما یک ضرب‌المثل فارسی داده می‌شود. سپس یک پرسش دوگزینه‌ای مطرح می‌شود که در آن دو ضرب‌المثل انگلیسی ارائه شده است و از شما خواسته می‌شود تشخیص دهید کدام‌ یک از آن‌ها از نظر کاربرد و معنا بیشترین شباهت را با ضرب‌المثل فارسی داده‌شده دارد.

وظیفه‌ی شما این است که تنها یک گزینه‌ی صحیح را انتخاب کنید. پاسخ شما باید فقط شامل حرف گزینه‌ی درست (الف یا ب) باشد و هیچ متن یا توضیح اضافی ارائه نکنید.

ضرب‌المثل فارسی:
سبزی آش همسایه، گوشواره گوشاشه همسایه.

سؤال:
کدام‌ یک از این دو ضرب‌المثل انگلیسی از نظر کاربرد و معنا بیشترین شباهت را با ضرب‌المثل فارسی داده‌شده دارد؟

گزینه‌ها:
الف) The grass is always greener on the other side of the fence.
ب) Waste not, want not.","{'الف': 'Irrelevant', 'ب': 'Equivalent'}"
"شما یک مدل زبانی هستید که برای تشخیص معادل معنایی مناسب ضرب‌المثل‌های فارسی در زبان انگلیسی طراحی شده‌اید.

به شما یک ضرب‌المثل فارسی داده می‌شود. سپس یک پرسش دوگزینه‌ای مطرح می‌شود که در آن دو ضرب‌المثل انگلیسی ارائه شده است و از شما خواسته می‌شود تشخیص دهید کدام‌ یک از آن‌ها از نظر کاربرد و معنا بیشترین شباهت را با ضرب‌المثل فارسی داده‌شده دارد.

وظیفه‌ی شما این است که تنها یک گزینه‌ی صحیح را انتخاب کنید. پاسخ شما باید فقط شامل حرف گزینه‌ی درست (الف یا ب) باشد و هیچ متن یا توضیح اضافی ارائه نکنید.

ضرب‌المثل فارسی:
سبزی کسی را پاک کردن.

سؤال:
کدام‌ یک از این دو ضرب‌المثل انگلیسی از نظر کاربرد و معنا بیشترین شباهت را با ضرب‌المثل فارسی داده‌شده دارد؟

گزینه‌ها:
الف) To butter someone up.
ب) Many hands make light work.","{'الف': 'Equivalent', 'ب': 'Irrelevant'}"
"شما یک مدل زبانی هستید که برای تشخیص معادل معنایی مناسب ضرب‌المثل‌های فارسی در زبان انگلیسی طراحی شده‌اید.

به شما یک ضرب‌المثل فارسی داده می‌شود. سپس یک پرسش دوگزینه‌ای مطرح می‌شود که در آن دو ضرب‌المثل انگلیسی ارائه شده است و از شما خواسته می‌شود تشخیص دهید کدام‌ یک از آن‌ها از نظر کاربرد و معنا بیشترین شباهت را با ضرب‌المثل فارسی داده‌شده دارد.

وظیفه‌ی شما این است که تنها یک گزینه‌ی صحیح را انتخاب کنید. پاسخ شما باید فقط شامل حرف گزینه‌ی درست (الف یا ب) باشد و هیچ متن یا توضیح اضافی ارائه نکنید.

ضرب‌المثل فارسی:
سبیلش آویزان شد!

سؤال:
کدام‌ یک از این دو ضرب‌المثل انگلیسی از نظر کاربرد و معنا بیشترین شباهت را با ضرب‌المثل فارسی داده‌شده دارد؟

گزینه‌ها:
الف) To pull a long face.
ب) To keep a stiff upper lip.","{'الف': 'Equivalent', 'ب': 'Irrelevant'}"
"شما یک مدل زبانی هستید که برای تشخیص معادل معنایی مناسب ضرب‌المثل‌های فارسی در زبان انگلیسی طراحی شده‌اید.

به شما یک ضرب‌المثل فارسی داده می‌شود. سپس یک پرسش دوگزینه‌ای مطرح می‌شود که در آن دو ضرب‌المثل انگلیسی ارائه شده است و از شما خواسته می‌شود تشخیص دهید کدام‌ یک از آن‌ها از نظر کاربرد و معنا بیشترین شباهت را با ضرب‌المثل فارسی داده‌شده دارد.

وظیفه‌ی شما این است که تنها یک گزینه‌ی صحیح را انتخاب کنید. پاسخ شما باید فقط شامل حرف گزینه‌ی درست (الف یا ب) باشد و هیچ متن یا توضیح اضافی ارائه نکنید.

ضرب‌المثل فارسی:
سبیلش را چرب کرد!

سؤال:
کدام‌ یک از این دو ضرب‌المثل انگلیسی از نظر کاربرد و معنا بیشترین شباهت را با ضرب‌المثل فارسی داده‌شده دارد؟

گزینه‌ها:
الف) The squeaky wheel gets the grease.
ب) To grease someone's palm.","{'الف': 'Irrelevant', 'ب': 'Equivalent'}"
"شما یک مدل زبانی هستید که برای تشخیص معادل معنایی مناسب ضرب‌المثل‌های فارسی در زبان انگلیسی طراحی شده‌اید.

به شما یک ضرب‌المثل فارسی داده می‌شود. سپس یک پرسش دوگزینه‌ای مطرح می‌شود که در آن دو ضرب‌المثل انگلیسی ارائه شده است و از شما خواسته می‌شود تشخیص دهید کدام‌ یک از آن‌ها از نظر کاربرد و معنا بیشترین شباهت را با ضرب‌المثل فارسی داده‌شده دارد.

وظیفه‌ی شما این است که تنها یک گزینه‌ی صحیح را انتخاب کنید. پاسخ شما باید فقط شامل حرف گزینه‌ی درست (الف یا ب) باشد و هیچ متن یا توضیح اضافی ارائه نکنید.

ضرب‌المثل فارسی:
سبیل فلانی را دود داد.

سؤال:
کدام‌ یک از این دو ضرب‌المثل انگلیسی از نظر کاربرد و معنا بیشترین شباهت را با ضرب‌المثل فارسی داده‌شده دارد؟

گزینه‌ها:
الف) Where there's smoke, there's fire.
ب) To give someone their just deserts.","{'الف': 'Irrelevant', 'ب': 'Equivalent'}"
"شما یک مدل زبانی هستید که برای تشخیص معادل معنایی مناسب ضرب‌المثل‌های فارسی در زبان انگلیسی طراحی شده‌اید.

به شما یک ضرب‌المثل فارسی داده می‌شود. سپس یک پرسش دوگزینه‌ای مطرح می‌شود که در آن دو ضرب‌المثل انگلیسی ارائه شده است و از شما خواسته می‌شود تشخیص دهید کدام‌ یک از آن‌ها از نظر کاربرد و معنا بیشترین شباهت را با ضرب‌المثل فارسی داده‌شده دارد.

وظیفه‌ی شما این است که تنها یک گزینه‌ی صحیح را انتخاب کنید. پاسخ شما باید فقط شامل حرف گزینه‌ی درست (الف یا ب) باشد و هیچ متن یا توضیح اضافی ارائه نکنید.

ضرب‌المثل فارسی:
سپلشت آید و زن زاید و میهمان عزیزم برسد.

سؤال:
کدام‌ یک از این دو ضرب‌المثل انگلیسی از نظر کاربرد و معنا بیشترین شباهت را با ضرب‌المثل فارسی داده‌شده دارد؟

گزینه‌ها:
الف) When it rains, it pours.
ب) Fish and guests stink after three days.","{'الف': 'Equivalent', 'ب': 'Irrelevant'}"
"شما یک مدل زبانی هستید که برای تشخیص معادل معنایی مناسب ضرب‌المثل‌های فارسی در زبان انگلیسی طراحی شده‌اید.

به شما یک ضرب‌المثل فارسی داده می‌شود. سپس یک پرسش دوگزینه‌ای مطرح می‌شود که در آن دو ضرب‌المثل انگلیسی ارائه شده است و از شما خواسته می‌شود تشخیص دهید کدام‌ یک از آن‌ها از نظر کاربرد و معنا بیشترین شباهت را با ضرب‌المثل فارسی داده‌شده دارد.

وظیفه‌ی شما این است که تنها یک گزینه‌ی صحیح را انتخاب کنید. پاسخ شما باید فقط شامل حرف گزینه‌ی درست (الف یا ب) باشد و هیچ متن یا توضیح اضافی ارائه نکنید.

ضرب‌المثل فارسی:
ستاره سهیل شده.

سؤال:
کدام‌ یک از این دو ضرب‌المثل انگلیسی از نظر کاربرد و معنا بیشترین شباهت را با ضرب‌المثل فارسی داده‌شده دارد؟

گزینه‌ها:
الف) As scarce as hen's teeth.
ب) Hitch your wagon to a star.","{'الف': 'Equivalent', 'ب': 'Irrelevant'}"
"شما یک مدل زبانی هستید که برای تشخیص معادل معنایی مناسب ضرب‌المثل‌های فارسی در زبان انگلیسی طراحی شده‌اید.

به شما یک ضرب‌المثل فارسی داده می‌شود. سپس یک پرسش دوگزینه‌ای مطرح می‌شود که در آن دو ضرب‌المثل انگلیسی ارائه شده است و از شما خواسته می‌شود تشخیص دهید کدام‌ یک از آن‌ها از نظر کاربرد و معنا بیشترین شباهت را با ضرب‌المثل فارسی داده‌شده دارد.

وظیفه‌ی شما این است که تنها یک گزینه‌ی صحیح را انتخاب کنید. پاسخ شما باید فقط شامل حرف گزینه‌ی درست (الف یا ب) باشد و هیچ متن یا توضیح اضافی ارائه نکنید.

ضرب‌المثل فارسی:
سحری هم نخورم، پاک کافرم.

سؤال:
کدام‌ یک از این دو ضرب‌المثل انگلیسی از نظر کاربرد و معنا بیشترین شباهت را با ضرب‌المثل فارسی داده‌شده دارد؟

گزینه‌ها:
الف) The proof of the pudding is in the eating.
ب) Everyone wants to go to heaven, but nobody wants to die.","{'الف': 'Irrelevant', 'ب': 'Equivalent'}"
"شما یک مدل زبانی هستید که برای تشخیص معادل معنایی مناسب ضرب‌المثل‌های فارسی در زبان انگلیسی طراحی شده‌اید.

به شما یک ضرب‌المثل فارسی داده می‌شود. سپس یک پرسش دوگزینه‌ای مطرح می‌شود که در آن دو ضرب‌المثل انگلیسی ارائه شده است و از شما خواسته می‌شود تشخیص دهید کدام‌ یک از آن‌ها از نظر کاربرد و معنا بیشترین شباهت را با ضرب‌المثل فارسی داده‌شده دارد.

وظیفه‌ی شما این است که تنها یک گزینه‌ی صحیح را انتخاب کنید. پاسخ شما باید فقط شامل حرف گزینه‌ی درست (الف یا ب) باشد و هیچ متن یا توضیح اضافی ارائه نکنید.

ضرب‌المثل فارسی:
سحرخیز باش تا کامروا باشی.

سؤال:
کدام‌ یک از این دو ضرب‌المثل انگلیسی از نظر کاربرد و معنا بیشترین شباهت را با ضرب‌المثل فارسی داده‌شده دارد؟

گزینه‌ها:
الف) Red sky at morning, sailor's warning.
ب) The early bird catches the worm.","{'الف': 'Irrelevant', 'ب': 'Equivalent'}"
"شما یک مدل زبانی هستید که برای تشخیص معادل معنایی مناسب ضرب‌المثل‌های فارسی در زبان انگلیسی طراحی شده‌اید.

به شما یک ضرب‌المثل فارسی داده می‌شود. سپس یک پرسش دوگزینه‌ای مطرح می‌شود که در آن دو ضرب‌المثل انگلیسی ارائه شده است و از شما خواسته می‌شود تشخیص دهید کدام‌ یک از آن‌ها از نظر کاربرد و معنا بیشترین شباهت را با ضرب‌المثل فارسی داده‌شده دارد.

وظیفه‌ی شما این است که تنها یک گزینه‌ی صحیح را انتخاب کنید. پاسخ شما باید فقط شامل حرف گزینه‌ی درست (الف یا ب) باشد و هیچ متن یا توضیح اضافی ارائه نکنید.

ضرب‌المثل فارسی:
سخت می‌گیرد جهان بر مردمان سخت‌کوش.

سؤال:
کدام‌ یک از این دو ضرب‌المثل انگلیسی از نظر کاربرد و معنا بیشترین شباهت را با ضرب‌المثل فارسی داده‌شده دارد؟

گزینه‌ها:
الف) All work and no play makes Jack a dull boy.
ب) When the going gets tough, the tough get going.","{'الف': 'Equivalent', 'ب': 'Irrelevant'}"
"شما یک مدل زبانی هستید که برای تشخیص معادل معنایی مناسب ضرب‌المثل‌های فارسی در زبان انگلیسی طراحی شده‌اید.

به شما یک ضرب‌المثل فارسی داده می‌شود. سپس یک پرسش دوگزینه‌ای مطرح می‌شود که در آن دو ضرب‌المثل انگلیسی ارائه شده است و از شما خواسته می‌شود تشخیص دهید کدام‌ یک از آن‌ها از نظر کاربرد و معنا بیشترین شباهت را با ضرب‌المثل فارسی داده‌شده دارد.

وظیفه‌ی شما این است که تنها یک گزینه‌ی صحیح را انتخاب کنید. پاسخ شما باید فقط شامل حرف گزینه‌ی درست (الف یا ب) باشد و هیچ متن یا توضیح اضافی ارائه نکنید.

ضرب‌المثل فارسی:
سخنش تلخ نخواهی، دهنش شیرین کن.

سؤال:
کدام‌ یک از این دو ضرب‌المثل انگلیسی از نظر کاربرد و معنا بیشترین شباهت را با ضرب‌المثل فارسی داده‌شده دارد؟

گزینه‌ها:
الف) Take the bitter with the sweet.
ب) You can catch more flies with honey than with vinegar.","{'الف': 'Irrelevant', 'ب': 'Equivalent'}"
"شما یک مدل زبانی هستید که برای تشخیص معادل معنایی مناسب ضرب‌المثل‌های فارسی در زبان انگلیسی طراحی شده‌اید.

به شما یک ضرب‌المثل فارسی داده می‌شود. سپس یک پرسش دوگزینه‌ای مطرح می‌شود که در آن دو ضرب‌المثل انگلیسی ارائه شده است و از شما خواسته می‌شود تشخیص دهید کدام‌ یک از آن‌ها از نظر کاربرد و معنا بیشترین شباهت را با ضرب‌المثل فارسی داده‌شده دارد.

وظیفه‌ی شما این است که تنها یک گزینه‌ی صحیح را انتخاب کنید. پاسخ شما باید فقط شامل حرف گزینه‌ی درست (الف یا ب) باشد و هیچ متن یا توضیح اضافی ارائه نکنید.

ضرب‌المثل فارسی:
سد سکندر نباش.

سؤال:
کدام‌ یک از این دو ضرب‌المثل انگلیسی از نظر کاربرد و معنا بیشترین شباهت را با ضرب‌المثل فارسی داده‌شده دارد؟

گزینه‌ها:
الف) Rome wasn't built in a day.
ب) Don't be a stick in the mud.","{'الف': 'Irrelevant', 'ب': 'Equivalent'}"
"شما یک مدل زبانی هستید که برای تشخیص معادل معنایی مناسب ضرب‌المثل‌های فارسی در زبان انگلیسی طراحی شده‌اید.

به شما یک ضرب‌المثل فارسی داده می‌شود. سپس یک پرسش دوگزینه‌ای مطرح می‌شود که در آن دو ضرب‌المثل انگلیسی ارائه شده است و از شما خواسته می‌شود تشخیص دهید کدام‌ یک از آن‌ها از نظر کاربرد و معنا بیشترین شباهت را با ضرب‌المثل فارسی داده‌شده دارد.

وظیفه‌ی شما این است که تنها یک گزینه‌ی صحیح را انتخاب کنید. پاسخ شما باید فقط شامل حرف گزینه‌ی درست (الف یا ب) باشد و هیچ متن یا توضیح اضافی ارائه نکنید.

ضرب‌المثل فارسی:
سخن، هشت پهلو دارد.

سؤال:
کدام‌ یک از این دو ضرب‌المثل انگلیسی از نظر کاربرد و معنا بیشترین شباهت را با ضرب‌المثل فارسی داده‌شده دارد؟

گزینه‌ها:
الف) There are two sides to every story.
ب) Think before you speak.","{'الف': 'Irrelevant', 'ب': 'Equivalent'}"
"شما یک مدل زبانی هستید که برای تشخیص معادل معنایی مناسب ضرب‌المثل‌های فارسی در زبان انگلیسی طراحی شده‌اید.

به شما یک ضرب‌المثل فارسی داده می‌شود. سپس یک پرسش دوگزینه‌ای مطرح می‌شود که در آن دو ضرب‌المثل انگلیسی ارائه شده است و از شما خواسته می‌شود تشخیص دهید کدام‌ یک از آن‌ها از نظر کاربرد و معنا بیشترین شباهت را با ضرب‌المثل فارسی داده‌شده دارد.

وظیفه‌ی شما این است که تنها یک گزینه‌ی صحیح را انتخاب کنید. پاسخ شما باید فقط شامل حرف گزینه‌ی درست (الف یا ب) باشد و هیچ متن یا توضیح اضافی ارائه نکنید.

ضرب‌المثل فارسی:
سر از خودش نیست!

سؤال:
کدام‌ یک از این دو ضرب‌المثل انگلیسی از نظر کاربرد و معنا بیشترین شباهت را با ضرب‌المثل فارسی داده‌شده دارد؟

گزینه‌ها:
الف) He would give you the shirt off his back.
ب) He is out of his mind.","{'الف': 'Equivalent', 'ب': 'Irrelevant'}"
"شما یک مدل زبانی هستید که برای تشخیص معادل معنایی مناسب ضرب‌المثل‌های فارسی در زبان انگلیسی طراحی شده‌اید.

به شما یک ضرب‌المثل فارسی داده می‌شود. سپس یک پرسش دوگزینه‌ای مطرح می‌شود که در آن دو ضرب‌المثل انگلیسی ارائه شده است و از شما خواسته می‌شود تشخیص دهید کدام‌ یک از آن‌ها از نظر کاربرد و معنا بیشترین شباهت را با ضرب‌المثل فارسی داده‌شده دارد.

وظیفه‌ی شما این است که تنها یک گزینه‌ی صحیح را انتخاب کنید. پاسخ شما باید فقط شامل حرف گزینه‌ی درست (الف یا ب) باشد و هیچ متن یا توضیح اضافی ارائه نکنید.

ضرب‌المثل فارسی:
سر از ما، سنگ از شما.

سؤال:
کدام‌ یک از این دو ضرب‌المثل انگلیسی از نظر کاربرد و معنا بیشترین شباهت را با ضرب‌المثل فارسی داده‌شده دارد؟

گزینه‌ها:
الف) Your wish is my command.
ب) Two heads are better than one.","{'الف': 'Equivalent', 'ب': 'Irrelevant'}"
"شما یک مدل زبانی هستید که برای تشخیص معادل معنایی مناسب ضرب‌المثل‌های فارسی در زبان انگلیسی طراحی شده‌اید.

به شما یک ضرب‌المثل فارسی داده می‌شود. سپس یک پرسش دوگزینه‌ای مطرح می‌شود که در آن دو ضرب‌المثل انگلیسی ارائه شده است و از شما خواسته می‌شود تشخیص دهید کدام‌ یک از آن‌ها از نظر کاربرد و معنا بیشترین شباهت را با ضرب‌المثل فارسی داده‌شده دارد.

وظیفه‌ی شما این است که تنها یک گزینه‌ی صحیح را انتخاب کنید. پاسخ شما باید فقط شامل حرف گزینه‌ی درست (الف یا ب) باشد و هیچ متن یا توضیح اضافی ارائه نکنید.

ضرب‌المثل فارسی:
سر این قبر گریه نکن که مرده تویش نیست.

سؤال:
کدام‌ یک از این دو ضرب‌المثل انگلیسی از نظر کاربرد و معنا بیشترین شباهت را با ضرب‌المثل فارسی داده‌شده دارد؟

گزینه‌ها:
الف) You're flogging a dead horse.
ب) Let the dead bury their dead.","{'الف': 'Equivalent', 'ب': 'Irrelevant'}"
"شما یک مدل زبانی هستید که برای تشخیص معادل معنایی مناسب ضرب‌المثل‌های فارسی در زبان انگلیسی طراحی شده‌اید.

به شما یک ضرب‌المثل فارسی داده می‌شود. سپس یک پرسش دوگزینه‌ای مطرح می‌شود که در آن دو ضرب‌المثل انگلیسی ارائه شده است و از شما خواسته می‌شود تشخیص دهید کدام‌ یک از آن‌ها از نظر کاربرد و معنا بیشترین شباهت را با ضرب‌المثل فارسی داده‌شده دارد.

وظیفه‌ی شما این است که تنها یک گزینه‌ی صحیح را انتخاب کنید. پاسخ شما باید فقط شامل حرف گزینه‌ی درست (الف یا ب) باشد و هیچ متن یا توضیح اضافی ارائه نکنید.

ضرب‌المثل فارسی:
سرباری، ته باری را می‌برد.

سؤال:
کدام‌ یک از این دو ضرب‌المثل انگلیسی از نظر کاربرد و معنا بیشترین شباهت را با ضرب‌المثل فارسی داده‌شده دارد؟

گزینه‌ها:
الف) Well begun is half done.
ب) The last straw that breaks the camel's back.","{'الف': 'Equivalent', 'ب': 'Irrelevant'}"
"شما یک مدل زبانی هستید که برای تشخیص معادل معنایی مناسب ضرب‌المثل‌های فارسی در زبان انگلیسی طراحی شده‌اید.

به شما یک ضرب‌المثل فارسی داده می‌شود. سپس یک پرسش دوگزینه‌ای مطرح می‌شود که در آن دو ضرب‌المثل انگلیسی ارائه شده است و از شما خواسته می‌شود تشخیص دهید کدام‌ یک از آن‌ها از نظر کاربرد و معنا بیشترین شباهت را با ضرب‌المثل فارسی داده‌شده دارد.

وظیفه‌ی شما این است که تنها یک گزینه‌ی صحیح را انتخاب کنید. پاسخ شما باید فقط شامل حرف گزینه‌ی درست (الف یا ب) باشد و هیچ متن یا توضیح اضافی ارائه نکنید.

ضرب‌المثل فارسی:
سر برای کلاه دادن.

سؤال:
کدام‌ یک از این دو ضرب‌المثل انگلیسی از نظر کاربرد و معنا بیشترین شباهت را با ضرب‌المثل فارسی داده‌شده دارد؟

گزینه‌ها:
الف) To sell one's birthright for a mess of pottage.
ب) If the cap fits, wear it.","{'الف': 'Equivalent', 'ب': 'Irrelevant'}"
"شما یک مدل زبانی هستید که برای تشخیص معادل معنایی مناسب ضرب‌المثل‌های فارسی در زبان انگلیسی طراحی شده‌اید.

به شما یک ضرب‌المثل فارسی داده می‌شود. سپس یک پرسش دوگزینه‌ای مطرح می‌شود که در آن دو ضرب‌المثل انگلیسی ارائه شده است و از شما خواسته می‌شود تشخیص دهید کدام‌ یک از آن‌ها از نظر کاربرد و معنا بیشترین شباهت را با ضرب‌المثل فارسی داده‌شده دارد.

وظیفه‌ی شما این است که تنها یک گزینه‌ی صحیح را انتخاب کنید. پاسخ شما باید فقط شامل حرف گزینه‌ی درست (الف یا ب) باشد و هیچ متن یا توضیح اضافی ارائه نکنید.

ضرب‌المثل فارسی:
سر بزرگ، درد بزرگ هم دارد.

سؤال:
کدام‌ یک از این دو ضرب‌المثل انگلیسی از نظر کاربرد و معنا بیشترین شباهت را با ضرب‌المثل فارسی داده‌شده دارد؟

گزینه‌ها:
الف) Great minds think alike.
ب) Heavy is the head that wears the crown.","{'الف': 'Irrelevant', 'ب': 'Equivalent'}"
"شما یک مدل زبانی هستید که برای تشخیص معادل معنایی مناسب ضرب‌المثل‌های فارسی در زبان انگلیسی طراحی شده‌اید.

به شما یک ضرب‌المثل فارسی داده می‌شود. سپس یک پرسش دوگزینه‌ای مطرح می‌شود که در آن دو ضرب‌المثل انگلیسی ارائه شده است و از شما خواسته می‌شود تشخیص دهید کدام‌ یک از آن‌ها از نظر کاربرد و معنا بیشترین شباهت را با ضرب‌المثل فارسی داده‌شده دارد.

وظیفه‌ی شما این است که تنها یک گزینه‌ی صحیح را انتخاب کنید. پاسخ شما باید فقط شامل حرف گزینه‌ی درست (الف یا ب) باشد و هیچ متن یا توضیح اضافی ارائه نکنید.

ضرب‌المثل فارسی:
سر بشکند در چارقد، دست بشکند در آستین.

سؤال:
کدام‌ یک از این دو ضرب‌المثل انگلیسی از نظر کاربرد و معنا بیشترین شباهت را با ضرب‌المثل فارسی داده‌شده دارد؟

گزینه‌ها:
الف) Don't air your dirty laundry in public.
ب) Sticks and stones may break my bones, but words will never hurt me.","{'الف': 'Equivalent', 'ب': 'Irrelevant'}"
"شما یک مدل زبانی هستید که برای تشخیص معادل معنایی مناسب ضرب‌المثل‌های فارسی در زبان انگلیسی طراحی شده‌اید.

به شما یک ضرب‌المثل فارسی داده می‌شود. سپس یک پرسش دوگزینه‌ای مطرح می‌شود که در آن دو ضرب‌المثل انگلیسی ارائه شده است و از شما خواسته می‌شود تشخیص دهید کدام‌ یک از آن‌ها از نظر کاربرد و معنا بیشترین شباهت را با ضرب‌المثل فارسی داده‌شده دارد.

وظیفه‌ی شما این است که تنها یک گزینه‌ی صحیح را انتخاب کنید. پاسخ شما باید فقط شامل حرف گزینه‌ی درست (الف یا ب) باشد و هیچ متن یا توضیح اضافی ارائه نکنید.

ضرب‌المثل فارسی:
سر پل خر بگیری.

سؤال:
کدام‌ یک از این دو ضرب‌المثل انگلیسی از نظر کاربرد و معنا بیشترین شباهت را با ضرب‌المثل فارسی داده‌شده دارد؟

گزینه‌ها:
الف) To have someone over a barrel.
ب) Don't cross a bridge until you come to it.","{'الف': 'Equivalent', 'ب': 'Irrelevant'}"
"شما یک مدل زبانی هستید که برای تشخیص معادل معنایی مناسب ضرب‌المثل‌های فارسی در زبان انگلیسی طراحی شده‌اید.

به شما یک ضرب‌المثل فارسی داده می‌شود. سپس یک پرسش دوگزینه‌ای مطرح می‌شود که در آن دو ضرب‌المثل انگلیسی ارائه شده است و از شما خواسته می‌شود تشخیص دهید کدام‌ یک از آن‌ها از نظر کاربرد و معنا بیشترین شباهت را با ضرب‌المثل فارسی داده‌شده دارد.

وظیفه‌ی شما این است که تنها یک گزینه‌ی صحیح را انتخاب کنید. پاسخ شما باید فقط شامل حرف گزینه‌ی درست (الف یا ب) باشد و هیچ متن یا توضیح اضافی ارائه نکنید.

ضرب‌المثل فارسی:
سر پیری و داغ امیری؟

سؤال:
کدام‌ یک از این دو ضرب‌المثل انگلیسی از نظر کاربرد و معنا بیشترین شباهت را با ضرب‌المثل فارسی داده‌شده دارد؟

گزینه‌ها:
الف) Uneasy lies the head that wears a crown.
ب) There's no fool like an old fool.","{'الف': 'Irrelevant', 'ب': 'Equivalent'}"
"شما یک مدل زبانی هستید که برای تشخیص معادل معنایی مناسب ضرب‌المثل‌های فارسی در زبان انگلیسی طراحی شده‌اید.

به شما یک ضرب‌المثل فارسی داده می‌شود. سپس یک پرسش دوگزینه‌ای مطرح می‌شود که در آن دو ضرب‌المثل انگلیسی ارائه شده است و از شما خواسته می‌شود تشخیص دهید کدام‌ یک از آن‌ها از نظر کاربرد و معنا بیشترین شباهت را با ضرب‌المثل فارسی داده‌شده دارد.

وظیفه‌ی شما این است که تنها یک گزینه‌ی صحیح را انتخاب کنید. پاسخ شما باید فقط شامل حرف گزینه‌ی درست (الف یا ب) باشد و هیچ متن یا توضیح اضافی ارائه نکنید.

ضرب‌المثل فارسی:
سر پیری و معرکه‌گیری.

سؤال:
کدام‌ یک از این دو ضرب‌المثل انگلیسی از نظر کاربرد و معنا بیشترین شباهت را با ضرب‌المثل فارسی داده‌شده دارد؟

گزینه‌ها:
الف) There's no fool like an old fool.
ب) You can't teach an old dog new tricks.","{'الف': 'Equivalent', 'ب': 'Irrelevant'}"
"شما یک مدل زبانی هستید که برای تشخیص معادل معنایی مناسب ضرب‌المثل‌های فارسی در زبان انگلیسی طراحی شده‌اید.

به شما یک ضرب‌المثل فارسی داده می‌شود. سپس یک پرسش دوگزینه‌ای مطرح می‌شود که در آن دو ضرب‌المثل انگلیسی ارائه شده است و از شما خواسته می‌شود تشخیص دهید کدام‌ یک از آن‌ها از نظر کاربرد و معنا بیشترین شباهت را با ضرب‌المثل فارسی داده‌شده دارد.

وظیفه‌ی شما این است که تنها یک گزینه‌ی صحیح را انتخاب کنید. پاسخ شما باید فقط شامل حرف گزینه‌ی درست (الف یا ب) باشد و هیچ متن یا توضیح اضافی ارائه نکنید.

ضرب‌المثل فارسی:
سر تیشه‌اش بند شده.

سؤال:
کدام‌ یک از این دو ضرب‌المثل انگلیسی از نظر کاربرد و معنا بیشترین شباهت را با ضرب‌المثل فارسی داده‌شده دارد؟

گزینه‌ها:
الف) In for a penny, in for a pound.
ب) A bad workman always blames his tools.","{'الف': 'Equivalent', 'ب': 'Irrelevant'}"
"شما یک مدل زبانی هستید که برای تشخیص معادل معنایی مناسب ضرب‌المثل‌های فارسی در زبان انگلیسی طراحی شده‌اید.

به شما یک ضرب‌المثل فارسی داده می‌شود. سپس یک پرسش دوگزینه‌ای مطرح می‌شود که در آن دو ضرب‌المثل انگلیسی ارائه شده است و از شما خواسته می‌شود تشخیص دهید کدام‌ یک از آن‌ها از نظر کاربرد و معنا بیشترین شباهت را با ضرب‌المثل فارسی داده‌شده دارد.

وظیفه‌ی شما این است که تنها یک گزینه‌ی صحیح را انتخاب کنید. پاسخ شما باید فقط شامل حرف گزینه‌ی درست (الف یا ب) باشد و هیچ متن یا توضیح اضافی ارائه نکنید.

ضرب‌المثل فارسی:
سر خم می سلامت، شکند اگر سبویی.

سؤال:
کدام‌ یک از این دو ضرب‌المثل انگلیسی از نظر کاربرد و معنا بیشترین شباهت را با ضرب‌المثل فارسی داده‌شده دارد؟

گزینه‌ها:
الف) You can't make an omelette without breaking eggs.
ب) The pitcher goes so often to the well that it is broken at last.","{'الف': 'Equivalent', 'ب': 'Irrelevant'}"
"شما یک مدل زبانی هستید که برای تشخیص معادل معنایی مناسب ضرب‌المثل‌های فارسی در زبان انگلیسی طراحی شده‌اید.

به شما یک ضرب‌المثل فارسی داده می‌شود. سپس یک پرسش دوگزینه‌ای مطرح می‌شود که در آن دو ضرب‌المثل انگلیسی ارائه شده است و از شما خواسته می‌شود تشخیص دهید کدام‌ یک از آن‌ها از نظر کاربرد و معنا بیشترین شباهت را با ضرب‌المثل فارسی داده‌شده دارد.

وظیفه‌ی شما این است که تنها یک گزینه‌ی صحیح را انتخاب کنید. پاسخ شما باید فقط شامل حرف گزینه‌ی درست (الف یا ب) باشد و هیچ متن یا توضیح اضافی ارائه نکنید.

ضرب‌المثل فارسی:
سرد و گرم روزگار را چشیده.

سؤال:
کدام‌ یک از این دو ضرب‌المثل انگلیسی از نظر کاربرد و معنا بیشترین شباهت را با ضرب‌المثل فارسی داده‌شده دارد؟

گزینه‌ها:
الف) To blow hot and cold.
ب) He/She has been through thick and thin.","{'الف': 'Irrelevant', 'ب': 'Equivalent'}"
"شما یک مدل زبانی هستید که برای تشخیص معادل معنایی مناسب ضرب‌المثل‌های فارسی در زبان انگلیسی طراحی شده‌اید.

به شما یک ضرب‌المثل فارسی داده می‌شود. سپس یک پرسش دوگزینه‌ای مطرح می‌شود که در آن دو ضرب‌المثل انگلیسی ارائه شده است و از شما خواسته می‌شود تشخیص دهید کدام‌ یک از آن‌ها از نظر کاربرد و معنا بیشترین شباهت را با ضرب‌المثل فارسی داده‌شده دارد.

وظیفه‌ی شما این است که تنها یک گزینه‌ی صحیح را انتخاب کنید. پاسخ شما باید فقط شامل حرف گزینه‌ی درست (الف یا ب) باشد و هیچ متن یا توضیح اضافی ارائه نکنید.

ضرب‌المثل فارسی:
سر را کاشی می‌شکند، تاوانش را قمی می‌دهد.

سؤال:
کدام‌ یک از این دو ضرب‌المثل انگلیسی از نظر کاربرد و معنا بیشترین شباهت را با ضرب‌المثل فارسی داده‌شده دارد؟

گزینه‌ها:
الف) Rob Peter to pay Paul.
ب) The innocent must suffer for the guilty.","{'الف': 'Irrelevant', 'ب': 'Equivalent'}"
"شما یک مدل زبانی هستید که برای تشخیص معادل معنایی مناسب ضرب‌المثل‌های فارسی در زبان انگلیسی طراحی شده‌اید.

به شما یک ضرب‌المثل فارسی داده می‌شود. سپس یک پرسش دوگزینه‌ای مطرح می‌شود که در آن دو ضرب‌المثل انگلیسی ارائه شده است و از شما خواسته می‌شود تشخیص دهید کدام‌ یک از آن‌ها از نظر کاربرد و معنا بیشترین شباهت را با ضرب‌المثل فارسی داده‌شده دارد.

وظیفه‌ی شما این است که تنها یک گزینه‌ی صحیح را انتخاب کنید. پاسخ شما باید فقط شامل حرف گزینه‌ی درست (الف یا ب) باشد و هیچ متن یا توضیح اضافی ارائه نکنید.

ضرب‌المثل فارسی:
سر رشته را گم کرده.

سؤال:
کدام‌ یک از این دو ضرب‌المثل انگلیسی از نظر کاربرد و معنا بیشترین شباهت را با ضرب‌المثل فارسی داده‌شده دارد؟

گزینه‌ها:
الف) Hanging by a thread.
ب) To be all at sea.","{'الف': 'Irrelevant', 'ب': 'Equivalent'}"
"شما یک مدل زبانی هستید که برای تشخیص معادل معنایی مناسب ضرب‌المثل‌های فارسی در زبان انگلیسی طراحی شده‌اید.

به شما یک ضرب‌المثل فارسی داده می‌شود. سپس یک پرسش دوگزینه‌ای مطرح می‌شود که در آن دو ضرب‌المثل انگلیسی ارائه شده است و از شما خواسته می‌شود تشخیص دهید کدام‌ یک از آن‌ها از نظر کاربرد و معنا بیشترین شباهت را با ضرب‌المثل فارسی داده‌شده دارد.

وظیفه‌ی شما این است که تنها یک گزینه‌ی صحیح را انتخاب کنید. پاسخ شما باید فقط شامل حرف گزینه‌ی درست (الف یا ب) باشد و هیچ متن یا توضیح اضافی ارائه نکنید.

ضرب‌المثل فارسی:
سر زده وارد نشو، میکده حمام نیست!

سؤال:
کدام‌ یک از این دو ضرب‌المثل انگلیسی از نظر کاربرد و معنا بیشترین شباهت را با ضرب‌المثل فارسی داده‌شده دارد؟

گزینه‌ها:
الف) When in Rome, do as the Romans do.
ب) Don't throw the baby out with the bathwater.","{'الف': 'Equivalent', 'ب': 'Irrelevant'}"
"شما یک مدل زبانی هستید که برای تشخیص معادل معنایی مناسب ضرب‌المثل‌های فارسی در زبان انگلیسی طراحی شده‌اید.

به شما یک ضرب‌المثل فارسی داده می‌شود. سپس یک پرسش دوگزینه‌ای مطرح می‌شود که در آن دو ضرب‌المثل انگلیسی ارائه شده است و از شما خواسته می‌شود تشخیص دهید کدام‌ یک از آن‌ها از نظر کاربرد و معنا بیشترین شباهت را با ضرب‌المثل فارسی داده‌شده دارد.

وظیفه‌ی شما این است که تنها یک گزینه‌ی صحیح را انتخاب کنید. پاسخ شما باید فقط شامل حرف گزینه‌ی درست (الف یا ب) باشد و هیچ متن یا توضیح اضافی ارائه نکنید.

ضرب‌المثل فارسی:
سرش جنگ است، اما خودش دلتنگ است.

سؤال:
کدام‌ یک از این دو ضرب‌المثل انگلیسی از نظر کاربرد و معنا بیشترین شباهت را با ضرب‌المثل فارسی داده‌شده دارد؟

گزینه‌ها:
الف) All that glitters is not gold.
ب) All is fair in love and war.","{'الف': 'Equivalent', 'ب': 'Irrelevant'}"
"شما یک مدل زبانی هستید که برای تشخیص معادل معنایی مناسب ضرب‌المثل‌های فارسی در زبان انگلیسی طراحی شده‌اید.

به شما یک ضرب‌المثل فارسی داده می‌شود. سپس یک پرسش دوگزینه‌ای مطرح می‌شود که در آن دو ضرب‌المثل انگلیسی ارائه شده است و از شما خواسته می‌شود تشخیص دهید کدام‌ یک از آن‌ها از نظر کاربرد و معنا بیشترین شباهت را با ضرب‌المثل فارسی داده‌شده دارد.

وظیفه‌ی شما این است که تنها یک گزینه‌ی صحیح را انتخاب کنید. پاسخ شما باید فقط شامل حرف گزینه‌ی درست (الف یا ب) باشد و هیچ متن یا توضیح اضافی ارائه نکنید.

ضرب‌المثل فارسی:
سرش به تنش زیادی می‌کند.

سؤال:
کدام‌ یک از این دو ضرب‌المثل انگلیسی از نظر کاربرد و معنا بیشترین شباهت را با ضرب‌المثل فارسی داده‌شده دارد؟

گزینه‌ها:
الف) Two heads are better than one.
ب) He is his own worst enemy.","{'الف': 'Irrelevant', 'ب': 'Equivalent'}"
"شما یک مدل زبانی هستید که برای تشخیص معادل معنایی مناسب ضرب‌المثل‌های فارسی در زبان انگلیسی طراحی شده‌اید.

به شما یک ضرب‌المثل فارسی داده می‌شود. سپس یک پرسش دوگزینه‌ای مطرح می‌شود که در آن دو ضرب‌المثل انگلیسی ارائه شده است و از شما خواسته می‌شود تشخیص دهید کدام‌ یک از آن‌ها از نظر کاربرد و معنا بیشترین شباهت را با ضرب‌المثل فارسی داده‌شده دارد.

وظیفه‌ی شما این است که تنها یک گزینه‌ی صحیح را انتخاب کنید. پاسخ شما باید فقط شامل حرف گزینه‌ی درست (الف یا ب) باشد و هیچ متن یا توضیح اضافی ارائه نکنید.

ضرب‌المثل فارسی:
سرش به تنش می‌ارزد.

سؤال:
کدام‌ یک از این دو ضرب‌المثل انگلیسی از نظر کاربرد و معنا بیشترین شباهت را با ضرب‌المثل فارسی داده‌شده دارد؟

گزینه‌ها:
الف) He's worth his weight in gold.
ب) A sound mind in a sound body.","{'الف': 'Equivalent', 'ب': 'Irrelevant'}"
"شما یک مدل زبانی هستید که برای تشخیص معادل معنایی مناسب ضرب‌المثل‌های فارسی در زبان انگلیسی طراحی شده‌اید.

به شما یک ضرب‌المثل فارسی داده می‌شود. سپس یک پرسش دوگزینه‌ای مطرح می‌شود که در آن دو ضرب‌المثل انگلیسی ارائه شده است و از شما خواسته می‌شود تشخیص دهید کدام‌ یک از آن‌ها از نظر کاربرد و معنا بیشترین شباهت را با ضرب‌المثل فارسی داده‌شده دارد.

وظیفه‌ی شما این است که تنها یک گزینه‌ی صحیح را انتخاب کنید. پاسخ شما باید فقط شامل حرف گزینه‌ی درست (الف یا ب) باشد و هیچ متن یا توضیح اضافی ارائه نکنید.

ضرب‌المثل فارسی:
سرش به سنگ خورده!

سؤال:
کدام‌ یک از این دو ضرب‌المثل انگلیسی از نظر کاربرد و معنا بیشترین شباهت را با ضرب‌المثل فارسی داده‌شده دارد؟

گزینه‌ها:
الف) A rolling stone gathers no moss.
ب) A burnt child dreads the fire.","{'الف': 'Irrelevant', 'ب': 'Equivalent'}"
"شما یک مدل زبانی هستید که برای تشخیص معادل معنایی مناسب ضرب‌المثل‌های فارسی در زبان انگلیسی طراحی شده‌اید.

به شما یک ضرب‌المثل فارسی داده می‌شود. سپس یک پرسش دوگزینه‌ای مطرح می‌شود که در آن دو ضرب‌المثل انگلیسی ارائه شده است و از شما خواسته می‌شود تشخیص دهید کدام‌ یک از آن‌ها از نظر کاربرد و معنا بیشترین شباهت را با ضرب‌المثل فارسی داده‌شده دارد.

وظیفه‌ی شما این است که تنها یک گزینه‌ی صحیح را انتخاب کنید. پاسخ شما باید فقط شامل حرف گزینه‌ی درست (الف یا ب) باشد و هیچ متن یا توضیح اضافی ارائه نکنید.

ضرب‌المثل فارسی:
سرش توی حساب است!

سؤال:
کدام‌ یک از این دو ضرب‌المثل انگلیسی از نظر کاربرد و معنا بیشترین شباهت را با ضرب‌المثل فارسی داده‌شده دارد؟

گزینه‌ها:
الف) He has a good head on his shoulders.
ب) Two heads are better than one.","{'الف': 'Equivalent', 'ب': 'Irrelevant'}"
"شما یک مدل زبانی هستید که برای تشخیص معادل معنایی مناسب ضرب‌المثل‌های فارسی در زبان انگلیسی طراحی شده‌اید.

به شما یک ضرب‌المثل فارسی داده می‌شود. سپس یک پرسش دوگزینه‌ای مطرح می‌شود که در آن دو ضرب‌المثل انگلیسی ارائه شده است و از شما خواسته می‌شود تشخیص دهید کدام‌ یک از آن‌ها از نظر کاربرد و معنا بیشترین شباهت را با ضرب‌المثل فارسی داده‌شده دارد.

وظیفه‌ی شما این است که تنها یک گزینه‌ی صحیح را انتخاب کنید. پاسخ شما باید فقط شامل حرف گزینه‌ی درست (الف یا ب) باشد و هیچ متن یا توضیح اضافی ارائه نکنید.

ضرب‌المثل فارسی:
سرش توی لاک خودش است.

سؤال:
کدام‌ یک از این دو ضرب‌المثل انگلیسی از نظر کاربرد و معنا بیشترین شباهت را با ضرب‌المثل فارسی داده‌شده دارد؟

گزینه‌ها:
الف) He's a hard nut to crack.
ب) He keeps himself to himself.","{'الف': 'Irrelevant', 'ب': 'Equivalent'}"
"شما یک مدل زبانی هستید که برای تشخیص معادل معنایی مناسب ضرب‌المثل‌های فارسی در زبان انگلیسی طراحی شده‌اید.

به شما یک ضرب‌المثل فارسی داده می‌شود. سپس یک پرسش دوگزینه‌ای مطرح می‌شود که در آن دو ضرب‌المثل انگلیسی ارائه شده است و از شما خواسته می‌شود تشخیص دهید کدام‌ یک از آن‌ها از نظر کاربرد و معنا بیشترین شباهت را با ضرب‌المثل فارسی داده‌شده دارد.

وظیفه‌ی شما این است که تنها یک گزینه‌ی صحیح را انتخاب کنید. پاسخ شما باید فقط شامل حرف گزینه‌ی درست (الف یا ب) باشد و هیچ متن یا توضیح اضافی ارائه نکنید.

ضرب‌المثل فارسی:
سرکه مفت از عسل شیرین‌تر است.

سؤال:
کدام‌ یک از این دو ضرب‌المثل انگلیسی از نظر کاربرد و معنا بیشترین شباهت را با ضرب‌المثل فارسی داده‌شده دارد؟

گزینه‌ها:
الف) The best things in life are free.
ب) You can catch more flies with honey than with vinegar.","{'الف': 'Equivalent', 'ب': 'Irrelevant'}"
"شما یک مدل زبانی هستید که برای تشخیص معادل معنایی مناسب ضرب‌المثل‌های فارسی در زبان انگلیسی طراحی شده‌اید.

به شما یک ضرب‌المثل فارسی داده می‌شود. سپس یک پرسش دوگزینه‌ای مطرح می‌شود که در آن دو ضرب‌المثل انگلیسی ارائه شده است و از شما خواسته می‌شود تشخیص دهید کدام‌ یک از آن‌ها از نظر کاربرد و معنا بیشترین شباهت را با ضرب‌المثل فارسی داده‌شده دارد.

وظیفه‌ی شما این است که تنها یک گزینه‌ی صحیح را انتخاب کنید. پاسخ شما باید فقط شامل حرف گزینه‌ی درست (الف یا ب) باشد و هیچ متن یا توضیح اضافی ارائه نکنید.

ضرب‌المثل فارسی:
سرگنده‌اش زیر لحاف است.

سؤال:
کدام‌ یک از این دو ضرب‌المثل انگلیسی از نظر کاربرد و معنا بیشترین شباهت را با ضرب‌المثل فارسی داده‌شده دارد؟

گزینه‌ها:
الف) As you make your bed, so you must lie in it.
ب) What you don’t know can hurt you.","{'الف': 'Irrelevant', 'ب': 'Equivalent'}"
"شما یک مدل زبانی هستید که برای تشخیص معادل معنایی مناسب ضرب‌المثل‌های فارسی در زبان انگلیسی طراحی شده‌اید.

به شما یک ضرب‌المثل فارسی داده می‌شود. سپس یک پرسش دوگزینه‌ای مطرح می‌شود که در آن دو ضرب‌المثل انگلیسی ارائه شده است و از شما خواسته می‌شود تشخیص دهید کدام‌ یک از آن‌ها از نظر کاربرد و معنا بیشترین شباهت را با ضرب‌المثل فارسی داده‌شده دارد.

وظیفه‌ی شما این است که تنها یک گزینه‌ی صحیح را انتخاب کنید. پاسخ شما باید فقط شامل حرف گزینه‌ی درست (الف یا ب) باشد و هیچ متن یا توضیح اضافی ارائه نکنید.

ضرب‌المثل فارسی:
سرگور غریب، آن قدر گریه کن که کور نشوی.

سؤال:
کدام‌ یک از این دو ضرب‌المثل انگلیسی از نظر کاربرد و معنا بیشترین شباهت را با ضرب‌المثل فارسی داده‌شده دارد؟

گزینه‌ها:
الف) Don't carry the world on your shoulders.
ب) In the land of the blind, the one-eyed man is king.","{'الف': 'Equivalent', 'ب': 'Irrelevant'}"
"شما یک مدل زبانی هستید که برای تشخیص معادل معنایی مناسب ضرب‌المثل‌های فارسی در زبان انگلیسی طراحی شده‌اید.

به شما یک ضرب‌المثل فارسی داده می‌شود. سپس یک پرسش دوگزینه‌ای مطرح می‌شود که در آن دو ضرب‌المثل انگلیسی ارائه شده است و از شما خواسته می‌شود تشخیص دهید کدام‌ یک از آن‌ها از نظر کاربرد و معنا بیشترین شباهت را با ضرب‌المثل فارسی داده‌شده دارد.

وظیفه‌ی شما این است که تنها یک گزینه‌ی صحیح را انتخاب کنید. پاسخ شما باید فقط شامل حرف گزینه‌ی درست (الف یا ب) باشد و هیچ متن یا توضیح اضافی ارائه نکنید.

ضرب‌المثل فارسی:
سر ما نداری، سر خویش گیر.

سؤال:
کدام‌ یک از این دو ضرب‌المثل انگلیسی از نظر کاربرد و معنا بیشترین شباهت را با ضرب‌المثل فارسی داده‌شده دارد؟

گزینه‌ها:
الف) Two heads are better than one.
ب) Love it or leave it.","{'الف': 'Irrelevant', 'ب': 'Equivalent'}"
"شما یک مدل زبانی هستید که برای تشخیص معادل معنایی مناسب ضرب‌المثل‌های فارسی در زبان انگلیسی طراحی شده‌اید.

به شما یک ضرب‌المثل فارسی داده می‌شود. سپس یک پرسش دوگزینه‌ای مطرح می‌شود که در آن دو ضرب‌المثل انگلیسی ارائه شده است و از شما خواسته می‌شود تشخیص دهید کدام‌ یک از آن‌ها از نظر کاربرد و معنا بیشترین شباهت را با ضرب‌المثل فارسی داده‌شده دارد.

وظیفه‌ی شما این است که تنها یک گزینه‌ی صحیح را انتخاب کنید. پاسخ شما باید فقط شامل حرف گزینه‌ی درست (الف یا ب) باشد و هیچ متن یا توضیح اضافی ارائه نکنید.

ضرب‌المثل فارسی:
سرمای ما را قاضی همدان می‌خورد.

سؤال:
کدام‌ یک از این دو ضرب‌المثل انگلیسی از نظر کاربرد و معنا بیشترین شباهت را با ضرب‌المثل فارسی داده‌شده دارد؟

گزینه‌ها:
الف) Revenge is a dish best served cold.
ب) The higher you climb, the harder you fall.","{'الف': 'Irrelevant', 'ب': 'Equivalent'}"
"شما یک مدل زبانی هستید که برای تشخیص معادل معنایی مناسب ضرب‌المثل‌های فارسی در زبان انگلیسی طراحی شده‌اید.

به شما یک ضرب‌المثل فارسی داده می‌شود. سپس یک پرسش دوگزینه‌ای مطرح می‌شود که در آن دو ضرب‌المثل انگلیسی ارائه شده است و از شما خواسته می‌شود تشخیص دهید کدام‌ یک از آن‌ها از نظر کاربرد و معنا بیشترین شباهت را با ضرب‌المثل فارسی داده‌شده دارد.

وظیفه‌ی شما این است که تنها یک گزینه‌ی صحیح را انتخاب کنید. پاسخ شما باید فقط شامل حرف گزینه‌ی درست (الف یا ب) باشد و هیچ متن یا توضیح اضافی ارائه نکنید.

ضرب‌المثل فارسی:
سرم را بشکن، نرخَم را نشکن.

سؤال:
کدام‌ یک از این دو ضرب‌المثل انگلیسی از نظر کاربرد و معنا بیشترین شباهت را با ضرب‌المثل فارسی داده‌شده دارد؟

گزینه‌ها:
الف) Sticks and stones may break my bones, but words will never hurt me.
ب) Better die with honor than live with shame.","{'الف': 'Irrelevant', 'ب': 'Equivalent'}"
"شما یک مدل زبانی هستید که برای تشخیص معادل معنایی مناسب ضرب‌المثل‌های فارسی در زبان انگلیسی طراحی شده‌اید.

به شما یک ضرب‌المثل فارسی داده می‌شود. سپس یک پرسش دوگزینه‌ای مطرح می‌شود که در آن دو ضرب‌المثل انگلیسی ارائه شده است و از شما خواسته می‌شود تشخیص دهید کدام‌ یک از آن‌ها از نظر کاربرد و معنا بیشترین شباهت را با ضرب‌المثل فارسی داده‌شده دارد.

وظیفه‌ی شما این است که تنها یک گزینه‌ی صحیح را انتخاب کنید. پاسخ شما باید فقط شامل حرف گزینه‌ی درست (الف یا ب) باشد و هیچ متن یا توضیح اضافی ارائه نکنید.

ضرب‌المثل فارسی:
سُرمه را از چشم می‌دُزدد.

سؤال:
کدام‌ یک از این دو ضرب‌المثل انگلیسی از نظر کاربرد و معنا بیشترین شباهت را با ضرب‌المثل فارسی داده‌شده دارد؟

گزینه‌ها:
الف) An eye for an eye, a tooth for a tooth.
ب) He could steal the pennies off a dead man's eyes.","{'الف': 'Irrelevant', 'ب': 'Equivalent'}"
"شما یک مدل زبانی هستید که برای تشخیص معادل معنایی مناسب ضرب‌المثل‌های فارسی در زبان انگلیسی طراحی شده‌اید.

به شما یک ضرب‌المثل فارسی داده می‌شود. سپس یک پرسش دوگزینه‌ای مطرح می‌شود که در آن دو ضرب‌المثل انگلیسی ارائه شده است و از شما خواسته می‌شود تشخیص دهید کدام‌ یک از آن‌ها از نظر کاربرد و معنا بیشترین شباهت را با ضرب‌المثل فارسی داده‌شده دارد.

وظیفه‌ی شما این است که تنها یک گزینه‌ی صحیح را انتخاب کنید. پاسخ شما باید فقط شامل حرف گزینه‌ی درست (الف یا ب) باشد و هیچ متن یا توضیح اضافی ارائه نکنید.

ضرب‌المثل فارسی:
سرنا چی کم بود، یکی هم از غوغه آمد.

سؤال:
کدام‌ یک از این دو ضرب‌المثل انگلیسی از نظر کاربرد و معنا بیشترین شباهت را با ضرب‌المثل فارسی داده‌شده دارد؟

گزینه‌ها:
الف) When it rains, it pours.
ب) Too many cooks spoil the broth.","{'الف': 'Equivalent', 'ب': 'Irrelevant'}"
"شما یک مدل زبانی هستید که برای تشخیص معادل معنایی مناسب ضرب‌المثل‌های فارسی در زبان انگلیسی طراحی شده‌اید.

به شما یک ضرب‌المثل فارسی داده می‌شود. سپس یک پرسش دوگزینه‌ای مطرح می‌شود که در آن دو ضرب‌المثل انگلیسی ارائه شده است و از شما خواسته می‌شود تشخیص دهید کدام‌ یک از آن‌ها از نظر کاربرد و معنا بیشترین شباهت را با ضرب‌المثل فارسی داده‌شده دارد.

وظیفه‌ی شما این است که تنها یک گزینه‌ی صحیح را انتخاب کنید. پاسخ شما باید فقط شامل حرف گزینه‌ی درست (الف یا ب) باشد و هیچ متن یا توضیح اضافی ارائه نکنید.

ضرب‌المثل فارسی:
سرنا را از سر گشادش می‌زند.

سؤال:
کدام‌ یک از این دو ضرب‌المثل انگلیسی از نظر کاربرد و معنا بیشترین شباهت را با ضرب‌المثل فارسی داده‌شده دارد؟

گزینه‌ها:
الف) To put the cart before the horse.
ب) To blow one's own trumpet.","{'الف': 'Equivalent', 'ب': 'Irrelevant'}"
"شما یک مدل زبانی هستید که برای تشخیص معادل معنایی مناسب ضرب‌المثل‌های فارسی در زبان انگلیسی طراحی شده‌اید.

به شما یک ضرب‌المثل فارسی داده می‌شود. سپس یک پرسش دوگزینه‌ای مطرح می‌شود که در آن دو ضرب‌المثل انگلیسی ارائه شده است و از شما خواسته می‌شود تشخیص دهید کدام‌ یک از آن‌ها از نظر کاربرد و معنا بیشترین شباهت را با ضرب‌المثل فارسی داده‌شده دارد.

وظیفه‌ی شما این است که تنها یک گزینه‌ی صحیح را انتخاب کنید. پاسخ شما باید فقط شامل حرف گزینه‌ی درست (الف یا ب) باشد و هیچ متن یا توضیح اضافی ارائه نکنید.

ضرب‌المثل فارسی:
سرنیزه به دماغش نمی‌رسد.

سؤال:
کدام‌ یک از این دو ضرب‌المثل انگلیسی از نظر کاربرد و معنا بیشترین شباهت را با ضرب‌المثل فارسی داده‌شده دارد؟

گزینه‌ها:
الف) To cut off one's nose to spite one's face.
ب) To have one's nose in the air.","{'الف': 'Irrelevant', 'ب': 'Equivalent'}"
"شما یک مدل زبانی هستید که برای تشخیص معادل معنایی مناسب ضرب‌المثل‌های فارسی در زبان انگلیسی طراحی شده‌اید.

به شما یک ضرب‌المثل فارسی داده می‌شود. سپس یک پرسش دوگزینه‌ای مطرح می‌شود که در آن دو ضرب‌المثل انگلیسی ارائه شده است و از شما خواسته می‌شود تشخیص دهید کدام‌ یک از آن‌ها از نظر کاربرد و معنا بیشترین شباهت را با ضرب‌المثل فارسی داده‌شده دارد.

وظیفه‌ی شما این است که تنها یک گزینه‌ی صحیح را انتخاب کنید. پاسخ شما باید فقط شامل حرف گزینه‌ی درست (الف یا ب) باشد و هیچ متن یا توضیح اضافی ارائه نکنید.

ضرب‌المثل فارسی:
سروته کاری را به هم آوردن.

سؤال:
کدام‌ یک از این دو ضرب‌المثل انگلیسی از نظر کاربرد و معنا بیشترین شباهت را با ضرب‌المثل فارسی داده‌شده دارد؟

گزینه‌ها:
الف) To cut corners.
ب) Can't make head or tail of it.","{'الف': 'Equivalent', 'ب': 'Irrelevant'}"
"شما یک مدل زبانی هستید که برای تشخیص معادل معنایی مناسب ضرب‌المثل‌های فارسی در زبان انگلیسی طراحی شده‌اید.

به شما یک ضرب‌المثل فارسی داده می‌شود. سپس یک پرسش دوگزینه‌ای مطرح می‌شود که در آن دو ضرب‌المثل انگلیسی ارائه شده است و از شما خواسته می‌شود تشخیص دهید کدام‌ یک از آن‌ها از نظر کاربرد و معنا بیشترین شباهت را با ضرب‌المثل فارسی داده‌شده دارد.

وظیفه‌ی شما این است که تنها یک گزینه‌ی صحیح را انتخاب کنید. پاسخ شما باید فقط شامل حرف گزینه‌ی درست (الف یا ب) باشد و هیچ متن یا توضیح اضافی ارائه نکنید.

ضرب‌المثل فارسی:
سر و ته یک کرباسند.

سؤال:
کدام‌ یک از این دو ضرب‌المثل انگلیسی از نظر کاربرد و معنا بیشترین شباهت را با ضرب‌المثل فارسی داده‌شده دارد؟

گزینه‌ها:
الف) Cut from the same cloth.
ب) A stitch in time saves nine.","{'الف': 'Equivalent', 'ب': 'Irrelevant'}"
"شما یک مدل زبانی هستید که برای تشخیص معادل معنایی مناسب ضرب‌المثل‌های فارسی در زبان انگلیسی طراحی شده‌اید.

به شما یک ضرب‌المثل فارسی داده می‌شود. سپس یک پرسش دوگزینه‌ای مطرح می‌شود که در آن دو ضرب‌المثل انگلیسی ارائه شده است و از شما خواسته می‌شود تشخیص دهید کدام‌ یک از آن‌ها از نظر کاربرد و معنا بیشترین شباهت را با ضرب‌المثل فارسی داده‌شده دارد.

وظیفه‌ی شما این است که تنها یک گزینه‌ی صحیح را انتخاب کنید. پاسخ شما باید فقط شامل حرف گزینه‌ی درست (الف یا ب) باشد و هیچ متن یا توضیح اضافی ارائه نکنید.

ضرب‌المثل فارسی:
سری برایت ببرم مثل دسته گل!

سؤال:
کدام‌ یک از این دو ضرب‌المثل انگلیسی از نظر کاربرد و معنا بیشترین شباهت را با ضرب‌المثل فارسی داده‌شده دارد؟

گزینه‌ها:
الف) Every rose has its thorn.
ب) An iron fist in a velvet glove.","{'الف': 'Irrelevant', 'ب': 'Equivalent'}"
"شما یک مدل زبانی هستید که برای تشخیص معادل معنایی مناسب ضرب‌المثل‌های فارسی در زبان انگلیسی طراحی شده‌اید.

به شما یک ضرب‌المثل فارسی داده می‌شود. سپس یک پرسش دوگزینه‌ای مطرح می‌شود که در آن دو ضرب‌المثل انگلیسی ارائه شده است و از شما خواسته می‌شود تشخیص دهید کدام‌ یک از آن‌ها از نظر کاربرد و معنا بیشترین شباهت را با ضرب‌المثل فارسی داده‌شده دارد.

وظیفه‌ی شما این است که تنها یک گزینه‌ی صحیح را انتخاب کنید. پاسخ شما باید فقط شامل حرف گزینه‌ی درست (الف یا ب) باشد و هیچ متن یا توضیح اضافی ارائه نکنید.

ضرب‌المثل فارسی:
سری را که درد نمی‌کند، دستمال نمی‌بندند.

سؤال:
کدام‌ یک از این دو ضرب‌المثل انگلیسی از نظر کاربرد و معنا بیشترین شباهت را با ضرب‌المثل فارسی داده‌شده دارد؟

گزینه‌ها:
الف) Two heads are better than one.
ب) If it ain't broke, don't fix it.","{'الف': 'Irrelevant', 'ب': 'Equivalent'}"
"شما یک مدل زبانی هستید که برای تشخیص معادل معنایی مناسب ضرب‌المثل‌های فارسی در زبان انگلیسی طراحی شده‌اید.

به شما یک ضرب‌المثل فارسی داده می‌شود. سپس یک پرسش دوگزینه‌ای مطرح می‌شود که در آن دو ضرب‌المثل انگلیسی ارائه شده است و از شما خواسته می‌شود تشخیص دهید کدام‌ یک از آن‌ها از نظر کاربرد و معنا بیشترین شباهت را با ضرب‌المثل فارسی داده‌شده دارد.

وظیفه‌ی شما این است که تنها یک گزینه‌ی صحیح را انتخاب کنید. پاسخ شما باید فقط شامل حرف گزینه‌ی درست (الف یا ب) باشد و هیچ متن یا توضیح اضافی ارائه نکنید.

ضرب‌المثل فارسی:
سزای نیکی بدی است؟!

سؤال:
کدام‌ یک از این دو ضرب‌المثل انگلیسی از نظر کاربرد و معنا بیشترین شباهت را با ضرب‌المثل فارسی داده‌شده دارد؟

گزینه‌ها:
الف) No good deed goes unpunished.
ب) One good turn deserves another.","{'الف': 'Equivalent', 'ب': 'Irrelevant'}"
"شما یک مدل زبانی هستید که برای تشخیص معادل معنایی مناسب ضرب‌المثل‌های فارسی در زبان انگلیسی طراحی شده‌اید.

به شما یک ضرب‌المثل فارسی داده می‌شود. سپس یک پرسش دوگزینه‌ای مطرح می‌شود که در آن دو ضرب‌المثل انگلیسی ارائه شده است و از شما خواسته می‌شود تشخیص دهید کدام‌ یک از آن‌ها از نظر کاربرد و معنا بیشترین شباهت را با ضرب‌المثل فارسی داده‌شده دارد.

وظیفه‌ی شما این است که تنها یک گزینه‌ی صحیح را انتخاب کنید. پاسخ شما باید فقط شامل حرف گزینه‌ی درست (الف یا ب) باشد و هیچ متن یا توضیح اضافی ارائه نکنید.

ضرب‌المثل فارسی:
سفره‌اش مثل آشپزخانه امام رضا است.

سؤال:
کدام‌ یک از این دو ضرب‌المثل انگلیسی از نظر کاربرد و معنا بیشترین شباهت را با ضرب‌المثل فارسی داده‌شده دارد؟

گزینه‌ها:
الف) Too many cooks spoil the broth.
ب) Many are called, but few are chosen.","{'الف': 'Irrelevant', 'ب': 'Equivalent'}"
"شما یک مدل زبانی هستید که برای تشخیص معادل معنایی مناسب ضرب‌المثل‌های فارسی در زبان انگلیسی طراحی شده‌اید.

به شما یک ضرب‌المثل فارسی داده می‌شود. سپس یک پرسش دوگزینه‌ای مطرح می‌شود که در آن دو ضرب‌المثل انگلیسی ارائه شده است و از شما خواسته می‌شود تشخیص دهید کدام‌ یک از آن‌ها از نظر کاربرد و معنا بیشترین شباهت را با ضرب‌المثل فارسی داده‌شده دارد.

وظیفه‌ی شما این است که تنها یک گزینه‌ی صحیح را انتخاب کنید. پاسخ شما باید فقط شامل حرف گزینه‌ی درست (الف یا ب) باشد و هیچ متن یا توضیح اضافی ارائه نکنید.

ضرب‌المثل فارسی:
سفره دلش را پیش همه باز می‌کند.

سؤال:
کدام‌ یک از این دو ضرب‌المثل انگلیسی از نظر کاربرد و معنا بیشترین شباهت را با ضرب‌المثل فارسی داده‌شده دارد؟

گزینه‌ها:
الف) To wear one's heart on one's sleeve.
ب) The way to a man's heart is through his stomach.","{'الف': 'Equivalent', 'ب': 'Irrelevant'}"
"شما یک مدل زبانی هستید که برای تشخیص معادل معنایی مناسب ضرب‌المثل‌های فارسی در زبان انگلیسی طراحی شده‌اید.

به شما یک ضرب‌المثل فارسی داده می‌شود. سپس یک پرسش دوگزینه‌ای مطرح می‌شود که در آن دو ضرب‌المثل انگلیسی ارائه شده است و از شما خواسته می‌شود تشخیص دهید کدام‌ یک از آن‌ها از نظر کاربرد و معنا بیشترین شباهت را با ضرب‌المثل فارسی داده‌شده دارد.

وظیفه‌ی شما این است که تنها یک گزینه‌ی صحیح را انتخاب کنید. پاسخ شما باید فقط شامل حرف گزینه‌ی درست (الف یا ب) باشد و هیچ متن یا توضیح اضافی ارائه نکنید.

ضرب‌المثل فارسی:
سفره نینداخته، بوی مشک می‌دهد.

سؤال:
کدام‌ یک از این دو ضرب‌المثل انگلیسی از نظر کاربرد و معنا بیشترین شباهت را با ضرب‌المثل فارسی داده‌شده دارد؟

گزینه‌ها:
الف) Too many cooks spoil the broth.
ب) Don't count your chickens before they hatch.","{'الف': 'Irrelevant', 'ب': 'Equivalent'}"
"شما یک مدل زبانی هستید که برای تشخیص معادل معنایی مناسب ضرب‌المثل‌های فارسی در زبان انگلیسی طراحی شده‌اید.

به شما یک ضرب‌المثل فارسی داده می‌شود. سپس یک پرسش دوگزینه‌ای مطرح می‌شود که در آن دو ضرب‌المثل انگلیسی ارائه شده است و از شما خواسته می‌شود تشخیص دهید کدام‌ یک از آن‌ها از نظر کاربرد و معنا بیشترین شباهت را با ضرب‌المثل فارسی داده‌شده دارد.

وظیفه‌ی شما این است که تنها یک گزینه‌ی صحیح را انتخاب کنید. پاسخ شما باید فقط شامل حرف گزینه‌ی درست (الف یا ب) باشد و هیچ متن یا توضیح اضافی ارائه نکنید.

ضرب‌المثل فارسی:
سفره نینداخته، یک عیب دارد، سفره انداخته، هزار عیب.

سؤال:
کدام‌ یک از این دو ضرب‌المثل انگلیسی از نظر کاربرد و معنا بیشترین شباهت را با ضرب‌المثل فارسی داده‌شده دارد؟

گزینه‌ها:
الف) The proof of the pudding is in the eating.
ب) Too many cooks spoil the broth.","{'الف': 'Equivalent', 'ب': 'Irrelevant'}"
"شما یک مدل زبانی هستید که برای تشخیص معادل معنایی مناسب ضرب‌المثل‌های فارسی در زبان انگلیسی طراحی شده‌اید.

به شما یک ضرب‌المثل فارسی داده می‌شود. سپس یک پرسش دوگزینه‌ای مطرح می‌شود که در آن دو ضرب‌المثل انگلیسی ارائه شده است و از شما خواسته می‌شود تشخیص دهید کدام‌ یک از آن‌ها از نظر کاربرد و معنا بیشترین شباهت را با ضرب‌المثل فارسی داده‌شده دارد.

وظیفه‌ی شما این است که تنها یک گزینه‌ی صحیح را انتخاب کنید. پاسخ شما باید فقط شامل حرف گزینه‌ی درست (الف یا ب) باشد و هیچ متن یا توضیح اضافی ارائه نکنید.

ضرب‌المثل فارسی:
سقای زمستان و آهنگر تابستان بودن.

سؤال:
کدام‌ یک از این دو ضرب‌المثل انگلیسی از نظر کاربرد و معنا بیشترین شباهت را با ضرب‌المثل فارسی داده‌شده دارد؟

گزینه‌ها:
الف) The game is not worth the candle.
ب) Strike while the iron is hot.","{'الف': 'Equivalent', 'ب': 'Irrelevant'}"
"شما یک مدل زبانی هستید که برای تشخیص معادل معنایی مناسب ضرب‌المثل‌های فارسی در زبان انگلیسی طراحی شده‌اید.

به شما یک ضرب‌المثل فارسی داده می‌شود. سپس یک پرسش دوگزینه‌ای مطرح می‌شود که در آن دو ضرب‌المثل انگلیسی ارائه شده است و از شما خواسته می‌شود تشخیص دهید کدام‌ یک از آن‌ها از نظر کاربرد و معنا بیشترین شباهت را با ضرب‌المثل فارسی داده‌شده دارد.

وظیفه‌ی شما این است که تنها یک گزینه‌ی صحیح را انتخاب کنید. پاسخ شما باید فقط شامل حرف گزینه‌ی درست (الف یا ب) باشد و هیچ متن یا توضیح اضافی ارائه نکنید.

ضرب‌المثل فارسی:
سکه جن است و بنده بسم الله!

سؤال:
کدام‌ یک از این دو ضرب‌المثل انگلیسی از نظر کاربرد و معنا بیشترین شباهت را با ضرب‌المثل فارسی داده‌شده دارد؟

گزینه‌ها:
الف) Speak of the devil and he doth appear.
ب) I don't have two pennies to rub together.","{'الف': 'Irrelevant', 'ب': 'Equivalent'}"
"شما یک مدل زبانی هستید که برای تشخیص معادل معنایی مناسب ضرب‌المثل‌های فارسی در زبان انگلیسی طراحی شده‌اید.

به شما یک ضرب‌المثل فارسی داده می‌شود. سپس یک پرسش دوگزینه‌ای مطرح می‌شود که در آن دو ضرب‌المثل انگلیسی ارائه شده است و از شما خواسته می‌شود تشخیص دهید کدام‌ یک از آن‌ها از نظر کاربرد و معنا بیشترین شباهت را با ضرب‌المثل فارسی داده‌شده دارد.

وظیفه‌ی شما این است که تنها یک گزینه‌ی صحیح را انتخاب کنید. پاسخ شما باید فقط شامل حرف گزینه‌ی درست (الف یا ب) باشد و هیچ متن یا توضیح اضافی ارائه نکنید.

ضرب‌المثل فارسی:
سگ از دکان آهنگر چه خواهد برد؟!

سؤال:
کدام‌ یک از این دو ضرب‌المثل انگلیسی از نظر کاربرد و معنا بیشترین شباهت را با ضرب‌المثل فارسی داده‌شده دارد؟

گزینه‌ها:
الف) A bad workman always blames his tools.
ب) You can't get blood from a stone.","{'الف': 'Irrelevant', 'ب': 'Equivalent'}"
"شما یک مدل زبانی هستید که برای تشخیص معادل معنایی مناسب ضرب‌المثل‌های فارسی در زبان انگلیسی طراحی شده‌اید.

به شما یک ضرب‌المثل فارسی داده می‌شود. سپس یک پرسش دوگزینه‌ای مطرح می‌شود که در آن دو ضرب‌المثل انگلیسی ارائه شده است و از شما خواسته می‌شود تشخیص دهید کدام‌ یک از آن‌ها از نظر کاربرد و معنا بیشترین شباهت را با ضرب‌المثل فارسی داده‌شده دارد.

وظیفه‌ی شما این است که تنها یک گزینه‌ی صحیح را انتخاب کنید. پاسخ شما باید فقط شامل حرف گزینه‌ی درست (الف یا ب) باشد و هیچ متن یا توضیح اضافی ارائه نکنید.

ضرب‌المثل فارسی:
سگ بخورد، پیشواز از گرگ می‌رود.

سؤال:
کدام‌ یک از این دو ضرب‌المثل انگلیسی از نظر کاربرد و معنا بیشترین شباهت را با ضرب‌المثل فارسی داده‌شده دارد؟

گزینه‌ها:
الف) Throw someone to the wolves.
ب) God sends meat, and the Devil sends cooks.","{'الف': 'Irrelevant', 'ب': 'Equivalent'}"
"شما یک مدل زبانی هستید که برای تشخیص معادل معنایی مناسب ضرب‌المثل‌های فارسی در زبان انگلیسی طراحی شده‌اید.

به شما یک ضرب‌المثل فارسی داده می‌شود. سپس یک پرسش دوگزینه‌ای مطرح می‌شود که در آن دو ضرب‌المثل انگلیسی ارائه شده است و از شما خواسته می‌شود تشخیص دهید کدام‌ یک از آن‌ها از نظر کاربرد و معنا بیشترین شباهت را با ضرب‌المثل فارسی داده‌شده دارد.

وظیفه‌ی شما این است که تنها یک گزینه‌ی صحیح را انتخاب کنید. پاسخ شما باید فقط شامل حرف گزینه‌ی درست (الف یا ب) باشد و هیچ متن یا توضیح اضافی ارائه نکنید.

ضرب‌المثل فارسی:
سگ پاچه صاحب خودش را نمی‌گیرد.

سؤال:
کدام‌ یک از این دو ضرب‌المثل انگلیسی از نظر کاربرد و معنا بیشترین شباهت را با ضرب‌المثل فارسی داده‌شده دارد؟

گزینه‌ها:
الف) Don't bite the hand that feeds you.
ب) His bark is worse than his bite.","{'الف': 'Equivalent', 'ب': 'Irrelevant'}"
"شما یک مدل زبانی هستید که برای تشخیص معادل معنایی مناسب ضرب‌المثل‌های فارسی در زبان انگلیسی طراحی شده‌اید.

به شما یک ضرب‌المثل فارسی داده می‌شود. سپس یک پرسش دوگزینه‌ای مطرح می‌شود که در آن دو ضرب‌المثل انگلیسی ارائه شده است و از شما خواسته می‌شود تشخیص دهید کدام‌ یک از آن‌ها از نظر کاربرد و معنا بیشترین شباهت را با ضرب‌المثل فارسی داده‌شده دارد.

وظیفه‌ی شما این است که تنها یک گزینه‌ی صحیح را انتخاب کنید. پاسخ شما باید فقط شامل حرف گزینه‌ی درست (الف یا ب) باشد و هیچ متن یا توضیح اضافی ارائه نکنید.

ضرب‌المثل فارسی:
شاخ غول را شکسته!

سؤال:
کدام‌ یک از این دو ضرب‌المثل انگلیسی از نظر کاربرد و معنا بیشترین شباهت را با ضرب‌المثل فارسی داده‌شده دارد؟

گزینه‌ها:
الف) To take the bull by the horns.
ب) To move mountains.","{'الف': 'Irrelevant', 'ب': 'Equivalent'}"
"شما یک مدل زبانی هستید که برای تشخیص معادل معنایی مناسب ضرب‌المثل‌های فارسی در زبان انگلیسی طراحی شده‌اید.

به شما یک ضرب‌المثل فارسی داده می‌شود. سپس یک پرسش دوگزینه‌ای مطرح می‌شود که در آن دو ضرب‌المثل انگلیسی ارائه شده است و از شما خواسته می‌شود تشخیص دهید کدام‌ یک از آن‌ها از نظر کاربرد و معنا بیشترین شباهت را با ضرب‌المثل فارسی داده‌شده دارد.

وظیفه‌ی شما این است که تنها یک گزینه‌ی صحیح را انتخاب کنید. پاسخ شما باید فقط شامل حرف گزینه‌ی درست (الف یا ب) باشد و هیچ متن یا توضیح اضافی ارائه نکنید.

ضرب‌المثل فارسی:
شاخ گل هر جا که می‌روید، گل است.

سؤال:
کدام‌ یک از این دو ضرب‌المثل انگلیسی از نظر کاربرد و معنا بیشترین شباهت را با ضرب‌المثل فارسی داده‌شده دارد؟

گزینه‌ها:
الف) Every rose has its thorn.
ب) A rose by any other name would smell as sweet.","{'الف': 'Irrelevant', 'ب': 'Equivalent'}"
"شما یک مدل زبانی هستید که برای تشخیص معادل معنایی مناسب ضرب‌المثل‌های فارسی در زبان انگلیسی طراحی شده‌اید.

به شما یک ضرب‌المثل فارسی داده می‌شود. سپس یک پرسش دوگزینه‌ای مطرح می‌شود که در آن دو ضرب‌المثل انگلیسی ارائه شده است و از شما خواسته می‌شود تشخیص دهید کدام‌ یک از آن‌ها از نظر کاربرد و معنا بیشترین شباهت را با ضرب‌المثل فارسی داده‌شده دارد.

وظیفه‌ی شما این است که تنها یک گزینه‌ی صحیح را انتخاب کنید. پاسخ شما باید فقط شامل حرف گزینه‌ی درست (الف یا ب) باشد و هیچ متن یا توضیح اضافی ارائه نکنید.

ضرب‌المثل فارسی:
شاخه‌ای که بلند شد، تبر می‌خورد.

سؤال:
کدام‌ یک از این دو ضرب‌المثل انگلیسی از نظر کاربرد و معنا بیشترین شباهت را با ضرب‌المثل فارسی داده‌شده دارد؟

گزینه‌ها:
الف) Pride comes before a fall.
ب) Let the chips fall where they may.","{'الف': 'Equivalent', 'ب': 'Irrelevant'}"
"شما یک مدل زبانی هستید که برای تشخیص معادل معنایی مناسب ضرب‌المثل‌های فارسی در زبان انگلیسی طراحی شده‌اید.

به شما یک ضرب‌المثل فارسی داده می‌شود. سپس یک پرسش دوگزینه‌ای مطرح می‌شود که در آن دو ضرب‌المثل انگلیسی ارائه شده است و از شما خواسته می‌شود تشخیص دهید کدام‌ یک از آن‌ها از نظر کاربرد و معنا بیشترین شباهت را با ضرب‌المثل فارسی داده‌شده دارد.

وظیفه‌ی شما این است که تنها یک گزینه‌ی صحیح را انتخاب کنید. پاسخ شما باید فقط شامل حرف گزینه‌ی درست (الف یا ب) باشد و هیچ متن یا توضیح اضافی ارائه نکنید.

ضرب‌المثل فارسی:
شادی بی‌غم در این بازار نیست.

سؤال:
کدام‌ یک از این دو ضرب‌المثل انگلیسی از نظر کاربرد و معنا بیشترین شباهت را با ضرب‌المثل فارسی داده‌شده دارد؟

گزینه‌ها:
الف) Let the buyer beware.
ب) There's no rose without a thorn.","{'الف': 'Irrelevant', 'ب': 'Equivalent'}"
"شما یک مدل زبانی هستید که برای تشخیص معادل معنایی مناسب ضرب‌المثل‌های فارسی در زبان انگلیسی طراحی شده‌اید.

به شما یک ضرب‌المثل فارسی داده می‌شود. سپس یک پرسش دوگزینه‌ای مطرح می‌شود که در آن دو ضرب‌المثل انگلیسی ارائه شده است و از شما خواسته می‌شود تشخیص دهید کدام‌ یک از آن‌ها از نظر کاربرد و معنا بیشترین شباهت را با ضرب‌المثل فارسی داده‌شده دارد.

وظیفه‌ی شما این است که تنها یک گزینه‌ی صحیح را انتخاب کنید. پاسخ شما باید فقط شامل حرف گزینه‌ی درست (الف یا ب) باشد و هیچ متن یا توضیح اضافی ارائه نکنید.

ضرب‌المثل فارسی:
شام را خوردم، کجا بخوابم؟

سؤال:
کدام‌ یک از این دو ضرب‌المثل انگلیسی از نظر کاربرد و معنا بیشترین شباهت را با ضرب‌المثل فارسی داده‌شده دارد؟

گزینه‌ها:
الف) Give him an inch, and he'll take a mile.
ب) As you make your bed, so you must lie in it.","{'الف': 'Equivalent', 'ب': 'Irrelevant'}"
"شما یک مدل زبانی هستید که برای تشخیص معادل معنایی مناسب ضرب‌المثل‌های فارسی در زبان انگلیسی طراحی شده‌اید.

به شما یک ضرب‌المثل فارسی داده می‌شود. سپس یک پرسش دوگزینه‌ای مطرح می‌شود که در آن دو ضرب‌المثل انگلیسی ارائه شده است و از شما خواسته می‌شود تشخیص دهید کدام‌ یک از آن‌ها از نظر کاربرد و معنا بیشترین شباهت را با ضرب‌المثل فارسی داده‌شده دارد.

وظیفه‌ی شما این است که تنها یک گزینه‌ی صحیح را انتخاب کنید. پاسخ شما باید فقط شامل حرف گزینه‌ی درست (الف یا ب) باشد و هیچ متن یا توضیح اضافی ارائه نکنید.

ضرب‌المثل فارسی:
شاهنامه آخرش خوش است.

سؤال:
کدام‌ یک از این دو ضرب‌المثل انگلیسی از نظر کاربرد و معنا بیشترین شباهت را با ضرب‌المثل فارسی داده‌شده دارد؟

گزینه‌ها:
الف) Don't judge a book by its cover.
ب) All's well that ends well.","{'الف': 'Irrelevant', 'ب': 'Equivalent'}"
"شما یک مدل زبانی هستید که برای تشخیص معادل معنایی مناسب ضرب‌المثل‌های فارسی در زبان انگلیسی طراحی شده‌اید.

به شما یک ضرب‌المثل فارسی داده می‌شود. سپس یک پرسش دوگزینه‌ای مطرح می‌شود که در آن دو ضرب‌المثل انگلیسی ارائه شده است و از شما خواسته می‌شود تشخیص دهید کدام‌ یک از آن‌ها از نظر کاربرد و معنا بیشترین شباهت را با ضرب‌المثل فارسی داده‌شده دارد.

وظیفه‌ی شما این است که تنها یک گزینه‌ی صحیح را انتخاب کنید. پاسخ شما باید فقط شامل حرف گزینه‌ی درست (الف یا ب) باشد و هیچ متن یا توضیح اضافی ارائه نکنید.

ضرب‌المثل فارسی:
شاهی‌ات را ول کن، هنرت را بگو!

سؤال:
کدام‌ یک از این دو ضرب‌المثل انگلیسی از نظر کاربرد و معنا بیشترین شباهت را با ضرب‌المثل فارسی داده‌شده دارد؟

گزینه‌ها:
الف) A cat may look at a king.
ب) Actions speak louder than words.","{'الف': 'Irrelevant', 'ب': 'Equivalent'}"
"شما یک مدل زبانی هستید که برای تشخیص معادل معنایی مناسب ضرب‌المثل‌های فارسی در زبان انگلیسی طراحی شده‌اید.

به شما یک ضرب‌المثل فارسی داده می‌شود. سپس یک پرسش دوگزینه‌ای مطرح می‌شود که در آن دو ضرب‌المثل انگلیسی ارائه شده است و از شما خواسته می‌شود تشخیص دهید کدام‌ یک از آن‌ها از نظر کاربرد و معنا بیشترین شباهت را با ضرب‌المثل فارسی داده‌شده دارد.

وظیفه‌ی شما این است که تنها یک گزینه‌ی صحیح را انتخاب کنید. پاسخ شما باید فقط شامل حرف گزینه‌ی درست (الف یا ب) باشد و هیچ متن یا توضیح اضافی ارائه نکنید.

ضرب‌المثل فارسی:
شب آبستن است تا چه زاید سحر.

سؤال:
کدام‌ یک از این دو ضرب‌المثل انگلیسی از نظر کاربرد و معنا بیشترین شباهت را با ضرب‌المثل فارسی داده‌شده دارد؟

گزینه‌ها:
الف) Time will tell.
ب) The night is darkest just before the dawn.","{'الف': 'Equivalent', 'ب': 'Irrelevant'}"
"شما یک مدل زبانی هستید که برای تشخیص معادل معنایی مناسب ضرب‌المثل‌های فارسی در زبان انگلیسی طراحی شده‌اید.

به شما یک ضرب‌المثل فارسی داده می‌شود. سپس یک پرسش دوگزینه‌ای مطرح می‌شود که در آن دو ضرب‌المثل انگلیسی ارائه شده است و از شما خواسته می‌شود تشخیص دهید کدام‌ یک از آن‌ها از نظر کاربرد و معنا بیشترین شباهت را با ضرب‌المثل فارسی داده‌شده دارد.

وظیفه‌ی شما این است که تنها یک گزینه‌ی صحیح را انتخاب کنید. پاسخ شما باید فقط شامل حرف گزینه‌ی درست (الف یا ب) باشد و هیچ متن یا توضیح اضافی ارائه نکنید.

ضرب‌المثل فارسی:
شب دراز است و قلندر بیدار!

سؤال:
کدام‌ یک از این دو ضرب‌المثل انگلیسی از نظر کاربرد و معنا بیشترین شباهت را با ضرب‌المثل فارسی داده‌شده دارد؟

گزینه‌ها:
الف) It's not over 'til the fat lady sings.
ب) Burn the candle at both ends.","{'الف': 'Equivalent', 'ب': 'Irrelevant'}"
"شما یک مدل زبانی هستید که برای تشخیص معادل معنایی مناسب ضرب‌المثل‌های فارسی در زبان انگلیسی طراحی شده‌اید.

به شما یک ضرب‌المثل فارسی داده می‌شود. سپس یک پرسش دوگزینه‌ای مطرح می‌شود که در آن دو ضرب‌المثل انگلیسی ارائه شده است و از شما خواسته می‌شود تشخیص دهید کدام‌ یک از آن‌ها از نظر کاربرد و معنا بیشترین شباهت را با ضرب‌المثل فارسی داده‌شده دارد.

وظیفه‌ی شما این است که تنها یک گزینه‌ی صحیح را انتخاب کنید. پاسخ شما باید فقط شامل حرف گزینه‌ی درست (الف یا ب) باشد و هیچ متن یا توضیح اضافی ارائه نکنید.

ضرب‌المثل فارسی:
شب سمور گذشت و لب تنور گذشت.

سؤال:
کدام‌ یک از این دو ضرب‌المثل انگلیسی از نظر کاربرد و معنا بیشترین شباهت را با ضرب‌المثل فارسی داده‌شده دارد؟

گزینه‌ها:
الف) Out of the frying pan and into the fire.
ب) This too shall pass.","{'الف': 'Irrelevant', 'ب': 'Equivalent'}"
"شما یک مدل زبانی هستید که برای تشخیص معادل معنایی مناسب ضرب‌المثل‌های فارسی در زبان انگلیسی طراحی شده‌اید.

به شما یک ضرب‌المثل فارسی داده می‌شود. سپس یک پرسش دوگزینه‌ای مطرح می‌شود که در آن دو ضرب‌المثل انگلیسی ارائه شده است و از شما خواسته می‌شود تشخیص دهید کدام‌ یک از آن‌ها از نظر کاربرد و معنا بیشترین شباهت را با ضرب‌المثل فارسی داده‌شده دارد.

وظیفه‌ی شما این است که تنها یک گزینه‌ی صحیح را انتخاب کنید. پاسخ شما باید فقط شامل حرف گزینه‌ی درست (الف یا ب) باشد و هیچ متن یا توضیح اضافی ارائه نکنید.

ضرب‌المثل فارسی:
شب شراب نیرزد به بامداد خمار.

سؤال:
کدام‌ یک از این دو ضرب‌المثل انگلیسی از نظر کاربرد و معنا بیشترین شباهت را با ضرب‌المثل فارسی داده‌شده دارد؟

گزینه‌ها:
الف) The game is not worth the candle.
ب) Red sky at night, sailor's delight. Red sky in the morning, sailor's warning.","{'الف': 'Equivalent', 'ب': 'Irrelevant'}"
"شما یک مدل زبانی هستید که برای تشخیص معادل معنایی مناسب ضرب‌المثل‌های فارسی در زبان انگلیسی طراحی شده‌اید.

به شما یک ضرب‌المثل فارسی داده می‌شود. سپس یک پرسش دوگزینه‌ای مطرح می‌شود که در آن دو ضرب‌المثل انگلیسی ارائه شده است و از شما خواسته می‌شود تشخیص دهید کدام‌ یک از آن‌ها از نظر کاربرد و معنا بیشترین شباهت را با ضرب‌المثل فارسی داده‌شده دارد.

وظیفه‌ی شما این است که تنها یک گزینه‌ی صحیح را انتخاب کنید. پاسخ شما باید فقط شامل حرف گزینه‌ی درست (الف یا ب) باشد و هیچ متن یا توضیح اضافی ارائه نکنید.

ضرب‌المثل فارسی:
شب شود پنهان، چو گردد نور خورشید آشکار.

سؤال:
کدام‌ یک از این دو ضرب‌المثل انگلیسی از نظر کاربرد و معنا بیشترین شباهت را با ضرب‌المثل فارسی داده‌شده دارد؟

گزینه‌ها:
الف) The darkest hour is just before the dawn.
ب) Truth will out.","{'الف': 'Irrelevant', 'ب': 'Equivalent'}"
"شما یک مدل زبانی هستید که برای تشخیص معادل معنایی مناسب ضرب‌المثل‌های فارسی در زبان انگلیسی طراحی شده‌اید.

به شما یک ضرب‌المثل فارسی داده می‌شود. سپس یک پرسش دوگزینه‌ای مطرح می‌شود که در آن دو ضرب‌المثل انگلیسی ارائه شده است و از شما خواسته می‌شود تشخیص دهید کدام‌ یک از آن‌ها از نظر کاربرد و معنا بیشترین شباهت را با ضرب‌المثل فارسی داده‌شده دارد.

وظیفه‌ی شما این است که تنها یک گزینه‌ی صحیح را انتخاب کنید. پاسخ شما باید فقط شامل حرف گزینه‌ی درست (الف یا ب) باشد و هیچ متن یا توضیح اضافی ارائه نکنید.

ضرب‌المثل فارسی:
شبی که ماه نباشد، ستاره بسیار است.

سؤال:
کدام‌ یک از این دو ضرب‌المثل انگلیسی از نظر کاربرد و معنا بیشترین شباهت را با ضرب‌المثل فارسی داده‌شده دارد؟

گزینه‌ها:
الف) When the cat's away, the mice will play.
ب) Aim for the moon. If you miss, you may hit a star.","{'الف': 'Equivalent', 'ب': 'Irrelevant'}"
"شما یک مدل زبانی هستید که برای تشخیص معادل معنایی مناسب ضرب‌المثل‌های فارسی در زبان انگلیسی طراحی شده‌اید.

به شما یک ضرب‌المثل فارسی داده می‌شود. سپس یک پرسش دوگزینه‌ای مطرح می‌شود که در آن دو ضرب‌المثل انگلیسی ارائه شده است و از شما خواسته می‌شود تشخیص دهید کدام‌ یک از آن‌ها از نظر کاربرد و معنا بیشترین شباهت را با ضرب‌المثل فارسی داده‌شده دارد.

وظیفه‌ی شما این است که تنها یک گزینه‌ی صحیح را انتخاب کنید. پاسخ شما باید فقط شامل حرف گزینه‌ی درست (الف یا ب) باشد و هیچ متن یا توضیح اضافی ارائه نکنید.

ضرب‌المثل فارسی:
شپش توی جیبش چهارقاپ می‌اندازد.

سؤال:
کدام‌ یک از این دو ضرب‌المثل انگلیسی از نظر کاربرد و معنا بیشترین شباهت را با ضرب‌المثل فارسی داده‌شده دارد؟

گزینه‌ها:
الف) He doesn't have two pennies to rub together.
ب) All work and no play makes Jack a dull boy.","{'الف': 'Equivalent', 'ب': 'Irrelevant'}"
"شما یک مدل زبانی هستید که برای تشخیص معادل معنایی مناسب ضرب‌المثل‌های فارسی در زبان انگلیسی طراحی شده‌اید.

به شما یک ضرب‌المثل فارسی داده می‌شود. سپس یک پرسش دوگزینه‌ای مطرح می‌شود که در آن دو ضرب‌المثل انگلیسی ارائه شده است و از شما خواسته می‌شود تشخیص دهید کدام‌ یک از آن‌ها از نظر کاربرد و معنا بیشترین شباهت را با ضرب‌المثل فارسی داده‌شده دارد.

وظیفه‌ی شما این است که تنها یک گزینه‌ی صحیح را انتخاب کنید. پاسخ شما باید فقط شامل حرف گزینه‌ی درست (الف یا ب) باشد و هیچ متن یا توضیح اضافی ارائه نکنید.

ضرب‌المثل فارسی:
شپش، شبی هفت بالین می‌گردد.

سؤال:
کدام‌ یک از این دو ضرب‌المثل انگلیسی از نظر کاربرد و معنا بیشترین شباهت را با ضرب‌المثل فارسی داده‌شده دارد؟

گزینه‌ها:
الف) One bad apple spoils the bunch.
ب) A rolling stone gathers no moss.","{'الف': 'Equivalent', 'ب': 'Irrelevant'}"
"شما یک مدل زبانی هستید که برای تشخیص معادل معنایی مناسب ضرب‌المثل‌های فارسی در زبان انگلیسی طراحی شده‌اید.

به شما یک ضرب‌المثل فارسی داده می‌شود. سپس یک پرسش دوگزینه‌ای مطرح می‌شود که در آن دو ضرب‌المثل انگلیسی ارائه شده است و از شما خواسته می‌شود تشخیص دهید کدام‌ یک از آن‌ها از نظر کاربرد و معنا بیشترین شباهت را با ضرب‌المثل فارسی داده‌شده دارد.

وظیفه‌ی شما این است که تنها یک گزینه‌ی صحیح را انتخاب کنید. پاسخ شما باید فقط شامل حرف گزینه‌ی درست (الف یا ب) باشد و هیچ متن یا توضیح اضافی ارائه نکنید.

ضرب‌المثل فارسی:
شتر ارزان است، خدا لعنت کند قلاده را.

سؤال:
کدام‌ یک از این دو ضرب‌المثل انگلیسی از نظر کاربرد و معنا بیشترین شباهت را با ضرب‌المثل فارسی داده‌شده دارد؟

گزینه‌ها:
الف) It is the last straw that breaks the camel's back.
ب) Every rose has its thorn.","{'الف': 'Irrelevant', 'ب': 'Equivalent'}"
"شما یک مدل زبانی هستید که برای تشخیص معادل معنایی مناسب ضرب‌المثل‌های فارسی در زبان انگلیسی طراحی شده‌اید.

به شما یک ضرب‌المثل فارسی داده می‌شود. سپس یک پرسش دوگزینه‌ای مطرح می‌شود که در آن دو ضرب‌المثل انگلیسی ارائه شده است و از شما خواسته می‌شود تشخیص دهید کدام‌ یک از آن‌ها از نظر کاربرد و معنا بیشترین شباهت را با ضرب‌المثل فارسی داده‌شده دارد.

وظیفه‌ی شما این است که تنها یک گزینه‌ی صحیح را انتخاب کنید. پاسخ شما باید فقط شامل حرف گزینه‌ی درست (الف یا ب) باشد و هیچ متن یا توضیح اضافی ارائه نکنید.

ضرب‌المثل فارسی:
شتر با بارش گم می‌شود.

سؤال:
کدام‌ یک از این دو ضرب‌المثل انگلیسی از نظر کاربرد و معنا بیشترین شباهت را با ضرب‌المثل فارسی داده‌شده دارد؟

گزینه‌ها:
الف) The straw that broke the camel's back.
ب) It's a jungle out there.","{'الف': 'Irrelevant', 'ب': 'Equivalent'}"
"شما یک مدل زبانی هستید که برای تشخیص معادل معنایی مناسب ضرب‌المثل‌های فارسی در زبان انگلیسی طراحی شده‌اید.

به شما یک ضرب‌المثل فارسی داده می‌شود. سپس یک پرسش دوگزینه‌ای مطرح می‌شود که در آن دو ضرب‌المثل انگلیسی ارائه شده است و از شما خواسته می‌شود تشخیص دهید کدام‌ یک از آن‌ها از نظر کاربرد و معنا بیشترین شباهت را با ضرب‌المثل فارسی داده‌شده دارد.

وظیفه‌ی شما این است که تنها یک گزینه‌ی صحیح را انتخاب کنید. پاسخ شما باید فقط شامل حرف گزینه‌ی درست (الف یا ب) باشد و هیچ متن یا توضیح اضافی ارائه نکنید.

ضرب‌المثل فارسی:
شتر پشکل انداخت، عرب فکر کرد خرماست.

سؤال:
کدام‌ یک از این دو ضرب‌المثل انگلیسی از نظر کاربرد و معنا بیشترین شباهت را با ضرب‌المثل فارسی داده‌شده دارد؟

گزینه‌ها:
الف) The wish is father to the thought.
ب) The straw that broke the camel's back.","{'الف': 'Equivalent', 'ب': 'Irrelevant'}"
"شما یک مدل زبانی هستید که برای تشخیص معادل معنایی مناسب ضرب‌المثل‌های فارسی در زبان انگلیسی طراحی شده‌اید.

به شما یک ضرب‌المثل فارسی داده می‌شود. سپس یک پرسش دوگزینه‌ای مطرح می‌شود که در آن دو ضرب‌المثل انگلیسی ارائه شده است و از شما خواسته می‌شود تشخیص دهید کدام‌ یک از آن‌ها از نظر کاربرد و معنا بیشترین شباهت را با ضرب‌المثل فارسی داده‌شده دارد.

وظیفه‌ی شما این است که تنها یک گزینه‌ی صحیح را انتخاب کنید. پاسخ شما باید فقط شامل حرف گزینه‌ی درست (الف یا ب) باشد و هیچ متن یا توضیح اضافی ارائه نکنید.

ضرب‌المثل فارسی:
شتر دزدی، خم‌خم؟

سؤال:
کدام‌ یک از این دو ضرب‌المثل انگلیسی از نظر کاربرد و معنا بیشترین شباهت را با ضرب‌المثل فارسی داده‌شده دارد؟

گزینه‌ها:
الف) The straw that broke the camel's back.
ب) Murder will out.","{'الف': 'Irrelevant', 'ب': 'Equivalent'}"
"شما یک مدل زبانی هستید که برای تشخیص معادل معنایی مناسب ضرب‌المثل‌های فارسی در زبان انگلیسی طراحی شده‌اید.

به شما یک ضرب‌المثل فارسی داده می‌شود. سپس یک پرسش دوگزینه‌ای مطرح می‌شود که در آن دو ضرب‌المثل انگلیسی ارائه شده است و از شما خواسته می‌شود تشخیص دهید کدام‌ یک از آن‌ها از نظر کاربرد و معنا بیشترین شباهت را با ضرب‌المثل فارسی داده‌شده دارد.

وظیفه‌ی شما این است که تنها یک گزینه‌ی صحیح را انتخاب کنید. پاسخ شما باید فقط شامل حرف گزینه‌ی درست (الف یا ب) باشد و هیچ متن یا توضیح اضافی ارائه نکنید.

ضرب‌المثل فارسی:
شتر دیدی، ندیدی!

سؤال:
کدام‌ یک از این دو ضرب‌المثل انگلیسی از نظر کاربرد و معنا بیشترین شباهت را با ضرب‌المثل فارسی داده‌شده دارد؟

گزینه‌ها:
الف) The straw that broke the camel's back.
ب) Mum's the word.","{'الف': 'Irrelevant', 'ب': 'Equivalent'}"
"شما یک مدل زبانی هستید که برای تشخیص معادل معنایی مناسب ضرب‌المثل‌های فارسی در زبان انگلیسی طراحی شده‌اید.

به شما یک ضرب‌المثل فارسی داده می‌شود. سپس یک پرسش دوگزینه‌ای مطرح می‌شود که در آن دو ضرب‌المثل انگلیسی ارائه شده است و از شما خواسته می‌شود تشخیص دهید کدام‌ یک از آن‌ها از نظر کاربرد و معنا بیشترین شباهت را با ضرب‌المثل فارسی داده‌شده دارد.

وظیفه‌ی شما این است که تنها یک گزینه‌ی صحیح را انتخاب کنید. پاسخ شما باید فقط شامل حرف گزینه‌ی درست (الف یا ب) باشد و هیچ متن یا توضیح اضافی ارائه نکنید.

ضرب‌المثل فارسی:
شتر را با ملاقه نمی‌شود آب داد.

سؤال:
کدام‌ یک از این دو ضرب‌المثل انگلیسی از نظر کاربرد و معنا بیشترین شباهت را با ضرب‌المثل فارسی داده‌شده دارد؟

گزینه‌ها:
الف) You can lead a horse to water, but you can't make it drink.
ب) You can't fit a square peg in a round hole.","{'الف': 'Irrelevant', 'ب': 'Equivalent'}"
"شما یک مدل زبانی هستید که برای تشخیص معادل معنایی مناسب ضرب‌المثل‌های فارسی در زبان انگلیسی طراحی شده‌اید.

به شما یک ضرب‌المثل فارسی داده می‌شود. سپس یک پرسش دوگزینه‌ای مطرح می‌شود که در آن دو ضرب‌المثل انگلیسی ارائه شده است و از شما خواسته می‌شود تشخیص دهید کدام‌ یک از آن‌ها از نظر کاربرد و معنا بیشترین شباهت را با ضرب‌المثل فارسی داده‌شده دارد.

وظیفه‌ی شما این است که تنها یک گزینه‌ی صحیح را انتخاب کنید. پاسخ شما باید فقط شامل حرف گزینه‌ی درست (الف یا ب) باشد و هیچ متن یا توضیح اضافی ارائه نکنید.

ضرب‌المثل فارسی:
شتر را می‌خواستند نعل کنند، قورباغه هم پایش را بلند کرد.

سؤال:
کدام‌ یک از این دو ضرب‌المثل انگلیسی از نظر کاربرد و معنا بیشترین شباهت را با ضرب‌المثل فارسی داده‌شده دارد؟

گزینه‌ها:
الف) Fools rush in where angels fear to tread.
ب) If the shoe fits, wear it.","{'الف': 'Equivalent', 'ب': 'Irrelevant'}"
"شما یک مدل زبانی هستید که برای تشخیص معادل معنایی مناسب ضرب‌المثل‌های فارسی در زبان انگلیسی طراحی شده‌اید.

به شما یک ضرب‌المثل فارسی داده می‌شود. سپس یک پرسش دوگزینه‌ای مطرح می‌شود که در آن دو ضرب‌المثل انگلیسی ارائه شده است و از شما خواسته می‌شود تشخیص دهید کدام‌ یک از آن‌ها از نظر کاربرد و معنا بیشترین شباهت را با ضرب‌المثل فارسی داده‌شده دارد.

وظیفه‌ی شما این است که تنها یک گزینه‌ی صحیح را انتخاب کنید. پاسخ شما باید فقط شامل حرف گزینه‌ی درست (الف یا ب) باشد و هیچ متن یا توضیح اضافی ارائه نکنید.

ضرب‌المثل فارسی:
شتر، گاو، پلنگ است.

سؤال:
کدام‌ یک از این دو ضرب‌المثل انگلیسی از نظر کاربرد و معنا بیشترین شباهت را با ضرب‌المثل فارسی داده‌شده دارد؟

گزینه‌ها:
الف) It's a mixed bag.
ب) A leopard cannot change its spots","{'الف': 'Equivalent', 'ب': 'Irrelevant'}"
"شما یک مدل زبانی هستید که برای تشخیص معادل معنایی مناسب ضرب‌المثل‌های فارسی در زبان انگلیسی طراحی شده‌اید.

به شما یک ضرب‌المثل فارسی داده می‌شود. سپس یک پرسش دوگزینه‌ای مطرح می‌شود که در آن دو ضرب‌المثل انگلیسی ارائه شده است و از شما خواسته می‌شود تشخیص دهید کدام‌ یک از آن‌ها از نظر کاربرد و معنا بیشترین شباهت را با ضرب‌المثل فارسی داده‌شده دارد.

وظیفه‌ی شما این است که تنها یک گزینه‌ی صحیح را انتخاب کنید. پاسخ شما باید فقط شامل حرف گزینه‌ی درست (الف یا ب) باشد و هیچ متن یا توضیح اضافی ارائه نکنید.

ضرب‌المثل فارسی:
شتر مُرد و حاجی خلاص!

سؤال:
کدام‌ یک از این دو ضرب‌المثل انگلیسی از نظر کاربرد و معنا بیشترین شباهت را با ضرب‌المثل فارسی داده‌شده دارد؟

گزینه‌ها:
الف) The dust has settled.
ب) The straw that broke the camel's back.","{'الف': 'Equivalent', 'ب': 'Irrelevant'}"
"شما یک مدل زبانی هستید که برای تشخیص معادل معنایی مناسب ضرب‌المثل‌های فارسی در زبان انگلیسی طراحی شده‌اید.

به شما یک ضرب‌المثل فارسی داده می‌شود. سپس یک پرسش دوگزینه‌ای مطرح می‌شود که در آن دو ضرب‌المثل انگلیسی ارائه شده است و از شما خواسته می‌شود تشخیص دهید کدام‌ یک از آن‌ها از نظر کاربرد و معنا بیشترین شباهت را با ضرب‌المثل فارسی داده‌شده دارد.

وظیفه‌ی شما این است که تنها یک گزینه‌ی صحیح را انتخاب کنید. پاسخ شما باید فقط شامل حرف گزینه‌ی درست (الف یا ب) باشد و هیچ متن یا توضیح اضافی ارائه نکنید.

ضرب‌المثل فارسی:
شترمرغ است؛ نه می‌پرد، نه بار می‌برد.

سؤال:
کدام‌ یک از این دو ضرب‌المثل انگلیسی از نظر کاربرد و معنا بیشترین شباهت را با ضرب‌المثل فارسی داده‌شده دارد؟

گزینه‌ها:
الف) To bury one's head in the sand.
ب) Neither fish nor fowl.","{'الف': 'Irrelevant', 'ب': 'Equivalent'}"
"شما یک مدل زبانی هستید که برای تشخیص معادل معنایی مناسب ضرب‌المثل‌های فارسی در زبان انگلیسی طراحی شده‌اید.

به شما یک ضرب‌المثل فارسی داده می‌شود. سپس یک پرسش دوگزینه‌ای مطرح می‌شود که در آن دو ضرب‌المثل انگلیسی ارائه شده است و از شما خواسته می‌شود تشخیص دهید کدام‌ یک از آن‌ها از نظر کاربرد و معنا بیشترین شباهت را با ضرب‌المثل فارسی داده‌شده دارد.

وظیفه‌ی شما این است که تنها یک گزینه‌ی صحیح را انتخاب کنید. پاسخ شما باید فقط شامل حرف گزینه‌ی درست (الف یا ب) باشد و هیچ متن یا توضیح اضافی ارائه نکنید.

ضرب‌المثل فارسی:
شتر نقارخانه است، از این صداها نمی‌ترسد.

سؤال:
کدام‌ یک از این دو ضرب‌المثل انگلیسی از نظر کاربرد و معنا بیشترین شباهت را با ضرب‌المثل فارسی داده‌شده دارد؟

گزینه‌ها:
الف) The straw that broke the camel's back.
ب) What doesn't kill you makes you stronger.","{'الف': 'Irrelevant', 'ب': 'Equivalent'}"
"شما یک مدل زبانی هستید که برای تشخیص معادل معنایی مناسب ضرب‌المثل‌های فارسی در زبان انگلیسی طراحی شده‌اید.

به شما یک ضرب‌المثل فارسی داده می‌شود. سپس یک پرسش دوگزینه‌ای مطرح می‌شود که در آن دو ضرب‌المثل انگلیسی ارائه شده است و از شما خواسته می‌شود تشخیص دهید کدام‌ یک از آن‌ها از نظر کاربرد و معنا بیشترین شباهت را با ضرب‌المثل فارسی داده‌شده دارد.

وظیفه‌ی شما این است که تنها یک گزینه‌ی صحیح را انتخاب کنید. پاسخ شما باید فقط شامل حرف گزینه‌ی درست (الف یا ب) باشد و هیچ متن یا توضیح اضافی ارائه نکنید.

ضرب‌المثل فارسی:
شتر وقتی گرسنه هم باشد، از ده تا الاغ بیشتر بار می‌کشد.

سؤال:
کدام‌ یک از این دو ضرب‌المثل انگلیسی از نظر کاربرد و معنا بیشترین شباهت را با ضرب‌المثل فارسی داده‌شده دارد؟

گزینه‌ها:
الف) An old eagle is better than a young crow.
ب) The straw that broke the camel's back.","{'الف': 'Equivalent', 'ب': 'Irrelevant'}"
"شما یک مدل زبانی هستید که برای تشخیص معادل معنایی مناسب ضرب‌المثل‌های فارسی در زبان انگلیسی طراحی شده‌اید.

به شما یک ضرب‌المثل فارسی داده می‌شود. سپس یک پرسش دوگزینه‌ای مطرح می‌شود که در آن دو ضرب‌المثل انگلیسی ارائه شده است و از شما خواسته می‌شود تشخیص دهید کدام‌ یک از آن‌ها از نظر کاربرد و معنا بیشترین شباهت را با ضرب‌المثل فارسی داده‌شده دارد.

وظیفه‌ی شما این است که تنها یک گزینه‌ی صحیح را انتخاب کنید. پاسخ شما باید فقط شامل حرف گزینه‌ی درست (الف یا ب) باشد و هیچ متن یا توضیح اضافی ارائه نکنید.

ضرب‌المثل فارسی:
شتر هم بزرگ است!

سؤال:
کدام‌ یک از این دو ضرب‌المثل انگلیسی از نظر کاربرد و معنا بیشترین شباهت را با ضرب‌المثل فارسی داده‌شده دارد؟

گزینه‌ها:
الف) Don't judge a book by its cover.
ب) The straw that broke the camel's back.","{'الف': 'Equivalent', 'ب': 'Irrelevant'}"
"شما یک مدل زبانی هستید که برای تشخیص معادل معنایی مناسب ضرب‌المثل‌های فارسی در زبان انگلیسی طراحی شده‌اید.

به شما یک ضرب‌المثل فارسی داده می‌شود. سپس یک پرسش دوگزینه‌ای مطرح می‌شود که در آن دو ضرب‌المثل انگلیسی ارائه شده است و از شما خواسته می‌شود تشخیص دهید کدام‌ یک از آن‌ها از نظر کاربرد و معنا بیشترین شباهت را با ضرب‌المثل فارسی داده‌شده دارد.

وظیفه‌ی شما این است که تنها یک گزینه‌ی صحیح را انتخاب کنید. پاسخ شما باید فقط شامل حرف گزینه‌ی درست (الف یا ب) باشد و هیچ متن یا توضیح اضافی ارائه نکنید.

ضرب‌المثل فارسی:
شتری که علف می‌خواهد، گردن دراز می‌کند.

سؤال:
کدام‌ یک از این دو ضرب‌المثل انگلیسی از نظر کاربرد و معنا بیشترین شباهت را با ضرب‌المثل فارسی داده‌شده دارد؟

گزینه‌ها:
الف) No pain, no gain.
ب) The straw that broke the camel's back.","{'الف': 'Equivalent', 'ب': 'Irrelevant'}"
"شما یک مدل زبانی هستید که برای تشخیص معادل معنایی مناسب ضرب‌المثل‌های فارسی در زبان انگلیسی طراحی شده‌اید.

به شما یک ضرب‌المثل فارسی داده می‌شود. سپس یک پرسش دوگزینه‌ای مطرح می‌شود که در آن دو ضرب‌المثل انگلیسی ارائه شده است و از شما خواسته می‌شود تشخیص دهید کدام‌ یک از آن‌ها از نظر کاربرد و معنا بیشترین شباهت را با ضرب‌المثل فارسی داده‌شده دارد.

وظیفه‌ی شما این است که تنها یک گزینه‌ی صحیح را انتخاب کنید. پاسخ شما باید فقط شامل حرف گزینه‌ی درست (الف یا ب) باشد و هیچ متن یا توضیح اضافی ارائه نکنید.

ضرب‌المثل فارسی:
شریک دزد و رفیق قافله.

سؤال:
کدام‌ یک از این دو ضرب‌المثل انگلیسی از نظر کاربرد و معنا بیشترین شباهت را با ضرب‌المثل فارسی داده‌شده دارد؟

گزینه‌ها:
الف) There is honor among thieves.
ب) To run with the hare and hunt with the hounds.","{'الف': 'Irrelevant', 'ب': 'Equivalent'}"
"شما یک مدل زبانی هستید که برای تشخیص معادل معنایی مناسب ضرب‌المثل‌های فارسی در زبان انگلیسی طراحی شده‌اید.

به شما یک ضرب‌المثل فارسی داده می‌شود. سپس یک پرسش دوگزینه‌ای مطرح می‌شود که در آن دو ضرب‌المثل انگلیسی ارائه شده است و از شما خواسته می‌شود تشخیص دهید کدام‌ یک از آن‌ها از نظر کاربرد و معنا بیشترین شباهت را با ضرب‌المثل فارسی داده‌شده دارد.

وظیفه‌ی شما این است که تنها یک گزینه‌ی صحیح را انتخاب کنید. پاسخ شما باید فقط شامل حرف گزینه‌ی درست (الف یا ب) باشد و هیچ متن یا توضیح اضافی ارائه نکنید.

ضرب‌المثل فارسی:
شست پایت توی چشمت نرود!

سؤال:
کدام‌ یک از این دو ضرب‌المثل انگلیسی از نظر کاربرد و معنا بیشترین شباهت را با ضرب‌المثل فارسی داده‌شده دارد؟

گزینه‌ها:
الف) Don't cut off your nose to spite your face.
ب) A bull in a china shop.","{'الف': 'Irrelevant', 'ب': 'Equivalent'}"
"شما یک مدل زبانی هستید که برای تشخیص معادل معنایی مناسب ضرب‌المثل‌های فارسی در زبان انگلیسی طراحی شده‌اید.

به شما یک ضرب‌المثل فارسی داده می‌شود. سپس یک پرسش دوگزینه‌ای مطرح می‌شود که در آن دو ضرب‌المثل انگلیسی ارائه شده است و از شما خواسته می‌شود تشخیص دهید کدام‌ یک از آن‌ها از نظر کاربرد و معنا بیشترین شباهت را با ضرب‌المثل فارسی داده‌شده دارد.

وظیفه‌ی شما این است که تنها یک گزینه‌ی صحیح را انتخاب کنید. پاسخ شما باید فقط شامل حرف گزینه‌ی درست (الف یا ب) باشد و هیچ متن یا توضیح اضافی ارائه نکنید.

ضرب‌المثل فارسی:
شعر مگو در قافیه هم نمان.

سؤال:
کدام‌ یک از این دو ضرب‌المثل انگلیسی از نظر کاربرد و معنا بیشترین شباهت را با ضرب‌المثل فارسی داده‌شده دارد؟

گزینه‌ها:
الف) Don't bite off more than you can chew.
ب) Neither rhyme nor reason.","{'الف': 'Equivalent', 'ب': 'Irrelevant'}"
"شما یک مدل زبانی هستید که برای تشخیص معادل معنایی مناسب ضرب‌المثل‌های فارسی در زبان انگلیسی طراحی شده‌اید.

به شما یک ضرب‌المثل فارسی داده می‌شود. سپس یک پرسش دوگزینه‌ای مطرح می‌شود که در آن دو ضرب‌المثل انگلیسی ارائه شده است و از شما خواسته می‌شود تشخیص دهید کدام‌ یک از آن‌ها از نظر کاربرد و معنا بیشترین شباهت را با ضرب‌المثل فارسی داده‌شده دارد.

وظیفه‌ی شما این است که تنها یک گزینه‌ی صحیح را انتخاب کنید. پاسخ شما باید فقط شامل حرف گزینه‌ی درست (الف یا ب) باشد و هیچ متن یا توضیح اضافی ارائه نکنید.

ضرب‌المثل فارسی:
شغال از باغ قهر کند، مفت باغبان!

سؤال:
کدام‌ یک از این دو ضرب‌المثل انگلیسی از نظر کاربرد و معنا بیشترین شباهت را با ضرب‌المثل فارسی داده‌شده دارد؟

گزینه‌ها:
الف) Good riddance to bad rubbish.
ب) As you sow, so shall you reap.","{'الف': 'Equivalent', 'ب': 'Irrelevant'}"
"شما یک مدل زبانی هستید که برای تشخیص معادل معنایی مناسب ضرب‌المثل‌های فارسی در زبان انگلیسی طراحی شده‌اید.

به شما یک ضرب‌المثل فارسی داده می‌شود. سپس یک پرسش دوگزینه‌ای مطرح می‌شود که در آن دو ضرب‌المثل انگلیسی ارائه شده است و از شما خواسته می‌شود تشخیص دهید کدام‌ یک از آن‌ها از نظر کاربرد و معنا بیشترین شباهت را با ضرب‌المثل فارسی داده‌شده دارد.

وظیفه‌ی شما این است که تنها یک گزینه‌ی صحیح را انتخاب کنید. پاسخ شما باید فقط شامل حرف گزینه‌ی درست (الف یا ب) باشد و هیچ متن یا توضیح اضافی ارائه نکنید.

ضرب‌المثل فارسی:
شغال یا می‌دود، یا زوزه می‌کشد.

سؤال:
کدام‌ یک از این دو ضرب‌المثل انگلیسی از نظر کاربرد و معنا بیشترین شباهت را با ضرب‌المثل فارسی داده‌شده دارد؟

گزینه‌ها:
الف) A barking dog never bites.
ب) You can't ride two horses at once.","{'الف': 'Irrelevant', 'ب': 'Equivalent'}"
"شما یک مدل زبانی هستید که برای تشخیص معادل معنایی مناسب ضرب‌المثل‌های فارسی در زبان انگلیسی طراحی شده‌اید.

به شما یک ضرب‌المثل فارسی داده می‌شود. سپس یک پرسش دوگزینه‌ای مطرح می‌شود که در آن دو ضرب‌المثل انگلیسی ارائه شده است و از شما خواسته می‌شود تشخیص دهید کدام‌ یک از آن‌ها از نظر کاربرد و معنا بیشترین شباهت را با ضرب‌المثل فارسی داده‌شده دارد.

وظیفه‌ی شما این است که تنها یک گزینه‌ی صحیح را انتخاب کنید. پاسخ شما باید فقط شامل حرف گزینه‌ی درست (الف یا ب) باشد و هیچ متن یا توضیح اضافی ارائه نکنید.

ضرب‌المثل فارسی:
شق‌القمر کرده!

سؤال:
کدام‌ یک از این دو ضرب‌المثل انگلیسی از نظر کاربرد و معنا بیشترین شباهت را با ضرب‌المثل فارسی داده‌شده دارد؟

گزینه‌ها:
الف) Move mountains.
ب) Shoot for the moon.","{'الف': 'Equivalent', 'ب': 'Irrelevant'}"
"شما یک مدل زبانی هستید که برای تشخیص معادل معنایی مناسب ضرب‌المثل‌های فارسی در زبان انگلیسی طراحی شده‌اید.

به شما یک ضرب‌المثل فارسی داده می‌شود. سپس یک پرسش دوگزینه‌ای مطرح می‌شود که در آن دو ضرب‌المثل انگلیسی ارائه شده است و از شما خواسته می‌شود تشخیص دهید کدام‌ یک از آن‌ها از نظر کاربرد و معنا بیشترین شباهت را با ضرب‌المثل فارسی داده‌شده دارد.

وظیفه‌ی شما این است که تنها یک گزینه‌ی صحیح را انتخاب کنید. پاسخ شما باید فقط شامل حرف گزینه‌ی درست (الف یا ب) باشد و هیچ متن یا توضیح اضافی ارائه نکنید.

ضرب‌المثل فارسی:
شکسته استخوان داند، بهای مومیایی را!

سؤال:
کدام‌ یک از این دو ضرب‌المثل انگلیسی از نظر کاربرد و معنا بیشترین شباهت را با ضرب‌المثل فارسی داده‌شده دارد؟

گزینه‌ها:
الف) Sticks and stones may break my bones, but words will never hurt me.
ب) Only the wearer knows where the shoe pinches.","{'الف': 'Irrelevant', 'ب': 'Equivalent'}"
"شما یک مدل زبانی هستید که برای تشخیص معادل معنایی مناسب ضرب‌المثل‌های فارسی در زبان انگلیسی طراحی شده‌اید.

به شما یک ضرب‌المثل فارسی داده می‌شود. سپس یک پرسش دوگزینه‌ای مطرح می‌شود که در آن دو ضرب‌المثل انگلیسی ارائه شده است و از شما خواسته می‌شود تشخیص دهید کدام‌ یک از آن‌ها از نظر کاربرد و معنا بیشترین شباهت را با ضرب‌المثل فارسی داده‌شده دارد.

وظیفه‌ی شما این است که تنها یک گزینه‌ی صحیح را انتخاب کنید. پاسخ شما باید فقط شامل حرف گزینه‌ی درست (الف یا ب) باشد و هیچ متن یا توضیح اضافی ارائه نکنید.

ضرب‌المثل فارسی:
شکم گاو و یک برگ مو؟!

سؤال:
کدام‌ یک از این دو ضرب‌المثل انگلیسی از نظر کاربرد و معنا بیشترین شباهت را با ضرب‌المثل فارسی داده‌شده دارد؟

گزینه‌ها:
الف) One's eyes are bigger than one's stomach.
ب) A drop in the ocean.","{'الف': 'Irrelevant', 'ب': 'Equivalent'}"
"شما یک مدل زبانی هستید که برای تشخیص معادل معنایی مناسب ضرب‌المثل‌های فارسی در زبان انگلیسی طراحی شده‌اید.

به شما یک ضرب‌المثل فارسی داده می‌شود. سپس یک پرسش دوگزینه‌ای مطرح می‌شود که در آن دو ضرب‌المثل انگلیسی ارائه شده است و از شما خواسته می‌شود تشخیص دهید کدام‌ یک از آن‌ها از نظر کاربرد و معنا بیشترین شباهت را با ضرب‌المثل فارسی داده‌شده دارد.

وظیفه‌ی شما این است که تنها یک گزینه‌ی صحیح را انتخاب کنید. پاسخ شما باید فقط شامل حرف گزینه‌ی درست (الف یا ب) باشد و هیچ متن یا توضیح اضافی ارائه نکنید.

ضرب‌المثل فارسی:
شکم گرسنه ایمان ندارد.

سؤال:
کدام‌ یک از این دو ضرب‌المثل انگلیسی از نظر کاربرد و معنا بیشترین شباهت را با ضرب‌المثل فارسی داده‌شده دارد؟

گزینه‌ها:
الف) An army marches on its stomach.
ب) A hungry belly has no ears.","{'الف': 'Irrelevant', 'ب': 'Equivalent'}"
"شما یک مدل زبانی هستید که برای تشخیص معادل معنایی مناسب ضرب‌المثل‌های فارسی در زبان انگلیسی طراحی شده‌اید.

به شما یک ضرب‌المثل فارسی داده می‌شود. سپس یک پرسش دوگزینه‌ای مطرح می‌شود که در آن دو ضرب‌المثل انگلیسی ارائه شده است و از شما خواسته می‌شود تشخیص دهید کدام‌ یک از آن‌ها از نظر کاربرد و معنا بیشترین شباهت را با ضرب‌المثل فارسی داده‌شده دارد.

وظیفه‌ی شما این است که تنها یک گزینه‌ی صحیح را انتخاب کنید. پاسخ شما باید فقط شامل حرف گزینه‌ی درست (الف یا ب) باشد و هیچ متن یا توضیح اضافی ارائه نکنید.

ضرب‌المثل فارسی:
شلغم هم داخل میوه‌ها شد!

سؤال:
کدام‌ یک از این دو ضرب‌المثل انگلیسی از نظر کاربرد و معنا بیشترین شباهت را با ضرب‌المثل فارسی داده‌شده دارد؟

گزینه‌ها:
الف) The apple doesn't fall far from the tree.
ب) Fools rush in where angels fear to tread.","{'الف': 'Irrelevant', 'ب': 'Equivalent'}"
"شما یک مدل زبانی هستید که برای تشخیص معادل معنایی مناسب ضرب‌المثل‌های فارسی در زبان انگلیسی طراحی شده‌اید.

به شما یک ضرب‌المثل فارسی داده می‌شود. سپس یک پرسش دوگزینه‌ای مطرح می‌شود که در آن دو ضرب‌المثل انگلیسی ارائه شده است و از شما خواسته می‌شود تشخیص دهید کدام‌ یک از آن‌ها از نظر کاربرد و معنا بیشترین شباهت را با ضرب‌المثل فارسی داده‌شده دارد.

وظیفه‌ی شما این است که تنها یک گزینه‌ی صحیح را انتخاب کنید. پاسخ شما باید فقط شامل حرف گزینه‌ی درست (الف یا ب) باشد و هیچ متن یا توضیح اضافی ارائه نکنید.

ضرب‌المثل فارسی:
شما سواره ما پیاده!

سؤال:
کدام‌ یک از این دو ضرب‌المثل انگلیسی از نظر کاربرد و معنا بیشترین شباهت را با ضرب‌المثل فارسی داده‌شده دارد؟

گزینه‌ها:
الف) Eaten bread is soon forgotten.
ب) You can lead a horse to water, but you can't make it drink.","{'الف': 'Equivalent', 'ب': 'Irrelevant'}"
"شما یک مدل زبانی هستید که برای تشخیص معادل معنایی مناسب ضرب‌المثل‌های فارسی در زبان انگلیسی طراحی شده‌اید.

به شما یک ضرب‌المثل فارسی داده می‌شود. سپس یک پرسش دوگزینه‌ای مطرح می‌شود که در آن دو ضرب‌المثل انگلیسی ارائه شده است و از شما خواسته می‌شود تشخیص دهید کدام‌ یک از آن‌ها از نظر کاربرد و معنا بیشترین شباهت را با ضرب‌المثل فارسی داده‌شده دارد.

وظیفه‌ی شما این است که تنها یک گزینه‌ی صحیح را انتخاب کنید. پاسخ شما باید فقط شامل حرف گزینه‌ی درست (الف یا ب) باشد و هیچ متن یا توضیح اضافی ارائه نکنید.

ضرب‌المثل فارسی:
شما یک اسم بگذارید تا ما صدایش کنیم.

سؤال:
کدام‌ یک از این دو ضرب‌المثل انگلیسی از نظر کاربرد و معنا بیشترین شباهت را با ضرب‌المثل فارسی داده‌شده دارد؟

گزینه‌ها:
الف) Call a spade a spade.
ب) Bell the cat.","{'الف': 'Irrelevant', 'ب': 'Equivalent'}"
"شما یک مدل زبانی هستید که برای تشخیص معادل معنایی مناسب ضرب‌المثل‌های فارسی در زبان انگلیسی طراحی شده‌اید.

به شما یک ضرب‌المثل فارسی داده می‌شود. سپس یک پرسش دوگزینه‌ای مطرح می‌شود که در آن دو ضرب‌المثل انگلیسی ارائه شده است و از شما خواسته می‌شود تشخیص دهید کدام‌ یک از آن‌ها از نظر کاربرد و معنا بیشترین شباهت را با ضرب‌المثل فارسی داده‌شده دارد.

وظیفه‌ی شما این است که تنها یک گزینه‌ی صحیح را انتخاب کنید. پاسخ شما باید فقط شامل حرف گزینه‌ی درست (الف یا ب) باشد و هیچ متن یا توضیح اضافی ارائه نکنید.

ضرب‌المثل فارسی:
شمر جلودارش نیست.

سؤال:
کدام‌ یک از این دو ضرب‌المثل انگلیسی از نظر کاربرد و معنا بیشترین شباهت را با ضرب‌المثل فارسی داده‌شده دارد؟

گزینه‌ها:
الف) He's a law unto himself.
ب) He has a heart of stone.","{'الف': 'Irrelevant', 'ب': 'Equivalent'}"
"شما یک مدل زبانی هستید که برای تشخیص معادل معنایی مناسب ضرب‌المثل‌های فارسی در زبان انگلیسی طراحی شده‌اید.

به شما یک ضرب‌المثل فارسی داده می‌شود. سپس یک پرسش دوگزینه‌ای مطرح می‌شود که در آن دو ضرب‌المثل انگلیسی ارائه شده است و از شما خواسته می‌شود تشخیص دهید کدام‌ یک از آن‌ها از نظر کاربرد و معنا بیشترین شباهت را با ضرب‌المثل فارسی داده‌شده دارد.

وظیفه‌ی شما این است که تنها یک گزینه‌ی صحیح را انتخاب کنید. پاسخ شما باید فقط شامل حرف گزینه‌ی درست (الف یا ب) باشد و هیچ متن یا توضیح اضافی ارائه نکنید.

ضرب‌المثل فارسی:
شمشیر داموکلس است!

سؤال:
کدام‌ یک از این دو ضرب‌المثل انگلیسی از نظر کاربرد و معنا بیشترین شباهت را با ضرب‌المثل فارسی داده‌شده دارد؟

گزینه‌ها:
الف) The sword of Damocles is hanging over his head.
ب) Live by the sword, die by the sword.","{'الف': 'Equivalent', 'ب': 'Irrelevant'}"
"شما یک مدل زبانی هستید که برای تشخیص معادل معنایی مناسب ضرب‌المثل‌های فارسی در زبان انگلیسی طراحی شده‌اید.

به شما یک ضرب‌المثل فارسی داده می‌شود. سپس یک پرسش دوگزینه‌ای مطرح می‌شود که در آن دو ضرب‌المثل انگلیسی ارائه شده است و از شما خواسته می‌شود تشخیص دهید کدام‌ یک از آن‌ها از نظر کاربرد و معنا بیشترین شباهت را با ضرب‌المثل فارسی داده‌شده دارد.

وظیفه‌ی شما این است که تنها یک گزینه‌ی صحیح را انتخاب کنید. پاسخ شما باید فقط شامل حرف گزینه‌ی درست (الف یا ب) باشد و هیچ متن یا توضیح اضافی ارائه نکنید.

ضرب‌المثل فارسی:
شمشیرش را از رو بسته.

سؤال:
کدام‌ یک از این دو ضرب‌المثل انگلیسی از نظر کاربرد و معنا بیشترین شباهت را با ضرب‌المثل فارسی داده‌شده دارد؟

گزینه‌ها:
الف) Throw down the gauntlet.
ب) The pen is mightier than the sword.","{'الف': 'Equivalent', 'ب': 'Irrelevant'}"
"شما یک مدل زبانی هستید که برای تشخیص معادل معنایی مناسب ضرب‌المثل‌های فارسی در زبان انگلیسی طراحی شده‌اید.

به شما یک ضرب‌المثل فارسی داده می‌شود. سپس یک پرسش دوگزینه‌ای مطرح می‌شود که در آن دو ضرب‌المثل انگلیسی ارائه شده است و از شما خواسته می‌شود تشخیص دهید کدام‌ یک از آن‌ها از نظر کاربرد و معنا بیشترین شباهت را با ضرب‌المثل فارسی داده‌شده دارد.

وظیفه‌ی شما این است که تنها یک گزینه‌ی صحیح را انتخاب کنید. پاسخ شما باید فقط شامل حرف گزینه‌ی درست (الف یا ب) باشد و هیچ متن یا توضیح اضافی ارائه نکنید.

ضرب‌المثل فارسی:
شمشیری را که صیقل نزنند زنگ می‌زند.

سؤال:
کدام‌ یک از این دو ضرب‌المثل انگلیسی از نظر کاربرد و معنا بیشترین شباهت را با ضرب‌المثل فارسی داده‌شده دارد؟

گزینه‌ها:
الف) Use it or lose it.
ب) The pen is mightier than the sword.","{'الف': 'Equivalent', 'ب': 'Irrelevant'}"
"شما یک مدل زبانی هستید که برای تشخیص معادل معنایی مناسب ضرب‌المثل‌های فارسی در زبان انگلیسی طراحی شده‌اید.

به شما یک ضرب‌المثل فارسی داده می‌شود. سپس یک پرسش دوگزینه‌ای مطرح می‌شود که در آن دو ضرب‌المثل انگلیسی ارائه شده است و از شما خواسته می‌شود تشخیص دهید کدام‌ یک از آن‌ها از نظر کاربرد و معنا بیشترین شباهت را با ضرب‌المثل فارسی داده‌شده دارد.

وظیفه‌ی شما این است که تنها یک گزینه‌ی صحیح را انتخاب کنید. پاسخ شما باید فقط شامل حرف گزینه‌ی درست (الف یا ب) باشد و هیچ متن یا توضیح اضافی ارائه نکنید.

ضرب‌المثل فارسی:
شنیدن کی بود مانند دیدن.

سؤال:
کدام‌ یک از این دو ضرب‌المثل انگلیسی از نظر کاربرد و معنا بیشترین شباهت را با ضرب‌المثل فارسی داده‌شده دارد؟

گزینه‌ها:
الف) Seeing is believing.
ب) See no evil, hear no evil, speak no evil.","{'الف': 'Equivalent', 'ب': 'Irrelevant'}"
"شما یک مدل زبانی هستید که برای تشخیص معادل معنایی مناسب ضرب‌المثل‌های فارسی در زبان انگلیسی طراحی شده‌اید.

به شما یک ضرب‌المثل فارسی داده می‌شود. سپس یک پرسش دوگزینه‌ای مطرح می‌شود که در آن دو ضرب‌المثل انگلیسی ارائه شده است و از شما خواسته می‌شود تشخیص دهید کدام‌ یک از آن‌ها از نظر کاربرد و معنا بیشترین شباهت را با ضرب‌المثل فارسی داده‌شده دارد.

وظیفه‌ی شما این است که تنها یک گزینه‌ی صحیح را انتخاب کنید. پاسخ شما باید فقط شامل حرف گزینه‌ی درست (الف یا ب) باشد و هیچ متن یا توضیح اضافی ارائه نکنید.

ضرب‌المثل فارسی:
شهر یک چشمان روی، یک چشم شو.

سؤال:
کدام‌ یک از این دو ضرب‌المثل انگلیسی از نظر کاربرد و معنا بیشترین شباهت را با ضرب‌المثل فارسی داده‌شده دارد؟

گزینه‌ها:
الف) When in Rome, do as the Romans do.
ب) In the land of the blind, the one-eyed man is king.","{'الف': 'Equivalent', 'ب': 'Irrelevant'}"
"شما یک مدل زبانی هستید که برای تشخیص معادل معنایی مناسب ضرب‌المثل‌های فارسی در زبان انگلیسی طراحی شده‌اید.

به شما یک ضرب‌المثل فارسی داده می‌شود. سپس یک پرسش دوگزینه‌ای مطرح می‌شود که در آن دو ضرب‌المثل انگلیسی ارائه شده است و از شما خواسته می‌شود تشخیص دهید کدام‌ یک از آن‌ها از نظر کاربرد و معنا بیشترین شباهت را با ضرب‌المثل فارسی داده‌شده دارد.

وظیفه‌ی شما این است که تنها یک گزینه‌ی صحیح را انتخاب کنید. پاسخ شما باید فقط شامل حرف گزینه‌ی درست (الف یا ب) باشد و هیچ متن یا توضیح اضافی ارائه نکنید.

ضرب‌المثل فارسی:
شیر اگر باشی، فلک مغلوب موزت می‌کند.

سؤال:
کدام‌ یک از این دو ضرب‌المثل انگلیسی از نظر کاربرد و معنا بیشترین شباهت را با ضرب‌المثل فارسی داده‌شده دارد؟

گزینه‌ها:
الف) Death is the great leveler.
ب) It's the last straw that breaks the camel's back.","{'الف': 'Equivalent', 'ب': 'Irrelevant'}"
"شما یک مدل زبانی هستید که برای تشخیص معادل معنایی مناسب ضرب‌المثل‌های فارسی در زبان انگلیسی طراحی شده‌اید.

به شما یک ضرب‌المثل فارسی داده می‌شود. سپس یک پرسش دوگزینه‌ای مطرح می‌شود که در آن دو ضرب‌المثل انگلیسی ارائه شده است و از شما خواسته می‌شود تشخیص دهید کدام‌ یک از آن‌ها از نظر کاربرد و معنا بیشترین شباهت را با ضرب‌المثل فارسی داده‌شده دارد.

وظیفه‌ی شما این است که تنها یک گزینه‌ی صحیح را انتخاب کنید. پاسخ شما باید فقط شامل حرف گزینه‌ی درست (الف یا ب) باشد و هیچ متن یا توضیح اضافی ارائه نکنید.

ضرب‌المثل فارسی:
شیر، شیر بود، گرچه به زنجیر بود.

سؤال:
کدام‌ یک از این دو ضرب‌المثل انگلیسی از نظر کاربرد و معنا بیشترین شباهت را با ضرب‌المثل فارسی داده‌شده دارد؟

گزینه‌ها:
الف) Class will tell.
ب) A chain is only as strong as its weakest link.","{'الف': 'Equivalent', 'ب': 'Irrelevant'}"
"شما یک مدل زبانی هستید که برای تشخیص معادل معنایی مناسب ضرب‌المثل‌های فارسی در زبان انگلیسی طراحی شده‌اید.

به شما یک ضرب‌المثل فارسی داده می‌شود. سپس یک پرسش دوگزینه‌ای مطرح می‌شود که در آن دو ضرب‌المثل انگلیسی ارائه شده است و از شما خواسته می‌شود تشخیص دهید کدام‌ یک از آن‌ها از نظر کاربرد و معنا بیشترین شباهت را با ضرب‌المثل فارسی داده‌شده دارد.

وظیفه‌ی شما این است که تنها یک گزینه‌ی صحیح را انتخاب کنید. پاسخ شما باید فقط شامل حرف گزینه‌ی درست (الف یا ب) باشد و هیچ متن یا توضیح اضافی ارائه نکنید.

ضرب‌المثل فارسی:
شیر که پیر می‌شود، روباه سوارش می‌شود.

سؤال:
کدام‌ یک از این دو ضرب‌المثل انگلیسی از نظر کاربرد و معنا بیشترین شباهت را با ضرب‌المثل فارسی داده‌شده دارد؟

گزینه‌ها:
الف) Hares may pull dead lions by the beard.
ب) You can't teach an old dog new tricks.","{'الف': 'Equivalent', 'ب': 'Irrelevant'}"
"شما یک مدل زبانی هستید که برای تشخیص معادل معنایی مناسب ضرب‌المثل‌های فارسی در زبان انگلیسی طراحی شده‌اید.

به شما یک ضرب‌المثل فارسی داده می‌شود. سپس یک پرسش دوگزینه‌ای مطرح می‌شود که در آن دو ضرب‌المثل انگلیسی ارائه شده است و از شما خواسته می‌شود تشخیص دهید کدام‌ یک از آن‌ها از نظر کاربرد و معنا بیشترین شباهت را با ضرب‌المثل فارسی داده‌شده دارد.

وظیفه‌ی شما این است که تنها یک گزینه‌ی صحیح را انتخاب کنید. پاسخ شما باید فقط شامل حرف گزینه‌ی درست (الف یا ب) باشد و هیچ متن یا توضیح اضافی ارائه نکنید.

ضرب‌المثل فارسی:
شیر ندیده جنگ، ز روباه می‌رمد

سؤال:
کدام‌ یک از این دو ضرب‌المثل انگلیسی از نظر کاربرد و معنا بیشترین شباهت را با ضرب‌المثل فارسی داده‌شده دارد؟

گزینه‌ها:
الف) A smooth sea never made a skilled sailor.
ب) Discretion is the better part of valour.","{'الف': 'Equivalent', 'ب': 'Irrelevant'}"
"شما یک مدل زبانی هستید که برای تشخیص معادل معنایی مناسب ضرب‌المثل‌های فارسی در زبان انگلیسی طراحی شده‌اید.

به شما یک ضرب‌المثل فارسی داده می‌شود. سپس یک پرسش دوگزینه‌ای مطرح می‌شود که در آن دو ضرب‌المثل انگلیسی ارائه شده است و از شما خواسته می‌شود تشخیص دهید کدام‌ یک از آن‌ها از نظر کاربرد و معنا بیشترین شباهت را با ضرب‌المثل فارسی داده‌شده دارد.

وظیفه‌ی شما این است که تنها یک گزینه‌ی صحیح را انتخاب کنید. پاسخ شما باید فقط شامل حرف گزینه‌ی درست (الف یا ب) باشد و هیچ متن یا توضیح اضافی ارائه نکنید.

ضرب‌المثل فارسی:
شیشه بشکسته را پیوند کردن مشکل است.

سؤال:
کدام‌ یک از این دو ضرب‌المثل انگلیسی از نظر کاربرد و معنا بیشترین شباهت را با ضرب‌المثل فارسی داده‌شده دارد؟

گزینه‌ها:
الف) A broken friendship may be soldered, but will never be sound.
ب) People who live in glass houses shouldn't throw stones.","{'الف': 'Equivalent', 'ب': 'Irrelevant'}"
"شما یک مدل زبانی هستید که برای تشخیص معادل معنایی مناسب ضرب‌المثل‌های فارسی در زبان انگلیسی طراحی شده‌اید.

به شما یک ضرب‌المثل فارسی داده می‌شود. سپس یک پرسش دوگزینه‌ای مطرح می‌شود که در آن دو ضرب‌المثل انگلیسی ارائه شده است و از شما خواسته می‌شود تشخیص دهید کدام‌ یک از آن‌ها از نظر کاربرد و معنا بیشترین شباهت را با ضرب‌المثل فارسی داده‌شده دارد.

وظیفه‌ی شما این است که تنها یک گزینه‌ی صحیح را انتخاب کنید. پاسخ شما باید فقط شامل حرف گزینه‌ی درست (الف یا ب) باشد و هیچ متن یا توضیح اضافی ارائه نکنید.

ضرب‌المثل فارسی:
شیشه که شکست، شکست!

سؤال:
کدام‌ یک از این دو ضرب‌المثل انگلیسی از نظر کاربرد و معنا بیشترین شباهت را با ضرب‌المثل فارسی داده‌شده دارد؟

گزینه‌ها:
الف) It's no use crying over spilled milk.
ب) Those who live in glass houses shouldn't throw stones.","{'الف': 'Equivalent', 'ب': 'Irrelevant'}"
"شما یک مدل زبانی هستید که برای تشخیص معادل معنایی مناسب ضرب‌المثل‌های فارسی در زبان انگلیسی طراحی شده‌اید.

به شما یک ضرب‌المثل فارسی داده می‌شود. سپس یک پرسش دوگزینه‌ای مطرح می‌شود که در آن دو ضرب‌المثل انگلیسی ارائه شده است و از شما خواسته می‌شود تشخیص دهید کدام‌ یک از آن‌ها از نظر کاربرد و معنا بیشترین شباهت را با ضرب‌المثل فارسی داده‌شده دارد.

وظیفه‌ی شما این است که تنها یک گزینه‌ی صحیح را انتخاب کنید. پاسخ شما باید فقط شامل حرف گزینه‌ی درست (الف یا ب) باشد و هیچ متن یا توضیح اضافی ارائه نکنید.

ضرب‌المثل فارسی:
صابون چرک را می‌برد، چرک صابون را.

سؤال:
کدام‌ یک از این دو ضرب‌المثل انگلیسی از نظر کاربرد و معنا بیشترین شباهت را با ضرب‌المثل فارسی داده‌شده دارد؟

گزینه‌ها:
الف) Cleanliness is next to godliness.
ب) He who lives by the sword, dies by the sword.","{'الف': 'Irrelevant', 'ب': 'Equivalent'}"
"شما یک مدل زبانی هستید که برای تشخیص معادل معنایی مناسب ضرب‌المثل‌های فارسی در زبان انگلیسی طراحی شده‌اید.

به شما یک ضرب‌المثل فارسی داده می‌شود. سپس یک پرسش دوگزینه‌ای مطرح می‌شود که در آن دو ضرب‌المثل انگلیسی ارائه شده است و از شما خواسته می‌شود تشخیص دهید کدام‌ یک از آن‌ها از نظر کاربرد و معنا بیشترین شباهت را با ضرب‌المثل فارسی داده‌شده دارد.

وظیفه‌ی شما این است که تنها یک گزینه‌ی صحیح را انتخاب کنید. پاسخ شما باید فقط شامل حرف گزینه‌ی درست (الف یا ب) باشد و هیچ متن یا توضیح اضافی ارائه نکنید.

ضرب‌المثل فارسی:
صابون زیر پایش مالیده.

سؤال:
کدام‌ یک از این دو ضرب‌المثل انگلیسی از نظر کاربرد و معنا بیشترین شباهت را با ضرب‌المثل فارسی داده‌شده دارد؟

گزینه‌ها:
الف) To pull the rug out from under someone.
ب) A new broom sweeps clean.","{'الف': 'Equivalent', 'ب': 'Irrelevant'}"
"شما یک مدل زبانی هستید که برای تشخیص معادل معنایی مناسب ضرب‌المثل‌های فارسی در زبان انگلیسی طراحی شده‌اید.

به شما یک ضرب‌المثل فارسی داده می‌شود. سپس یک پرسش دوگزینه‌ای مطرح می‌شود که در آن دو ضرب‌المثل انگلیسی ارائه شده است و از شما خواسته می‌شود تشخیص دهید کدام‌ یک از آن‌ها از نظر کاربرد و معنا بیشترین شباهت را با ضرب‌المثل فارسی داده‌شده دارد.

وظیفه‌ی شما این است که تنها یک گزینه‌ی صحیح را انتخاب کنید. پاسخ شما باید فقط شامل حرف گزینه‌ی درست (الف یا ب) باشد و هیچ متن یا توضیح اضافی ارائه نکنید.

ضرب‌المثل فارسی:
صابونش به تن ما هم خورده!

سؤال:
کدام‌ یک از این دو ضرب‌المثل انگلیسی از نظر کاربرد و معنا بیشترین شباهت را با ضرب‌المثل فارسی داده‌شده دارد؟

گزینه‌ها:
الف) Join the club.
ب) Cleanliness is next to godliness.","{'الف': 'Equivalent', 'ب': 'Irrelevant'}"
"شما یک مدل زبانی هستید که برای تشخیص معادل معنایی مناسب ضرب‌المثل‌های فارسی در زبان انگلیسی طراحی شده‌اید.

به شما یک ضرب‌المثل فارسی داده می‌شود. سپس یک پرسش دوگزینه‌ای مطرح می‌شود که در آن دو ضرب‌المثل انگلیسی ارائه شده است و از شما خواسته می‌شود تشخیص دهید کدام‌ یک از آن‌ها از نظر کاربرد و معنا بیشترین شباهت را با ضرب‌المثل فارسی داده‌شده دارد.

وظیفه‌ی شما این است که تنها یک گزینه‌ی صحیح را انتخاب کنید. پاسخ شما باید فقط شامل حرف گزینه‌ی درست (الف یا ب) باشد و هیچ متن یا توضیح اضافی ارائه نکنید.

ضرب‌المثل فارسی:
صبر ایوب دارد!

سؤال:
کدام‌ یک از این دو ضرب‌المثل انگلیسی از نظر کاربرد و معنا بیشترین شباهت را با ضرب‌المثل فارسی داده‌شده دارد؟

گزینه‌ها:
الف) He has the patience of Job.
ب) He has the Midas touch.","{'الف': 'Equivalent', 'ب': 'Irrelevant'}"
"شما یک مدل زبانی هستید که برای تشخیص معادل معنایی مناسب ضرب‌المثل‌های فارسی در زبان انگلیسی طراحی شده‌اید.

به شما یک ضرب‌المثل فارسی داده می‌شود. سپس یک پرسش دوگزینه‌ای مطرح می‌شود که در آن دو ضرب‌المثل انگلیسی ارائه شده است و از شما خواسته می‌شود تشخیص دهید کدام‌ یک از آن‌ها از نظر کاربرد و معنا بیشترین شباهت را با ضرب‌المثل فارسی داده‌شده دارد.

وظیفه‌ی شما این است که تنها یک گزینه‌ی صحیح را انتخاب کنید. پاسخ شما باید فقط شامل حرف گزینه‌ی درست (الف یا ب) باشد و هیچ متن یا توضیح اضافی ارائه نکنید.

ضرب‌المثل فارسی:
صبر تلخ است ولیکن بَر شیرین دارد.

سؤال:
کدام‌ یک از این دو ضرب‌المثل انگلیسی از نظر کاربرد و معنا بیشترین شباهت را با ضرب‌المثل فارسی داده‌شده دارد؟

گزینه‌ها:
الف) Patience is bitter, but its fruit is sweet.
ب) The forbidden fruit is the sweetest.","{'الف': 'Equivalent', 'ب': 'Irrelevant'}"
"شما یک مدل زبانی هستید که برای تشخیص معادل معنایی مناسب ضرب‌المثل‌های فارسی در زبان انگلیسی طراحی شده‌اید.

به شما یک ضرب‌المثل فارسی داده می‌شود. سپس یک پرسش دوگزینه‌ای مطرح می‌شود که در آن دو ضرب‌المثل انگلیسی ارائه شده است و از شما خواسته می‌شود تشخیص دهید کدام‌ یک از آن‌ها از نظر کاربرد و معنا بیشترین شباهت را با ضرب‌المثل فارسی داده‌شده دارد.

وظیفه‌ی شما این است که تنها یک گزینه‌ی صحیح را انتخاب کنید. پاسخ شما باید فقط شامل حرف گزینه‌ی درست (الف یا ب) باشد و هیچ متن یا توضیح اضافی ارائه نکنید.

ضرب‌المثل فارسی:
صبر کوتاه خدا، سی سال است.

سؤال:
کدام‌ یک از این دو ضرب‌المثل انگلیسی از نظر کاربرد و معنا بیشترین شباهت را با ضرب‌المثل فارسی داده‌شده دارد؟

گزینه‌ها:
الف) The mills of God grind slowly, but they grind exceeding small.
ب) Patience is a virtue.","{'الف': 'Equivalent', 'ب': 'Irrelevant'}"
"شما یک مدل زبانی هستید که برای تشخیص معادل معنایی مناسب ضرب‌المثل‌های فارسی در زبان انگلیسی طراحی شده‌اید.

به شما یک ضرب‌المثل فارسی داده می‌شود. سپس یک پرسش دوگزینه‌ای مطرح می‌شود که در آن دو ضرب‌المثل انگلیسی ارائه شده است و از شما خواسته می‌شود تشخیص دهید کدام‌ یک از آن‌ها از نظر کاربرد و معنا بیشترین شباهت را با ضرب‌المثل فارسی داده‌شده دارد.

وظیفه‌ی شما این است که تنها یک گزینه‌ی صحیح را انتخاب کنید. پاسخ شما باید فقط شامل حرف گزینه‌ی درست (الف یا ب) باشد و هیچ متن یا توضیح اضافی ارائه نکنید.

ضرب‌المثل فارسی:
صحرا که نمانده‌اید!

سؤال:
کدام‌ یک از این دو ضرب‌المثل انگلیسی از نظر کاربرد و معنا بیشترین شباهت را با ضرب‌المثل فارسی داده‌شده دارد؟

گزینه‌ها:
الف) The night is young.
ب) A rolling stone gathers no moss.","{'الف': 'Equivalent', 'ب': 'Irrelevant'}"
"شما یک مدل زبانی هستید که برای تشخیص معادل معنایی مناسب ضرب‌المثل‌های فارسی در زبان انگلیسی طراحی شده‌اید.

به شما یک ضرب‌المثل فارسی داده می‌شود. سپس یک پرسش دوگزینه‌ای مطرح می‌شود که در آن دو ضرب‌المثل انگلیسی ارائه شده است و از شما خواسته می‌شود تشخیص دهید کدام‌ یک از آن‌ها از نظر کاربرد و معنا بیشترین شباهت را با ضرب‌المثل فارسی داده‌شده دارد.

وظیفه‌ی شما این است که تنها یک گزینه‌ی صحیح را انتخاب کنید. پاسخ شما باید فقط شامل حرف گزینه‌ی درست (الف یا ب) باشد و هیچ متن یا توضیح اضافی ارائه نکنید.

ضرب‌المثل فارسی:
صدای حلال حلالش تا سرگردنه می‌رسد.

سؤال:
کدام‌ یک از این دو ضرب‌المثل انگلیسی از نظر کاربرد و معنا بیشترین شباهت را با ضرب‌المثل فارسی داده‌شده دارد؟

گزینه‌ها:
الف) The squeaky wheel gets the grease.
ب) He that complies against his will, is of his own opinion still.","{'الف': 'Irrelevant', 'ب': 'Equivalent'}"
"شما یک مدل زبانی هستید که برای تشخیص معادل معنایی مناسب ضرب‌المثل‌های فارسی در زبان انگلیسی طراحی شده‌اید.

به شما یک ضرب‌المثل فارسی داده می‌شود. سپس یک پرسش دوگزینه‌ای مطرح می‌شود که در آن دو ضرب‌المثل انگلیسی ارائه شده است و از شما خواسته می‌شود تشخیص دهید کدام‌ یک از آن‌ها از نظر کاربرد و معنا بیشترین شباهت را با ضرب‌المثل فارسی داده‌شده دارد.

وظیفه‌ی شما این است که تنها یک گزینه‌ی صحیح را انتخاب کنید. پاسخ شما باید فقط شامل حرف گزینه‌ی درست (الف یا ب) باشد و هیچ متن یا توضیح اضافی ارائه نکنید.

ضرب‌المثل فارسی:
صدایش از ته چاه در می‌آید.

سؤال:
کدام‌ یک از این دو ضرب‌المثل انگلیسی از نظر کاربرد و معنا بیشترین شباهت را با ضرب‌المثل فارسی داده‌شده دارد؟

گزینه‌ها:
الف) He wouldn't say boo to a goose.
ب) Truth lies at the bottom of a well.","{'الف': 'Equivalent', 'ب': 'Irrelevant'}"
"شما یک مدل زبانی هستید که برای تشخیص معادل معنایی مناسب ضرب‌المثل‌های فارسی در زبان انگلیسی طراحی شده‌اید.

به شما یک ضرب‌المثل فارسی داده می‌شود. سپس یک پرسش دوگزینه‌ای مطرح می‌شود که در آن دو ضرب‌المثل انگلیسی ارائه شده است و از شما خواسته می‌شود تشخیص دهید کدام‌ یک از آن‌ها از نظر کاربرد و معنا بیشترین شباهت را با ضرب‌المثل فارسی داده‌شده دارد.

وظیفه‌ی شما این است که تنها یک گزینه‌ی صحیح را انتخاب کنید. پاسخ شما باید فقط شامل حرف گزینه‌ی درست (الف یا ب) باشد و هیچ متن یا توضیح اضافی ارائه نکنید.

ضرب‌المثل فارسی:
صدایش از جای گرم بلند می‌شود.

سؤال:
کدام‌ یک از این دو ضرب‌المثل انگلیسی از نظر کاربرد و معنا بیشترین شباهت را با ضرب‌المثل فارسی داده‌شده دارد؟

گزینه‌ها:
الف) The squeaky wheel gets the grease.
ب) When the stomach is full, it is easy to talk of fasting.","{'الف': 'Irrelevant', 'ب': 'Equivalent'}"
"شما یک مدل زبانی هستید که برای تشخیص معادل معنایی مناسب ضرب‌المثل‌های فارسی در زبان انگلیسی طراحی شده‌اید.

به شما یک ضرب‌المثل فارسی داده می‌شود. سپس یک پرسش دوگزینه‌ای مطرح می‌شود که در آن دو ضرب‌المثل انگلیسی ارائه شده است و از شما خواسته می‌شود تشخیص دهید کدام‌ یک از آن‌ها از نظر کاربرد و معنا بیشترین شباهت را با ضرب‌المثل فارسی داده‌شده دارد.

وظیفه‌ی شما این است که تنها یک گزینه‌ی صحیح را انتخاب کنید. پاسخ شما باید فقط شامل حرف گزینه‌ی درست (الف یا ب) باشد و هیچ متن یا توضیح اضافی ارائه نکنید.

ضرب‌المثل فارسی:
صدایش به گوش خودش، خوش آمده!

سؤال:
کدام‌ یک از این دو ضرب‌المثل انگلیسی از نظر کاربرد و معنا بیشترین شباهت را با ضرب‌المثل فارسی داده‌شده دارد؟

گزینه‌ها:
الف) He likes the sound of his own voice.
ب) The squeaky wheel gets the grease.","{'الف': 'Equivalent', 'ب': 'Irrelevant'}"
"شما یک مدل زبانی هستید که برای تشخیص معادل معنایی مناسب ضرب‌المثل‌های فارسی در زبان انگلیسی طراحی شده‌اید.

به شما یک ضرب‌المثل فارسی داده می‌شود. سپس یک پرسش دوگزینه‌ای مطرح می‌شود که در آن دو ضرب‌المثل انگلیسی ارائه شده است و از شما خواسته می‌شود تشخیص دهید کدام‌ یک از آن‌ها از نظر کاربرد و معنا بیشترین شباهت را با ضرب‌المثل فارسی داده‌شده دارد.

وظیفه‌ی شما این است که تنها یک گزینه‌ی صحیح را انتخاب کنید. پاسخ شما باید فقط شامل حرف گزینه‌ی درست (الف یا ب) باشد و هیچ متن یا توضیح اضافی ارائه نکنید.

ضرب‌المثل فارسی:
صدایش صبح بلند می‌شود.

سؤال:
کدام‌ یک از این دو ضرب‌المثل انگلیسی از نظر کاربرد و معنا بیشترین شباهت را با ضرب‌المثل فارسی داده‌شده دارد؟

گزینه‌ها:
الف) The chickens will come home to roost.
ب) The early bird catches the worm.","{'الف': 'Equivalent', 'ب': 'Irrelevant'}"
"شما یک مدل زبانی هستید که برای تشخیص معادل معنایی مناسب ضرب‌المثل‌های فارسی در زبان انگلیسی طراحی شده‌اید.

به شما یک ضرب‌المثل فارسی داده می‌شود. سپس یک پرسش دوگزینه‌ای مطرح می‌شود که در آن دو ضرب‌المثل انگلیسی ارائه شده است و از شما خواسته می‌شود تشخیص دهید کدام‌ یک از آن‌ها از نظر کاربرد و معنا بیشترین شباهت را با ضرب‌المثل فارسی داده‌شده دارد.

وظیفه‌ی شما این است که تنها یک گزینه‌ی صحیح را انتخاب کنید. پاسخ شما باید فقط شامل حرف گزینه‌ی درست (الف یا ب) باشد و هیچ متن یا توضیح اضافی ارائه نکنید.

ضرب‌المثل فارسی:
صد تا چاقو بسازد، یکی‌اش دسته ندارد.

سؤال:
کدام‌ یک از این دو ضرب‌المثل انگلیسی از نظر کاربرد و معنا بیشترین شباهت را با ضرب‌المثل فارسی داده‌شده دارد؟

گزینه‌ها:
الف) All bark and no bite.
ب) A bad workman always blames his tools.","{'الف': 'Equivalent', 'ب': 'Irrelevant'}"
"شما یک مدل زبانی هستید که برای تشخیص معادل معنایی مناسب ضرب‌المثل‌های فارسی در زبان انگلیسی طراحی شده‌اید.

به شما یک ضرب‌المثل فارسی داده می‌شود. سپس یک پرسش دوگزینه‌ای مطرح می‌شود که در آن دو ضرب‌المثل انگلیسی ارائه شده است و از شما خواسته می‌شود تشخیص دهید کدام‌ یک از آن‌ها از نظر کاربرد و معنا بیشترین شباهت را با ضرب‌المثل فارسی داده‌شده دارد.

وظیفه‌ی شما این است که تنها یک گزینه‌ی صحیح را انتخاب کنید. پاسخ شما باید فقط شامل حرف گزینه‌ی درست (الف یا ب) باشد و هیچ متن یا توضیح اضافی ارائه نکنید.

ضرب‌المثل فارسی:
صد تا کوزه نو می‌شکند تا یک کهنه.

سؤال:
کدام‌ یک از این دو ضرب‌المثل انگلیسی از نظر کاربرد و معنا بیشترین شباهت را با ضرب‌المثل فارسی داده‌شده دارد؟

گزینه‌ها:
الف) A watched pot never boils.
ب) The young may die, the old must die.","{'الف': 'Irrelevant', 'ب': 'Equivalent'}"
"شما یک مدل زبانی هستید که برای تشخیص معادل معنایی مناسب ضرب‌المثل‌های فارسی در زبان انگلیسی طراحی شده‌اید.

به شما یک ضرب‌المثل فارسی داده می‌شود. سپس یک پرسش دوگزینه‌ای مطرح می‌شود که در آن دو ضرب‌المثل انگلیسی ارائه شده است و از شما خواسته می‌شود تشخیص دهید کدام‌ یک از آن‌ها از نظر کاربرد و معنا بیشترین شباهت را با ضرب‌المثل فارسی داده‌شده دارد.

وظیفه‌ی شما این است که تنها یک گزینه‌ی صحیح را انتخاب کنید. پاسخ شما باید فقط شامل حرف گزینه‌ی درست (الف یا ب) باشد و هیچ متن یا توضیح اضافی ارائه نکنید.

ضرب‌المثل فارسی:
صد در شود گشاده، چو بسته شود دری.

سؤال:
کدام‌ یک از این دو ضرب‌المثل انگلیسی از نظر کاربرد و معنا بیشترین شباهت را با ضرب‌المثل فارسی داده‌شده دارد؟

گزینه‌ها:
الف) An open door may tempt a saint.
ب) When one door closes, another one opens.","{'الف': 'Irrelevant', 'ب': 'Equivalent'}"
"شما یک مدل زبانی هستید که برای تشخیص معادل معنایی مناسب ضرب‌المثل‌های فارسی در زبان انگلیسی طراحی شده‌اید.

به شما یک ضرب‌المثل فارسی داده می‌شود. سپس یک پرسش دوگزینه‌ای مطرح می‌شود که در آن دو ضرب‌المثل انگلیسی ارائه شده است و از شما خواسته می‌شود تشخیص دهید کدام‌ یک از آن‌ها از نظر کاربرد و معنا بیشترین شباهت را با ضرب‌المثل فارسی داده‌شده دارد.

وظیفه‌ی شما این است که تنها یک گزینه‌ی صحیح را انتخاب کنید. پاسخ شما باید فقط شامل حرف گزینه‌ی درست (الف یا ب) باشد و هیچ متن یا توضیح اضافی ارائه نکنید.

ضرب‌المثل فارسی:
صد سر را کلاه است، صد کور را عصا.

سؤال:
کدام‌ یک از این دو ضرب‌المثل انگلیسی از نظر کاربرد و معنا بیشترین شباهت را با ضرب‌المثل فارسی داده‌شده دارد؟

گزینه‌ها:
الف) He has many strings to his bow.
ب) The blind leading the blind.","{'الف': 'Equivalent', 'ب': 'Irrelevant'}"
"شما یک مدل زبانی هستید که برای تشخیص معادل معنایی مناسب ضرب‌المثل‌های فارسی در زبان انگلیسی طراحی شده‌اید.

به شما یک ضرب‌المثل فارسی داده می‌شود. سپس یک پرسش دوگزینه‌ای مطرح می‌شود که در آن دو ضرب‌المثل انگلیسی ارائه شده است و از شما خواسته می‌شود تشخیص دهید کدام‌ یک از آن‌ها از نظر کاربرد و معنا بیشترین شباهت را با ضرب‌المثل فارسی داده‌شده دارد.

وظیفه‌ی شما این است که تنها یک گزینه‌ی صحیح را انتخاب کنید. پاسخ شما باید فقط شامل حرف گزینه‌ی درست (الف یا ب) باشد و هیچ متن یا توضیح اضافی ارائه نکنید.

ضرب‌المثل فارسی:
صد موش را یک گربه بس است.

سؤال:
کدام‌ یک از این دو ضرب‌المثل انگلیسی از نظر کاربرد و معنا بیشترین شباهت را با ضرب‌المثل فارسی داده‌شده دارد؟

گزینه‌ها:
الف) When the cat's away, the mice will play.
ب) An army of sheep led by a lion is better than an army of lions led by a sheep.","{'الف': 'Irrelevant', 'ب': 'Equivalent'}"
"شما یک مدل زبانی هستید که برای تشخیص معادل معنایی مناسب ضرب‌المثل‌های فارسی در زبان انگلیسی طراحی شده‌اید.

به شما یک ضرب‌المثل فارسی داده می‌شود. سپس یک پرسش دوگزینه‌ای مطرح می‌شود که در آن دو ضرب‌المثل انگلیسی ارائه شده است و از شما خواسته می‌شود تشخیص دهید کدام‌ یک از آن‌ها از نظر کاربرد و معنا بیشترین شباهت را با ضرب‌المثل فارسی داده‌شده دارد.

وظیفه‌ی شما این است که تنها یک گزینه‌ی صحیح را انتخاب کنید. پاسخ شما باید فقط شامل حرف گزینه‌ی درست (الف یا ب) باشد و هیچ متن یا توضیح اضافی ارائه نکنید.

ضرب‌المثل فارسی:
صرف خانه بهتر از سور بغداد است.

سؤال:
کدام‌ یک از این دو ضرب‌المثل انگلیسی از نظر کاربرد و معنا بیشترین شباهت را با ضرب‌المثل فارسی داده‌شده دارد؟

گزینه‌ها:
الف) East or West, home is best.
ب) A bird in the hand is worth two in the bush.","{'الف': 'Irrelevant', 'ب': 'Equivalent'}"
"شما یک مدل زبانی هستید که برای تشخیص معادل معنایی مناسب ضرب‌المثل‌های فارسی در زبان انگلیسی طراحی شده‌اید.

به شما یک ضرب‌المثل فارسی داده می‌شود. سپس یک پرسش دوگزینه‌ای مطرح می‌شود که در آن دو ضرب‌المثل انگلیسی ارائه شده است و از شما خواسته می‌شود تشخیص دهید کدام‌ یک از آن‌ها از نظر کاربرد و معنا بیشترین شباهت را با ضرب‌المثل فارسی داده‌شده دارد.

وظیفه‌ی شما این است که تنها یک گزینه‌ی صحیح را انتخاب کنید. پاسخ شما باید فقط شامل حرف گزینه‌ی درست (الف یا ب) باشد و هیچ متن یا توضیح اضافی ارائه نکنید.

ضرب‌المثل فارسی:
صفای هر چمن از روی باغبان پیداست.

سؤال:
کدام‌ یک از این دو ضرب‌المثل انگلیسی از نظر کاربرد و معنا بیشترین شباهت را با ضرب‌المثل فارسی داده‌شده دارد؟

گزینه‌ها:
الف) The grass is always greener on the other side of the fence.
ب) The face is the index of the mind.","{'الف': 'Irrelevant', 'ب': 'Equivalent'}"
"شما یک مدل زبانی هستید که برای تشخیص معادل معنایی مناسب ضرب‌المثل‌های فارسی در زبان انگلیسی طراحی شده‌اید.

به شما یک ضرب‌المثل فارسی داده می‌شود. سپس یک پرسش دوگزینه‌ای مطرح می‌شود که در آن دو ضرب‌المثل انگلیسی ارائه شده است و از شما خواسته می‌شود تشخیص دهید کدام‌ یک از آن‌ها از نظر کاربرد و معنا بیشترین شباهت را با ضرب‌المثل فارسی داده‌شده دارد.

وظیفه‌ی شما این است که تنها یک گزینه‌ی صحیح را انتخاب کنید. پاسخ شما باید فقط شامل حرف گزینه‌ی درست (الف یا ب) باشد و هیچ متن یا توضیح اضافی ارائه نکنید.

ضرب‌المثل فارسی:
صلاح کار کجا و من خراب کجا؟!

سؤال:
کدام‌ یک از این دو ضرب‌المثل انگلیسی از نظر کاربرد و معنا بیشترین شباهت را با ضرب‌المثل فارسی داده‌شده دارد؟

گزینه‌ها:
الف) If it ain't broke, don't fix it.
ب) Let the cobbler stick to his last.","{'الف': 'Irrelevant', 'ب': 'Equivalent'}"
"شما یک مدل زبانی هستید که برای تشخیص معادل معنایی مناسب ضرب‌المثل‌های فارسی در زبان انگلیسی طراحی شده‌اید.

به شما یک ضرب‌المثل فارسی داده می‌شود. سپس یک پرسش دوگزینه‌ای مطرح می‌شود که در آن دو ضرب‌المثل انگلیسی ارائه شده است و از شما خواسته می‌شود تشخیص دهید کدام‌ یک از آن‌ها از نظر کاربرد و معنا بیشترین شباهت را با ضرب‌المثل فارسی داده‌شده دارد.

وظیفه‌ی شما این است که تنها یک گزینه‌ی صحیح را انتخاب کنید. پاسخ شما باید فقط شامل حرف گزینه‌ی درست (الف یا ب) باشد و هیچ متن یا توضیح اضافی ارائه نکنید.

ضرب‌المثل فارسی:
صلاح مملکت خویش، خسروان دانند.

سؤال:
کدام‌ یک از این دو ضرب‌المثل انگلیسی از نظر کاربرد و معنا بیشترین شباهت را با ضرب‌المثل فارسی داده‌شده دارد؟

گزینه‌ها:
الف) Uneasy lies the head that wears a crown.
ب) The ball is in your court.","{'الف': 'Irrelevant', 'ب': 'Equivalent'}"
"شما یک مدل زبانی هستید که برای تشخیص معادل معنایی مناسب ضرب‌المثل‌های فارسی در زبان انگلیسی طراحی شده‌اید.

به شما یک ضرب‌المثل فارسی داده می‌شود. سپس یک پرسش دوگزینه‌ای مطرح می‌شود که در آن دو ضرب‌المثل انگلیسی ارائه شده است و از شما خواسته می‌شود تشخیص دهید کدام‌ یک از آن‌ها از نظر کاربرد و معنا بیشترین شباهت را با ضرب‌المثل فارسی داده‌شده دارد.

وظیفه‌ی شما این است که تنها یک گزینه‌ی صحیح را انتخاب کنید. پاسخ شما باید فقط شامل حرف گزینه‌ی درست (الف یا ب) باشد و هیچ متن یا توضیح اضافی ارائه نکنید.

ضرب‌المثل فارسی:
صورتش را با سیلی سرخ می‌کند.

سؤال:
کدام‌ یک از این دو ضرب‌المثل انگلیسی از نظر کاربرد و معنا بیشترین شباهت را با ضرب‌المثل فارسی داده‌شده دارد؟

گزینه‌ها:
الف) Keeping up appearances.
ب) Turn the other cheek.","{'الف': 'Equivalent', 'ب': 'Irrelevant'}"
"شما یک مدل زبانی هستید که برای تشخیص معادل معنایی مناسب ضرب‌المثل‌های فارسی در زبان انگلیسی طراحی شده‌اید.

به شما یک ضرب‌المثل فارسی داده می‌شود. سپس یک پرسش دوگزینه‌ای مطرح می‌شود که در آن دو ضرب‌المثل انگلیسی ارائه شده است و از شما خواسته می‌شود تشخیص دهید کدام‌ یک از آن‌ها از نظر کاربرد و معنا بیشترین شباهت را با ضرب‌المثل فارسی داده‌شده دارد.

وظیفه‌ی شما این است که تنها یک گزینه‌ی صحیح را انتخاب کنید. پاسخ شما باید فقط شامل حرف گزینه‌ی درست (الف یا ب) باشد و هیچ متن یا توضیح اضافی ارائه نکنید.

ضرب‌المثل فارسی:
صورتی در زیر دارد آنچه در بالاستی.

سؤال:
کدام‌ یک از این دو ضرب‌المثل انگلیسی از نظر کاربرد و معنا بیشترین شباهت را با ضرب‌المثل فارسی داده‌شده دارد؟

گزینه‌ها:
الف) Every cloud has a silver lining.
ب) Don't judge a book by its cover.","{'الف': 'Irrelevant', 'ب': 'Equivalent'}"
"شما یک مدل زبانی هستید که برای تشخیص معادل معنایی مناسب ضرب‌المثل‌های فارسی در زبان انگلیسی طراحی شده‌اید.

به شما یک ضرب‌المثل فارسی داده می‌شود. سپس یک پرسش دوگزینه‌ای مطرح می‌شود که در آن دو ضرب‌المثل انگلیسی ارائه شده است و از شما خواسته می‌شود تشخیص دهید کدام‌ یک از آن‌ها از نظر کاربرد و معنا بیشترین شباهت را با ضرب‌المثل فارسی داده‌شده دارد.

وظیفه‌ی شما این است که تنها یک گزینه‌ی صحیح را انتخاب کنید. پاسخ شما باید فقط شامل حرف گزینه‌ی درست (الف یا ب) باشد و هیچ متن یا توضیح اضافی ارائه نکنید.

ضرب‌المثل فارسی:
صولت سیلاب را تمکین دریا شکند.

سؤال:
کدام‌ یک از این دو ضرب‌المثل انگلیسی از نظر کاربرد و معنا بیشترین شباهت را با ضرب‌المثل فارسی داده‌شده دارد؟

گزینه‌ها:
الف) Still waters run deep.
ب) A soft answer turneth away wrath.","{'الف': 'Irrelevant', 'ب': 'Equivalent'}"
"شما یک مدل زبانی هستید که برای تشخیص معادل معنایی مناسب ضرب‌المثل‌های فارسی در زبان انگلیسی طراحی شده‌اید.

به شما یک ضرب‌المثل فارسی داده می‌شود. سپس یک پرسش دوگزینه‌ای مطرح می‌شود که در آن دو ضرب‌المثل انگلیسی ارائه شده است و از شما خواسته می‌شود تشخیص دهید کدام‌ یک از آن‌ها از نظر کاربرد و معنا بیشترین شباهت را با ضرب‌المثل فارسی داده‌شده دارد.

وظیفه‌ی شما این است که تنها یک گزینه‌ی صحیح را انتخاب کنید. پاسخ شما باید فقط شامل حرف گزینه‌ی درست (الف یا ب) باشد و هیچ متن یا توضیح اضافی ارائه نکنید.

ضرب‌المثل فارسی:
صید را چون اجل آید، پی صیاد رود.

سؤال:
کدام‌ یک از این دو ضرب‌المثل انگلیسی از نظر کاربرد و معنا بیشترین شباهت را با ضرب‌المثل فارسی داده‌شده دارد؟

گزینه‌ها:
الف) The early bird catches the worm.
ب) He who is born to be hanged will never be drowned.","{'الف': 'Irrelevant', 'ب': 'Equivalent'}"
"شما یک مدل زبانی هستید که برای تشخیص معادل معنایی مناسب ضرب‌المثل‌های فارسی در زبان انگلیسی طراحی شده‌اید.

به شما یک ضرب‌المثل فارسی داده می‌شود. سپس یک پرسش دوگزینه‌ای مطرح می‌شود که در آن دو ضرب‌المثل انگلیسی ارائه شده است و از شما خواسته می‌شود تشخیص دهید کدام‌ یک از آن‌ها از نظر کاربرد و معنا بیشترین شباهت را با ضرب‌المثل فارسی داده‌شده دارد.

وظیفه‌ی شما این است که تنها یک گزینه‌ی صحیح را انتخاب کنید. پاسخ شما باید فقط شامل حرف گزینه‌ی درست (الف یا ب) باشد و هیچ متن یا توضیح اضافی ارائه نکنید.

ضرب‌المثل فارسی:
ضامن بهشت و دوزخ او نیستم.

سؤال:
کدام‌ یک از این دو ضرب‌المثل انگلیسی از نظر کاربرد و معنا بیشترین شباهت را با ضرب‌المثل فارسی داده‌شده دارد؟

گزینه‌ها:
الف) I am not my brother's keeper.
ب) The road to hell is paved with good intentions.","{'الف': 'Equivalent', 'ب': 'Irrelevant'}"
"شما یک مدل زبانی هستید که برای تشخیص معادل معنایی مناسب ضرب‌المثل‌های فارسی در زبان انگلیسی طراحی شده‌اید.

به شما یک ضرب‌المثل فارسی داده می‌شود. سپس یک پرسش دوگزینه‌ای مطرح می‌شود که در آن دو ضرب‌المثل انگلیسی ارائه شده است و از شما خواسته می‌شود تشخیص دهید کدام‌ یک از آن‌ها از نظر کاربرد و معنا بیشترین شباهت را با ضرب‌المثل فارسی داده‌شده دارد.

وظیفه‌ی شما این است که تنها یک گزینه‌ی صحیح را انتخاب کنید. پاسخ شما باید فقط شامل حرف گزینه‌ی درست (الف یا ب) باشد و هیچ متن یا توضیح اضافی ارائه نکنید.

ضرب‌المثل فارسی:
ضامن یا دست به کیسه است یا دست به یقه!

سؤال:
کدام‌ یک از این دو ضرب‌المثل انگلیسی از نظر کاربرد و معنا بیشترین شباهت را با ضرب‌المثل فارسی داده‌شده دارد؟

گزینه‌ها:
الف) He that is surety for a stranger shall smart for it.
ب) A bird in the hand is worth two in the bush.","{'الف': 'Equivalent', 'ب': 'Irrelevant'}"
"شما یک مدل زبانی هستید که برای تشخیص معادل معنایی مناسب ضرب‌المثل‌های فارسی در زبان انگلیسی طراحی شده‌اید.

به شما یک ضرب‌المثل فارسی داده می‌شود. سپس یک پرسش دوگزینه‌ای مطرح می‌شود که در آن دو ضرب‌المثل انگلیسی ارائه شده است و از شما خواسته می‌شود تشخیص دهید کدام‌ یک از آن‌ها از نظر کاربرد و معنا بیشترین شباهت را با ضرب‌المثل فارسی داده‌شده دارد.

وظیفه‌ی شما این است که تنها یک گزینه‌ی صحیح را انتخاب کنید. پاسخ شما باید فقط شامل حرف گزینه‌ی درست (الف یا ب) باشد و هیچ متن یا توضیح اضافی ارائه نکنید.

ضرب‌المثل فارسی:
ضرب دستش را چشیده!

سؤال:
کدام‌ یک از این دو ضرب‌المثل انگلیسی از نظر کاربرد و معنا بیشترین شباهت را با ضرب‌المثل فارسی داده‌شده دارد؟

گزینه‌ها:
الف) An iron fist in a velvet glove.
ب) Once bitten, twice shy.","{'الف': 'Irrelevant', 'ب': 'Equivalent'}"
"شما یک مدل زبانی هستید که برای تشخیص معادل معنایی مناسب ضرب‌المثل‌های فارسی در زبان انگلیسی طراحی شده‌اید.

به شما یک ضرب‌المثل فارسی داده می‌شود. سپس یک پرسش دوگزینه‌ای مطرح می‌شود که در آن دو ضرب‌المثل انگلیسی ارائه شده است و از شما خواسته می‌شود تشخیص دهید کدام‌ یک از آن‌ها از نظر کاربرد و معنا بیشترین شباهت را با ضرب‌المثل فارسی داده‌شده دارد.

وظیفه‌ی شما این است که تنها یک گزینه‌ی صحیح را انتخاب کنید. پاسخ شما باید فقط شامل حرف گزینه‌ی درست (الف یا ب) باشد و هیچ متن یا توضیح اضافی ارائه نکنید.

ضرب‌المثل فارسی:
ضرب، ضرب اول است.

سؤال:
کدام‌ یک از این دو ضرب‌المثل انگلیسی از نظر کاربرد و معنا بیشترین شباهت را با ضرب‌المثل فارسی داده‌شده دارد؟

گزینه‌ها:
الف) Strike while the iron is hot.
ب) First blow is half the battle.","{'الف': 'Irrelevant', 'ب': 'Equivalent'}"
"شما یک مدل زبانی هستید که برای تشخیص معادل معنایی مناسب ضرب‌المثل‌های فارسی در زبان انگلیسی طراحی شده‌اید.

به شما یک ضرب‌المثل فارسی داده می‌شود. سپس یک پرسش دوگزینه‌ای مطرح می‌شود که در آن دو ضرب‌المثل انگلیسی ارائه شده است و از شما خواسته می‌شود تشخیص دهید کدام‌ یک از آن‌ها از نظر کاربرد و معنا بیشترین شباهت را با ضرب‌المثل فارسی داده‌شده دارد.

وظیفه‌ی شما این است که تنها یک گزینه‌ی صحیح را انتخاب کنید. پاسخ شما باید فقط شامل حرف گزینه‌ی درست (الف یا ب) باشد و هیچ متن یا توضیح اضافی ارائه نکنید.

ضرب‌المثل فارسی:
ضرری به بزغاله و بره کسی نمی‌زند.

سؤال:
کدام‌ یک از این دو ضرب‌المثل انگلیسی از نظر کاربرد و معنا بیشترین شباهت را با ضرب‌المثل فارسی داده‌شده دارد؟

گزینه‌ها:
الف) Separate the sheep from the goats.
ب) It's no skin off my nose.","{'الف': 'Irrelevant', 'ب': 'Equivalent'}"
"شما یک مدل زبانی هستید که برای تشخیص معادل معنایی مناسب ضرب‌المثل‌های فارسی در زبان انگلیسی طراحی شده‌اید.

به شما یک ضرب‌المثل فارسی داده می‌شود. سپس یک پرسش دوگزینه‌ای مطرح می‌شود که در آن دو ضرب‌المثل انگلیسی ارائه شده است و از شما خواسته می‌شود تشخیص دهید کدام‌ یک از آن‌ها از نظر کاربرد و معنا بیشترین شباهت را با ضرب‌المثل فارسی داده‌شده دارد.

وظیفه‌ی شما این است که تنها یک گزینه‌ی صحیح را انتخاب کنید. پاسخ شما باید فقط شامل حرف گزینه‌ی درست (الف یا ب) باشد و هیچ متن یا توضیح اضافی ارائه نکنید.

ضرب‌المثل فارسی:
ضیافت خور، باید خوش‌آمدگو باشد.

سؤال:
کدام‌ یک از این دو ضرب‌المثل انگلیسی از نظر کاربرد و معنا بیشترین شباهت را با ضرب‌المثل فارسی داده‌شده دارد؟

گزینه‌ها:
الف) One good turn deserves another.
ب) He who sups with the devil should have a long spoon.","{'الف': 'Equivalent', 'ب': 'Irrelevant'}"
"شما یک مدل زبانی هستید که برای تشخیص معادل معنایی مناسب ضرب‌المثل‌های فارسی در زبان انگلیسی طراحی شده‌اید.

به شما یک ضرب‌المثل فارسی داده می‌شود. سپس یک پرسش دوگزینه‌ای مطرح می‌شود که در آن دو ضرب‌المثل انگلیسی ارائه شده است و از شما خواسته می‌شود تشخیص دهید کدام‌ یک از آن‌ها از نظر کاربرد و معنا بیشترین شباهت را با ضرب‌المثل فارسی داده‌شده دارد.

وظیفه‌ی شما این است که تنها یک گزینه‌ی صحیح را انتخاب کنید. پاسخ شما باید فقط شامل حرف گزینه‌ی درست (الف یا ب) باشد و هیچ متن یا توضیح اضافی ارائه نکنید.

ضرب‌المثل فارسی:
طاس اگر راست نشیند، همه کس نراد است

سؤال:
کدام‌ یک از این دو ضرب‌المثل انگلیسی از نظر کاربرد و معنا بیشترین شباهت را با ضرب‌المثل فارسی داده‌شده دارد؟

گزینه‌ها:
الف) The die is cast.
ب) A rising tide lifts all boats.","{'الف': 'Irrelevant', 'ب': 'Equivalent'}"
"شما یک مدل زبانی هستید که برای تشخیص معادل معنایی مناسب ضرب‌المثل‌های فارسی در زبان انگلیسی طراحی شده‌اید.

به شما یک ضرب‌المثل فارسی داده می‌شود. سپس یک پرسش دوگزینه‌ای مطرح می‌شود که در آن دو ضرب‌المثل انگلیسی ارائه شده است و از شما خواسته می‌شود تشخیص دهید کدام‌ یک از آن‌ها از نظر کاربرد و معنا بیشترین شباهت را با ضرب‌المثل فارسی داده‌شده دارد.

وظیفه‌ی شما این است که تنها یک گزینه‌ی صحیح را انتخاب کنید. پاسخ شما باید فقط شامل حرف گزینه‌ی درست (الف یا ب) باشد و هیچ متن یا توضیح اضافی ارائه نکنید.

ضرب‌المثل فارسی:
طاق آسمان سوراخ شده!

سؤال:
کدام‌ یک از این دو ضرب‌المثل انگلیسی از نظر کاربرد و معنا بیشترین شباهت را با ضرب‌المثل فارسی داده‌شده دارد؟

گزینه‌ها:
الف) It's raining cats and dogs.
ب) The sky's the limit.","{'الف': 'Equivalent', 'ب': 'Irrelevant'}"
"شما یک مدل زبانی هستید که برای تشخیص معادل معنایی مناسب ضرب‌المثل‌های فارسی در زبان انگلیسی طراحی شده‌اید.

به شما یک ضرب‌المثل فارسی داده می‌شود. سپس یک پرسش دوگزینه‌ای مطرح می‌شود که در آن دو ضرب‌المثل انگلیسی ارائه شده است و از شما خواسته می‌شود تشخیص دهید کدام‌ یک از آن‌ها از نظر کاربرد و معنا بیشترین شباهت را با ضرب‌المثل فارسی داده‌شده دارد.

وظیفه‌ی شما این است که تنها یک گزینه‌ی صحیح را انتخاب کنید. پاسخ شما باید فقط شامل حرف گزینه‌ی درست (الف یا ب) باشد و هیچ متن یا توضیح اضافی ارائه نکنید.

ضرب‌المثل فارسی:
طاقت دیدن ندارد، روی پنهان می‌کند.

سؤال:
کدام‌ یک از این دو ضرب‌المثل انگلیسی از نظر کاربرد و معنا بیشترین شباهت را با ضرب‌المثل فارسی داده‌شده دارد؟

گزینه‌ها:
الف) A pretty face may hide a foul heart.
ب) To bury one's head in the sand.","{'الف': 'Irrelevant', 'ب': 'Equivalent'}"
"شما یک مدل زبانی هستید که برای تشخیص معادل معنایی مناسب ضرب‌المثل‌های فارسی در زبان انگلیسی طراحی شده‌اید.

به شما یک ضرب‌المثل فارسی داده می‌شود. سپس یک پرسش دوگزینه‌ای مطرح می‌شود که در آن دو ضرب‌المثل انگلیسی ارائه شده است و از شما خواسته می‌شود تشخیص دهید کدام‌ یک از آن‌ها از نظر کاربرد و معنا بیشترین شباهت را با ضرب‌المثل فارسی داده‌شده دارد.

وظیفه‌ی شما این است که تنها یک گزینه‌ی صحیح را انتخاب کنید. پاسخ شما باید فقط شامل حرف گزینه‌ی درست (الف یا ب) باشد و هیچ متن یا توضیح اضافی ارائه نکنید.

ضرب‌المثل فارسی:
طاقت پیکان نداری، سخت چون جوشن مباش.

سؤال:
کدام‌ یک از این دو ضرب‌المثل انگلیسی از نظر کاربرد و معنا بیشترین شباهت را با ضرب‌المثل فارسی داده‌شده دارد؟

گزینه‌ها:
الف) If you can't stand the heat, get out of the kitchen.
ب) When the going gets tough, the tough get going.","{'الف': 'Equivalent', 'ب': 'Irrelevant'}"
"شما یک مدل زبانی هستید که برای تشخیص معادل معنایی مناسب ضرب‌المثل‌های فارسی در زبان انگلیسی طراحی شده‌اید.

به شما یک ضرب‌المثل فارسی داده می‌شود. سپس یک پرسش دوگزینه‌ای مطرح می‌شود که در آن دو ضرب‌المثل انگلیسی ارائه شده است و از شما خواسته می‌شود تشخیص دهید کدام‌ یک از آن‌ها از نظر کاربرد و معنا بیشترین شباهت را با ضرب‌المثل فارسی داده‌شده دارد.

وظیفه‌ی شما این است که تنها یک گزینه‌ی صحیح را انتخاب کنید. پاسخ شما باید فقط شامل حرف گزینه‌ی درست (الف یا ب) باشد و هیچ متن یا توضیح اضافی ارائه نکنید.

ضرب‌المثل فارسی:
طبل تو خالی است.

سؤال:
کدام‌ یک از این دو ضرب‌المثل انگلیسی از نظر کاربرد و معنا بیشترین شباهت را با ضرب‌المثل فارسی داده‌شده دارد؟

گزینه‌ها:
الف) Empty vessels make the most sound.
ب) March to the beat of your own drum.","{'الف': 'Equivalent', 'ب': 'Irrelevant'}"
"شما یک مدل زبانی هستید که برای تشخیص معادل معنایی مناسب ضرب‌المثل‌های فارسی در زبان انگلیسی طراحی شده‌اید.

به شما یک ضرب‌المثل فارسی داده می‌شود. سپس یک پرسش دوگزینه‌ای مطرح می‌شود که در آن دو ضرب‌المثل انگلیسی ارائه شده است و از شما خواسته می‌شود تشخیص دهید کدام‌ یک از آن‌ها از نظر کاربرد و معنا بیشترین شباهت را با ضرب‌المثل فارسی داده‌شده دارد.

وظیفه‌ی شما این است که تنها یک گزینه‌ی صحیح را انتخاب کنید. پاسخ شما باید فقط شامل حرف گزینه‌ی درست (الف یا ب) باشد و هیچ متن یا توضیح اضافی ارائه نکنید.

ضرب‌المثل فارسی:
طبیبی که حق‌الزحمه نگیرد، نسخه‌اش دعوت‌نامۀ جهنم است.

سؤال:
کدام‌ یک از این دو ضرب‌المثل انگلیسی از نظر کاربرد و معنا بیشترین شباهت را با ضرب‌المثل فارسی داده‌شده دارد؟

گزینه‌ها:
الف) You get what you pay for.
ب) The road to hell is paved with good intentions.","{'الف': 'Equivalent', 'ب': 'Irrelevant'}"
"شما یک مدل زبانی هستید که برای تشخیص معادل معنایی مناسب ضرب‌المثل‌های فارسی در زبان انگلیسی طراحی شده‌اید.

به شما یک ضرب‌المثل فارسی داده می‌شود. سپس یک پرسش دوگزینه‌ای مطرح می‌شود که در آن دو ضرب‌المثل انگلیسی ارائه شده است و از شما خواسته می‌شود تشخیص دهید کدام‌ یک از آن‌ها از نظر کاربرد و معنا بیشترین شباهت را با ضرب‌المثل فارسی داده‌شده دارد.

وظیفه‌ی شما این است که تنها یک گزینه‌ی صحیح را انتخاب کنید. پاسخ شما باید فقط شامل حرف گزینه‌ی درست (الف یا ب) باشد و هیچ متن یا توضیح اضافی ارائه نکنید.

ضرب‌المثل فارسی:
طرف، طاق و جفت بازی می‌کند.

سؤال:
کدام‌ یک از این دو ضرب‌المثل انگلیسی از نظر کاربرد و معنا بیشترین شباهت را با ضرب‌المثل فارسی داده‌شده دارد؟

گزینه‌ها:
الف) To play cat and mouse.
ب) It takes two to tango.","{'الف': 'Equivalent', 'ب': 'Irrelevant'}"
"شما یک مدل زبانی هستید که برای تشخیص معادل معنایی مناسب ضرب‌المثل‌های فارسی در زبان انگلیسی طراحی شده‌اید.

به شما یک ضرب‌المثل فارسی داده می‌شود. سپس یک پرسش دوگزینه‌ای مطرح می‌شود که در آن دو ضرب‌المثل انگلیسی ارائه شده است و از شما خواسته می‌شود تشخیص دهید کدام‌ یک از آن‌ها از نظر کاربرد و معنا بیشترین شباهت را با ضرب‌المثل فارسی داده‌شده دارد.

وظیفه‌ی شما این است که تنها یک گزینه‌ی صحیح را انتخاب کنید. پاسخ شما باید فقط شامل حرف گزینه‌ی درست (الف یا ب) باشد و هیچ متن یا توضیح اضافی ارائه نکنید.

ضرب‌المثل فارسی:
طفل خرما دوست دارد، صبر فرماید حکیم.

سؤال:
کدام‌ یک از این دو ضرب‌المثل انگلیسی از نظر کاربرد و معنا بیشترین شباهت را با ضرب‌المثل فارسی داده‌شده دارد؟

گزینه‌ها:
الف) Forbidden fruit is the sweetest.
ب) Bitter pills may have blessed effects.","{'الف': 'Irrelevant', 'ب': 'Equivalent'}"
"شما یک مدل زبانی هستید که برای تشخیص معادل معنایی مناسب ضرب‌المثل‌های فارسی در زبان انگلیسی طراحی شده‌اید.

به شما یک ضرب‌المثل فارسی داده می‌شود. سپس یک پرسش دوگزینه‌ای مطرح می‌شود که در آن دو ضرب‌المثل انگلیسی ارائه شده است و از شما خواسته می‌شود تشخیص دهید کدام‌ یک از آن‌ها از نظر کاربرد و معنا بیشترین شباهت را با ضرب‌المثل فارسی داده‌شده دارد.

وظیفه‌ی شما این است که تنها یک گزینه‌ی صحیح را انتخاب کنید. پاسخ شما باید فقط شامل حرف گزینه‌ی درست (الف یا ب) باشد و هیچ متن یا توضیح اضافی ارائه نکنید.

ضرب‌المثل فارسی:
طفل انتظار آخر افسانه را می‌کشد.

سؤال:
کدام‌ یک از این دو ضرب‌المثل انگلیسی از نظر کاربرد و معنا بیشترین شباهت را با ضرب‌المثل فارسی داده‌شده دارد؟

گزینه‌ها:
الف) Curiosity killed the cat.
ب) All's well that ends well.","{'الف': 'Irrelevant', 'ب': 'Equivalent'}"
"شما یک مدل زبانی هستید که برای تشخیص معادل معنایی مناسب ضرب‌المثل‌های فارسی در زبان انگلیسی طراحی شده‌اید.

به شما یک ضرب‌المثل فارسی داده می‌شود. سپس یک پرسش دوگزینه‌ای مطرح می‌شود که در آن دو ضرب‌المثل انگلیسی ارائه شده است و از شما خواسته می‌شود تشخیص دهید کدام‌ یک از آن‌ها از نظر کاربرد و معنا بیشترین شباهت را با ضرب‌المثل فارسی داده‌شده دارد.

وظیفه‌ی شما این است که تنها یک گزینه‌ی صحیح را انتخاب کنید. پاسخ شما باید فقط شامل حرف گزینه‌ی درست (الف یا ب) باشد و هیچ متن یا توضیح اضافی ارائه نکنید.

ضرب‌المثل فارسی:
طلا که پاک است، چه منّتش به خاک است؟!

سؤال:
کدام‌ یک از این دو ضرب‌المثل انگلیسی از نظر کاربرد و معنا بیشترین شباهت را با ضرب‌المثل فارسی داده‌شده دارد؟

گزینه‌ها:
الف) Truth fears no trial.
ب) All that glitters is not gold.","{'الف': 'Equivalent', 'ب': 'Irrelevant'}"
"شما یک مدل زبانی هستید که برای تشخیص معادل معنایی مناسب ضرب‌المثل‌های فارسی در زبان انگلیسی طراحی شده‌اید.

به شما یک ضرب‌المثل فارسی داده می‌شود. سپس یک پرسش دوگزینه‌ای مطرح می‌شود که در آن دو ضرب‌المثل انگلیسی ارائه شده است و از شما خواسته می‌شود تشخیص دهید کدام‌ یک از آن‌ها از نظر کاربرد و معنا بیشترین شباهت را با ضرب‌المثل فارسی داده‌شده دارد.

وظیفه‌ی شما این است که تنها یک گزینه‌ی صحیح را انتخاب کنید. پاسخ شما باید فقط شامل حرف گزینه‌ی درست (الف یا ب) باشد و هیچ متن یا توضیح اضافی ارائه نکنید.

ضرب‌المثل فارسی:
طمع از نجاست سگ هم نجس‌تر است.

سؤال:
کدام‌ یک از این دو ضرب‌المثل انگلیسی از نظر کاربرد و معنا بیشترین شباهت را با ضرب‌المثل فارسی داده‌شده دارد؟

گزینه‌ها:
الف) Give a dog a bad name and hang him.
ب) Greed is the root of all evil.","{'الف': 'Irrelevant', 'ب': 'Equivalent'}"
"شما یک مدل زبانی هستید که برای تشخیص معادل معنایی مناسب ضرب‌المثل‌های فارسی در زبان انگلیسی طراحی شده‌اید.

به شما یک ضرب‌المثل فارسی داده می‌شود. سپس یک پرسش دوگزینه‌ای مطرح می‌شود که در آن دو ضرب‌المثل انگلیسی ارائه شده است و از شما خواسته می‌شود تشخیص دهید کدام‌ یک از آن‌ها از نظر کاربرد و معنا بیشترین شباهت را با ضرب‌المثل فارسی داده‌شده دارد.

وظیفه‌ی شما این است که تنها یک گزینه‌ی صحیح را انتخاب کنید. پاسخ شما باید فقط شامل حرف گزینه‌ی درست (الف یا ب) باشد و هیچ متن یا توضیح اضافی ارائه نکنید.

ضرب‌المثل فارسی:
طمع سه حرف دارد که هر سه تایش تو خالی است!

سؤال:
کدام‌ یک از این دو ضرب‌المثل انگلیسی از نظر کاربرد و معنا بیشترین شباهت را با ضرب‌المثل فارسی داده‌شده دارد؟

گزینه‌ها:
الف) Empty vessels make the most sound.
ب) Grasp all, lose all.","{'الف': 'Irrelevant', 'ب': 'Equivalent'}"
"شما یک مدل زبانی هستید که برای تشخیص معادل معنایی مناسب ضرب‌المثل‌های فارسی در زبان انگلیسی طراحی شده‌اید.

به شما یک ضرب‌المثل فارسی داده می‌شود. سپس یک پرسش دوگزینه‌ای مطرح می‌شود که در آن دو ضرب‌المثل انگلیسی ارائه شده است و از شما خواسته می‌شود تشخیص دهید کدام‌ یک از آن‌ها از نظر کاربرد و معنا بیشترین شباهت را با ضرب‌المثل فارسی داده‌شده دارد.

وظیفه‌ی شما این است که تنها یک گزینه‌ی صحیح را انتخاب کنید. پاسخ شما باید فقط شامل حرف گزینه‌ی درست (الف یا ب) باشد و هیچ متن یا توضیح اضافی ارائه نکنید.

ضرب‌المثل فارسی:
طمعش از کرم مرتضی علی بیشتر است.

سؤال:
کدام‌ یک از این دو ضرب‌المثل انگلیسی از نظر کاربرد و معنا بیشترین شباهت را با ضرب‌المثل فارسی داده‌شده دارد؟

گزینه‌ها:
الف) Robbing Peter to pay Paul.
ب) Greed knows no bounds.","{'الف': 'Irrelevant', 'ب': 'Equivalent'}"
"شما یک مدل زبانی هستید که برای تشخیص معادل معنایی مناسب ضرب‌المثل‌های فارسی در زبان انگلیسی طراحی شده‌اید.

به شما یک ضرب‌المثل فارسی داده می‌شود. سپس یک پرسش دوگزینه‌ای مطرح می‌شود که در آن دو ضرب‌المثل انگلیسی ارائه شده است و از شما خواسته می‌شود تشخیص دهید کدام‌ یک از آن‌ها از نظر کاربرد و معنا بیشترین شباهت را با ضرب‌المثل فارسی داده‌شده دارد.

وظیفه‌ی شما این است که تنها یک گزینه‌ی صحیح را انتخاب کنید. پاسخ شما باید فقط شامل حرف گزینه‌ی درست (الف یا ب) باشد و هیچ متن یا توضیح اضافی ارائه نکنید.

ضرب‌المثل فارسی:
طناب خود را از زیر بار کسی کشیدن.

سؤال:
کدام‌ یک از این دو ضرب‌المثل انگلیسی از نظر کاربرد و معنا بیشترین شباهت را با ضرب‌المثل فارسی داده‌شده دارد؟

گزینه‌ها:
الف) Give someone enough rope and they'll hang themselves.
ب) To pull the rug out from under someone.","{'الف': 'Irrelevant', 'ب': 'Equivalent'}"
"شما یک مدل زبانی هستید که برای تشخیص معادل معنایی مناسب ضرب‌المثل‌های فارسی در زبان انگلیسی طراحی شده‌اید.

به شما یک ضرب‌المثل فارسی داده می‌شود. سپس یک پرسش دوگزینه‌ای مطرح می‌شود که در آن دو ضرب‌المثل انگلیسی ارائه شده است و از شما خواسته می‌شود تشخیص دهید کدام‌ یک از آن‌ها از نظر کاربرد و معنا بیشترین شباهت را با ضرب‌المثل فارسی داده‌شده دارد.

وظیفه‌ی شما این است که تنها یک گزینه‌ی صحیح را انتخاب کنید. پاسخ شما باید فقط شامل حرف گزینه‌ی درست (الف یا ب) باشد و هیچ متن یا توضیح اضافی ارائه نکنید.

ضرب‌المثل فارسی:
طناب گدایی کسی را بریدن.

سؤال:
کدام‌ یک از این دو ضرب‌المثل انگلیسی از نظر کاربرد و معنا بیشترین شباهت را با ضرب‌المثل فارسی داده‌شده دارد؟

گزینه‌ها:
الف) Give a man a fish, and you feed him for a day. Teach a man to fish, and you feed him for a lifetime.
ب) Give someone enough rope, and they'll hang themselves.","{'الف': 'Equivalent', 'ب': 'Irrelevant'}"
"شما یک مدل زبانی هستید که برای تشخیص معادل معنایی مناسب ضرب‌المثل‌های فارسی در زبان انگلیسی طراحی شده‌اید.

به شما یک ضرب‌المثل فارسی داده می‌شود. سپس یک پرسش دوگزینه‌ای مطرح می‌شود که در آن دو ضرب‌المثل انگلیسی ارائه شده است و از شما خواسته می‌شود تشخیص دهید کدام‌ یک از آن‌ها از نظر کاربرد و معنا بیشترین شباهت را با ضرب‌المثل فارسی داده‌شده دارد.

وظیفه‌ی شما این است که تنها یک گزینه‌ی صحیح را انتخاب کنید. پاسخ شما باید فقط شامل حرف گزینه‌ی درست (الف یا ب) باشد و هیچ متن یا توضیح اضافی ارائه نکنید.

ضرب‌المثل فارسی:
طناب ظلم از کلفتی پاره می‌شود.

سؤال:
کدام‌ یک از این دو ضرب‌المثل انگلیسی از نظر کاربرد و معنا بیشترین شباهت را با ضرب‌المثل فارسی داده‌شده دارد؟

گزینه‌ها:
الف) Give a thief enough rope and he'll hang himself.
ب) A chain is only as strong as its weakest link.","{'الف': 'Equivalent', 'ب': 'Irrelevant'}"
"شما یک مدل زبانی هستید که برای تشخیص معادل معنایی مناسب ضرب‌المثل‌های فارسی در زبان انگلیسی طراحی شده‌اید.

به شما یک ضرب‌المثل فارسی داده می‌شود. سپس یک پرسش دوگزینه‌ای مطرح می‌شود که در آن دو ضرب‌المثل انگلیسی ارائه شده است و از شما خواسته می‌شود تشخیص دهید کدام‌ یک از آن‌ها از نظر کاربرد و معنا بیشترین شباهت را با ضرب‌المثل فارسی داده‌شده دارد.

وظیفه‌ی شما این است که تنها یک گزینه‌ی صحیح را انتخاب کنید. پاسخ شما باید فقط شامل حرف گزینه‌ی درست (الف یا ب) باشد و هیچ متن یا توضیح اضافی ارائه نکنید.

ضرب‌المثل فارسی:
طناب مُفت گیر بیاورد، خودش را دار می‌زند.

سؤال:
کدام‌ یک از این دو ضرب‌المثل انگلیسی از نظر کاربرد و معنا بیشترین شباهت را با ضرب‌المثل فارسی داده‌شده دارد؟

گزینه‌ها:
الف) Don't look a gift horse in the mouth.
ب) Give him enough rope, and he'll hang himself.","{'الف': 'Irrelevant', 'ب': 'Equivalent'}"
"شما یک مدل زبانی هستید که برای تشخیص معادل معنایی مناسب ضرب‌المثل‌های فارسی در زبان انگلیسی طراحی شده‌اید.

به شما یک ضرب‌المثل فارسی داده می‌شود. سپس یک پرسش دوگزینه‌ای مطرح می‌شود که در آن دو ضرب‌المثل انگلیسی ارائه شده است و از شما خواسته می‌شود تشخیص دهید کدام‌ یک از آن‌ها از نظر کاربرد و معنا بیشترین شباهت را با ضرب‌المثل فارسی داده‌شده دارد.

وظیفه‌ی شما این است که تنها یک گزینه‌ی صحیح را انتخاب کنید. پاسخ شما باید فقط شامل حرف گزینه‌ی درست (الف یا ب) باشد و هیچ متن یا توضیح اضافی ارائه نکنید.

ضرب‌المثل فارسی:
طی نکرده، گز نکن.

سؤال:
کدام‌ یک از این دو ضرب‌المثل انگلیسی از نظر کاربرد و معنا بیشترین شباهت را با ضرب‌المثل فارسی داده‌شده دارد؟

گزینه‌ها:
الف) Don't count your chickens before they hatch.
ب) Measure twice, cut once.","{'الف': 'Equivalent', 'ب': 'Irrelevant'}"
"شما یک مدل زبانی هستید که برای تشخیص معادل معنایی مناسب ضرب‌المثل‌های فارسی در زبان انگلیسی طراحی شده‌اید.

به شما یک ضرب‌المثل فارسی داده می‌شود. سپس یک پرسش دوگزینه‌ای مطرح می‌شود که در آن دو ضرب‌المثل انگلیسی ارائه شده است و از شما خواسته می‌شود تشخیص دهید کدام‌ یک از آن‌ها از نظر کاربرد و معنا بیشترین شباهت را با ضرب‌المثل فارسی داده‌شده دارد.

وظیفه‌ی شما این است که تنها یک گزینه‌ی صحیح را انتخاب کنید. پاسخ شما باید فقط شامل حرف گزینه‌ی درست (الف یا ب) باشد و هیچ متن یا توضیح اضافی ارائه نکنید.

ضرب‌المثل فارسی:
ظالم پای دیوار خودش را خراب می‌کند.

سؤال:
کدام‌ یک از این دو ضرب‌المثل انگلیسی از نظر کاربرد و معنا بیشترین شباهت را با ضرب‌المثل فارسی داده‌شده دارد؟

گزینه‌ها:
الف) Chickens come home to roost.
ب) A house divided against itself cannot stand.","{'الف': 'Equivalent', 'ب': 'Irrelevant'}"
"شما یک مدل زبانی هستید که برای تشخیص معادل معنایی مناسب ضرب‌المثل‌های فارسی در زبان انگلیسی طراحی شده‌اید.

به شما یک ضرب‌المثل فارسی داده می‌شود. سپس یک پرسش دوگزینه‌ای مطرح می‌شود که در آن دو ضرب‌المثل انگلیسی ارائه شده است و از شما خواسته می‌شود تشخیص دهید کدام‌ یک از آن‌ها از نظر کاربرد و معنا بیشترین شباهت را با ضرب‌المثل فارسی داده‌شده دارد.

وظیفه‌ی شما این است که تنها یک گزینه‌ی صحیح را انتخاب کنید. پاسخ شما باید فقط شامل حرف گزینه‌ی درست (الف یا ب) باشد و هیچ متن یا توضیح اضافی ارائه نکنید.

ضرب‌المثل فارسی:
ظالم، چرا وقتی دست داشتم ننهادی؟

سؤال:
کدام‌ یک از این دو ضرب‌المثل انگلیسی از نظر کاربرد و معنا بیشترین شباهت را با ضرب‌المثل فارسی داده‌شده دارد؟

گزینه‌ها:
الف) Strike while the iron is hot.
ب) Don't kick a man when he's down.","{'الف': 'Irrelevant', 'ب': 'Equivalent'}"
"شما یک مدل زبانی هستید که برای تشخیص معادل معنایی مناسب ضرب‌المثل‌های فارسی در زبان انگلیسی طراحی شده‌اید.

به شما یک ضرب‌المثل فارسی داده می‌شود. سپس یک پرسش دوگزینه‌ای مطرح می‌شود که در آن دو ضرب‌المثل انگلیسی ارائه شده است و از شما خواسته می‌شود تشخیص دهید کدام‌ یک از آن‌ها از نظر کاربرد و معنا بیشترین شباهت را با ضرب‌المثل فارسی داده‌شده دارد.

وظیفه‌ی شما این است که تنها یک گزینه‌ی صحیح را انتخاب کنید. پاسخ شما باید فقط شامل حرف گزینه‌ی درست (الف یا ب) باشد و هیچ متن یا توضیح اضافی ارائه نکنید.

ضرب‌المثل فارسی:
ظاهر و باطنش یکی است.

سؤال:
کدام‌ یک از این دو ضرب‌المثل انگلیسی از نظر کاربرد و معنا بیشترین شباهت را با ضرب‌المثل فارسی داده‌شده دارد؟

گزینه‌ها:
الف) What you see is what you get.
ب) Beauty is only skin deep.","{'الف': 'Equivalent', 'ب': 'Irrelevant'}"
"شما یک مدل زبانی هستید که برای تشخیص معادل معنایی مناسب ضرب‌المثل‌های فارسی در زبان انگلیسی طراحی شده‌اید.

به شما یک ضرب‌المثل فارسی داده می‌شود. سپس یک پرسش دوگزینه‌ای مطرح می‌شود که در آن دو ضرب‌المثل انگلیسی ارائه شده است و از شما خواسته می‌شود تشخیص دهید کدام‌ یک از آن‌ها از نظر کاربرد و معنا بیشترین شباهت را با ضرب‌المثل فارسی داده‌شده دارد.

وظیفه‌ی شما این است که تنها یک گزینه‌ی صحیح را انتخاب کنید. پاسخ شما باید فقط شامل حرف گزینه‌ی درست (الف یا ب) باشد و هیچ متن یا توضیح اضافی ارائه نکنید.

ضرب‌المثل فارسی:
ظرف پر کم صداست.

سؤال:
کدام‌ یک از این دو ضرب‌المثل انگلیسی از نظر کاربرد و معنا بیشترین شباهت را با ضرب‌المثل فارسی داده‌شده دارد؟

گزینه‌ها:
الف) Empty vessels make the most sound.
ب) The squeaky wheel gets the grease.","{'الف': 'Equivalent', 'ب': 'Irrelevant'}"
"شما یک مدل زبانی هستید که برای تشخیص معادل معنایی مناسب ضرب‌المثل‌های فارسی در زبان انگلیسی طراحی شده‌اید.

به شما یک ضرب‌المثل فارسی داده می‌شود. سپس یک پرسش دوگزینه‌ای مطرح می‌شود که در آن دو ضرب‌المثل انگلیسی ارائه شده است و از شما خواسته می‌شود تشخیص دهید کدام‌ یک از آن‌ها از نظر کاربرد و معنا بیشترین شباهت را با ضرب‌المثل فارسی داده‌شده دارد.

وظیفه‌ی شما این است که تنها یک گزینه‌ی صحیح را انتخاب کنید. پاسخ شما باید فقط شامل حرف گزینه‌ی درست (الف یا ب) باشد و هیچ متن یا توضیح اضافی ارائه نکنید.

ضرب‌المثل فارسی:
ظرف شکسته را به صدا امتحان کنند.

سؤال:
کدام‌ یک از این دو ضرب‌المثل انگلیسی از نظر کاربرد و معنا بیشترین شباهت را با ضرب‌المثل فارسی داده‌شده دارد؟

گزینه‌ها:
الف) The proof of the pudding is in the eating.
ب) Empty vessels make the most sound.","{'الف': 'Equivalent', 'ب': 'Irrelevant'}"
"شما یک مدل زبانی هستید که برای تشخیص معادل معنایی مناسب ضرب‌المثل‌های فارسی در زبان انگلیسی طراحی شده‌اید.

به شما یک ضرب‌المثل فارسی داده می‌شود. سپس یک پرسش دوگزینه‌ای مطرح می‌شود که در آن دو ضرب‌المثل انگلیسی ارائه شده است و از شما خواسته می‌شود تشخیص دهید کدام‌ یک از آن‌ها از نظر کاربرد و معنا بیشترین شباهت را با ضرب‌المثل فارسی داده‌شده دارد.

وظیفه‌ی شما این است که تنها یک گزینه‌ی صحیح را انتخاب کنید. پاسخ شما باید فقط شامل حرف گزینه‌ی درست (الف یا ب) باشد و هیچ متن یا توضیح اضافی ارائه نکنید.

ضرب‌المثل فارسی:
ظرفش را هم سوراخ کن، بینداز گردنت.

سؤال:
کدام‌ یک از این دو ضرب‌المثل انگلیسی از نظر کاربرد و معنا بیشترین شباهت را با ضرب‌المثل فارسی داده‌شده دارد؟

گزینه‌ها:
الف) To lick the plate clean.
ب) A millstone around one's neck.","{'الف': 'Equivalent', 'ب': 'Irrelevant'}"
"شما یک مدل زبانی هستید که برای تشخیص معادل معنایی مناسب ضرب‌المثل‌های فارسی در زبان انگلیسی طراحی شده‌اید.

به شما یک ضرب‌المثل فارسی داده می‌شود. سپس یک پرسش دوگزینه‌ای مطرح می‌شود که در آن دو ضرب‌المثل انگلیسی ارائه شده است و از شما خواسته می‌شود تشخیص دهید کدام‌ یک از آن‌ها از نظر کاربرد و معنا بیشترین شباهت را با ضرب‌المثل فارسی داده‌شده دارد.

وظیفه‌ی شما این است که تنها یک گزینه‌ی صحیح را انتخاب کنید. پاسخ شما باید فقط شامل حرف گزینه‌ی درست (الف یا ب) باشد و هیچ متن یا توضیح اضافی ارائه نکنید.

ضرب‌المثل فارسی:
عار ناید شیر را از سلسله.

سؤال:
کدام‌ یک از این دو ضرب‌المثل انگلیسی از نظر کاربرد و معنا بیشترین شباهت را با ضرب‌المثل فارسی داده‌شده دارد؟

گزینه‌ها:
الف) A chain is only as strong as its weakest link.
ب) Stone walls do not a prison make, nor iron bars a cage.","{'الف': 'Irrelevant', 'ب': 'Equivalent'}"
"شما یک مدل زبانی هستید که برای تشخیص معادل معنایی مناسب ضرب‌المثل‌های فارسی در زبان انگلیسی طراحی شده‌اید.

به شما یک ضرب‌المثل فارسی داده می‌شود. سپس یک پرسش دوگزینه‌ای مطرح می‌شود که در آن دو ضرب‌المثل انگلیسی ارائه شده است و از شما خواسته می‌شود تشخیص دهید کدام‌ یک از آن‌ها از نظر کاربرد و معنا بیشترین شباهت را با ضرب‌المثل فارسی داده‌شده دارد.

وظیفه‌ی شما این است که تنها یک گزینه‌ی صحیح را انتخاب کنید. پاسخ شما باید فقط شامل حرف گزینه‌ی درست (الف یا ب) باشد و هیچ متن یا توضیح اضافی ارائه نکنید.

ضرب‌المثل فارسی:
عاشقی کار سری نیست که بر بالین است.

سؤال:
کدام‌ یک از این دو ضرب‌المثل انگلیسی از نظر کاربرد و معنا بیشترین شباهت را با ضرب‌المثل فارسی داده‌شده دارد؟

گزینه‌ها:
الف) All's fair in love and war.
ب) No pain, no gain.","{'الف': 'Irrelevant', 'ب': 'Equivalent'}"
"شما یک مدل زبانی هستید که برای تشخیص معادل معنایی مناسب ضرب‌المثل‌های فارسی در زبان انگلیسی طراحی شده‌اید.

به شما یک ضرب‌المثل فارسی داده می‌شود. سپس یک پرسش دوگزینه‌ای مطرح می‌شود که در آن دو ضرب‌المثل انگلیسی ارائه شده است و از شما خواسته می‌شود تشخیص دهید کدام‌ یک از آن‌ها از نظر کاربرد و معنا بیشترین شباهت را با ضرب‌المثل فارسی داده‌شده دارد.

وظیفه‌ی شما این است که تنها یک گزینه‌ی صحیح را انتخاب کنید. پاسخ شما باید فقط شامل حرف گزینه‌ی درست (الف یا ب) باشد و هیچ متن یا توضیح اضافی ارائه نکنید.

ضرب‌المثل فارسی:
عاقبت این شب تاریک سحر خواهد شد.

سؤال:
کدام‌ یک از این دو ضرب‌المثل انگلیسی از نظر کاربرد و معنا بیشترین شباهت را با ضرب‌المثل فارسی داده‌شده دارد؟

گزینه‌ها:
الف) Red sky at night, sailor's delight.
ب) The darkest hour is just before the dawn.","{'الف': 'Irrelevant', 'ب': 'Equivalent'}"
"شما یک مدل زبانی هستید که برای تشخیص معادل معنایی مناسب ضرب‌المثل‌های فارسی در زبان انگلیسی طراحی شده‌اید.

به شما یک ضرب‌المثل فارسی داده می‌شود. سپس یک پرسش دوگزینه‌ای مطرح می‌شود که در آن دو ضرب‌المثل انگلیسی ارائه شده است و از شما خواسته می‌شود تشخیص دهید کدام‌ یک از آن‌ها از نظر کاربرد و معنا بیشترین شباهت را با ضرب‌المثل فارسی داده‌شده دارد.

وظیفه‌ی شما این است که تنها یک گزینه‌ی صحیح را انتخاب کنید. پاسخ شما باید فقط شامل حرف گزینه‌ی درست (الف یا ب) باشد و هیچ متن یا توضیح اضافی ارائه نکنید.

ضرب‌المثل فارسی:
عاقبت، جوینده، یابنده بود.

سؤال:
کدام‌ یک از این دو ضرب‌المثل انگلیسی از نظر کاربرد و معنا بیشترین شباهت را با ضرب‌المثل فارسی داده‌شده دارد؟

گزینه‌ها:
الف) Finders keepers, losers weepers.
ب) Seek and you shall find.","{'الف': 'Irrelevant', 'ب': 'Equivalent'}"
"شما یک مدل زبانی هستید که برای تشخیص معادل معنایی مناسب ضرب‌المثل‌های فارسی در زبان انگلیسی طراحی شده‌اید.

به شما یک ضرب‌المثل فارسی داده می‌شود. سپس یک پرسش دوگزینه‌ای مطرح می‌شود که در آن دو ضرب‌المثل انگلیسی ارائه شده است و از شما خواسته می‌شود تشخیص دهید کدام‌ یک از آن‌ها از نظر کاربرد و معنا بیشترین شباهت را با ضرب‌المثل فارسی داده‌شده دارد.

وظیفه‌ی شما این است که تنها یک گزینه‌ی صحیح را انتخاب کنید. پاسخ شما باید فقط شامل حرف گزینه‌ی درست (الف یا ب) باشد و هیچ متن یا توضیح اضافی ارائه نکنید.

ضرب‌المثل فارسی:
عاقل تا پی پل می‌گذشت، دیوانه پا برهنه از پل گذشت!

سؤال:
کدام‌ یک از این دو ضرب‌المثل انگلیسی از نظر کاربرد و معنا بیشترین شباهت را با ضرب‌المثل فارسی داده‌شده دارد؟

گزینه‌ها:
الف) Fools rush in where angels fear to tread.
ب) Fortune favors the bold.","{'الف': 'Irrelevant', 'ب': 'Equivalent'}"
"شما یک مدل زبانی هستید که برای تشخیص معادل معنایی مناسب ضرب‌المثل‌های فارسی در زبان انگلیسی طراحی شده‌اید.

به شما یک ضرب‌المثل فارسی داده می‌شود. سپس یک پرسش دوگزینه‌ای مطرح می‌شود که در آن دو ضرب‌المثل انگلیسی ارائه شده است و از شما خواسته می‌شود تشخیص دهید کدام‌ یک از آن‌ها از نظر کاربرد و معنا بیشترین شباهت را با ضرب‌المثل فارسی داده‌شده دارد.

وظیفه‌ی شما این است که تنها یک گزینه‌ی صحیح را انتخاب کنید. پاسخ شما باید فقط شامل حرف گزینه‌ی درست (الف یا ب) باشد و هیچ متن یا توضیح اضافی ارائه نکنید.

ضرب‌المثل فارسی:
عاقل نکند تکیه به دیوار شکسته.

سؤال:
کدام‌ یک از این دو ضرب‌المثل انگلیسی از نظر کاربرد و معنا بیشترین شباهت را با ضرب‌المثل فارسی داده‌شده دارد؟

گزینه‌ها:
الف) Don't build your house on sand.
ب) Walls have ears.","{'الف': 'Equivalent', 'ب': 'Irrelevant'}"
"شما یک مدل زبانی هستید که برای تشخیص معادل معنایی مناسب ضرب‌المثل‌های فارسی در زبان انگلیسی طراحی شده‌اید.

به شما یک ضرب‌المثل فارسی داده می‌شود. سپس یک پرسش دوگزینه‌ای مطرح می‌شود که در آن دو ضرب‌المثل انگلیسی ارائه شده است و از شما خواسته می‌شود تشخیص دهید کدام‌ یک از آن‌ها از نظر کاربرد و معنا بیشترین شباهت را با ضرب‌المثل فارسی داده‌شده دارد.

وظیفه‌ی شما این است که تنها یک گزینه‌ی صحیح را انتخاب کنید. پاسخ شما باید فقط شامل حرف گزینه‌ی درست (الف یا ب) باشد و هیچ متن یا توضیح اضافی ارائه نکنید.

ضرب‌المثل فارسی:
عالم شدن چه آسان، آدم شدن چه مشکل.

سؤال:
کدام‌ یک از این دو ضرب‌المثل انگلیسی از نظر کاربرد و معنا بیشترین شباهت را با ضرب‌المثل فارسی داده‌شده دارد؟

گزینه‌ها:
الف) Knowledge comes, but wisdom lingers.
ب) A leopard cannot change its spots.","{'الف': 'Equivalent', 'ب': 'Irrelevant'}"
"شما یک مدل زبانی هستید که برای تشخیص معادل معنایی مناسب ضرب‌المثل‌های فارسی در زبان انگلیسی طراحی شده‌اید.

به شما یک ضرب‌المثل فارسی داده می‌شود. سپس یک پرسش دوگزینه‌ای مطرح می‌شود که در آن دو ضرب‌المثل انگلیسی ارائه شده است و از شما خواسته می‌شود تشخیص دهید کدام‌ یک از آن‌ها از نظر کاربرد و معنا بیشترین شباهت را با ضرب‌المثل فارسی داده‌شده دارد.

وظیفه‌ی شما این است که تنها یک گزینه‌ی صحیح را انتخاب کنید. پاسخ شما باید فقط شامل حرف گزینه‌ی درست (الف یا ب) باشد و هیچ متن یا توضیح اضافی ارائه نکنید.

ضرب‌المثل فارسی:
عالمی دیگر بباید ساخت و ز نو آدمی.

سؤال:
کدام‌ یک از این دو ضرب‌المثل انگلیسی از نظر کاربرد و معنا بیشترین شباهت را با ضرب‌المثل فارسی داده‌شده دارد؟

گزینه‌ها:
الف) The times are out of joint.
ب) Rome wasn't built in a day.","{'الف': 'Equivalent', 'ب': 'Irrelevant'}"
"شما یک مدل زبانی هستید که برای تشخیص معادل معنایی مناسب ضرب‌المثل‌های فارسی در زبان انگلیسی طراحی شده‌اید.

به شما یک ضرب‌المثل فارسی داده می‌شود. سپس یک پرسش دوگزینه‌ای مطرح می‌شود که در آن دو ضرب‌المثل انگلیسی ارائه شده است و از شما خواسته می‌شود تشخیص دهید کدام‌ یک از آن‌ها از نظر کاربرد و معنا بیشترین شباهت را با ضرب‌المثل فارسی داده‌شده دارد.

وظیفه‌ی شما این است که تنها یک گزینه‌ی صحیح را انتخاب کنید. پاسخ شما باید فقط شامل حرف گزینه‌ی درست (الف یا ب) باشد و هیچ متن یا توضیح اضافی ارائه نکنید.

ضرب‌المثل فارسی:
عبارت را با عبارت فرق بسیار است.

سؤال:
کدام‌ یک از این دو ضرب‌المثل انگلیسی از نظر کاربرد و معنا بیشترین شباهت را با ضرب‌المثل فارسی داده‌شده دارد؟

گزینه‌ها:
الف) It's not what you say, but how you say it.
ب) Actions speak louder than words.","{'الف': 'Equivalent', 'ب': 'Irrelevant'}"
"شما یک مدل زبانی هستید که برای تشخیص معادل معنایی مناسب ضرب‌المثل‌های فارسی در زبان انگلیسی طراحی شده‌اید.

به شما یک ضرب‌المثل فارسی داده می‌شود. سپس یک پرسش دوگزینه‌ای مطرح می‌شود که در آن دو ضرب‌المثل انگلیسی ارائه شده است و از شما خواسته می‌شود تشخیص دهید کدام‌ یک از آن‌ها از نظر کاربرد و معنا بیشترین شباهت را با ضرب‌المثل فارسی داده‌شده دارد.

وظیفه‌ی شما این است که تنها یک گزینه‌ی صحیح را انتخاب کنید. پاسخ شما باید فقط شامل حرف گزینه‌ی درست (الف یا ب) باشد و هیچ متن یا توضیح اضافی ارائه نکنید.

ضرب‌المثل فارسی:
عجب سرگذشتی داشتی کل علی.

سؤال:
کدام‌ یک از این دو ضرب‌المثل انگلیسی از نظر کاربرد و معنا بیشترین شباهت را با ضرب‌المثل فارسی داده‌شده دارد؟

گزینه‌ها:
الف) You can't make a silk purse out of a sow's ear.
ب) Every dog has its day.","{'الف': 'Equivalent', 'ب': 'Irrelevant'}"
"شما یک مدل زبانی هستید که برای تشخیص معادل معنایی مناسب ضرب‌المثل‌های فارسی در زبان انگلیسی طراحی شده‌اید.

به شما یک ضرب‌المثل فارسی داده می‌شود. سپس یک پرسش دوگزینه‌ای مطرح می‌شود که در آن دو ضرب‌المثل انگلیسی ارائه شده است و از شما خواسته می‌شود تشخیص دهید کدام‌ یک از آن‌ها از نظر کاربرد و معنا بیشترین شباهت را با ضرب‌المثل فارسی داده‌شده دارد.

وظیفه‌ی شما این است که تنها یک گزینه‌ی صحیح را انتخاب کنید. پاسخ شما باید فقط شامل حرف گزینه‌ی درست (الف یا ب) باشد و هیچ متن یا توضیح اضافی ارائه نکنید.

ضرب‌المثل فارسی:
عجب کشکی ساییدیم، عجب ماستی خریدیم که همه دوغ پتی بود.

سؤال:
کدام‌ یک از این دو ضرب‌المثل انگلیسی از نظر کاربرد و معنا بیشترین شباهت را با ضرب‌المثل فارسی داده‌شده دارد؟

گزینه‌ها:
الف) Much ado about nothing.
ب) Too many cooks spoil the broth.","{'الف': 'Equivalent', 'ب': 'Irrelevant'}"
"شما یک مدل زبانی هستید که برای تشخیص معادل معنایی مناسب ضرب‌المثل‌های فارسی در زبان انگلیسی طراحی شده‌اید.

به شما یک ضرب‌المثل فارسی داده می‌شود. سپس یک پرسش دوگزینه‌ای مطرح می‌شود که در آن دو ضرب‌المثل انگلیسی ارائه شده است و از شما خواسته می‌شود تشخیص دهید کدام‌ یک از آن‌ها از نظر کاربرد و معنا بیشترین شباهت را با ضرب‌المثل فارسی داده‌شده دارد.

وظیفه‌ی شما این است که تنها یک گزینه‌ی صحیح را انتخاب کنید. پاسخ شما باید فقط شامل حرف گزینه‌ی درست (الف یا ب) باشد و هیچ متن یا توضیح اضافی ارائه نکنید.

ضرب‌المثل فارسی:
عدو شود سبب خیر اگر خدا خواهد.

سؤال:
کدام‌ یک از این دو ضرب‌المثل انگلیسی از نظر کاربرد و معنا بیشترین شباهت را با ضرب‌المثل فارسی داده‌شده دارد؟

گزینه‌ها:
الف) Keep your friends close, and your enemies closer.
ب) A blessing in disguise.","{'الف': 'Irrelevant', 'ب': 'Equivalent'}"
"شما یک مدل زبانی هستید که برای تشخیص معادل معنایی مناسب ضرب‌المثل‌های فارسی در زبان انگلیسی طراحی شده‌اید.

به شما یک ضرب‌المثل فارسی داده می‌شود. سپس یک پرسش دوگزینه‌ای مطرح می‌شود که در آن دو ضرب‌المثل انگلیسی ارائه شده است و از شما خواسته می‌شود تشخیص دهید کدام‌ یک از آن‌ها از نظر کاربرد و معنا بیشترین شباهت را با ضرب‌المثل فارسی داده‌شده دارد.

وظیفه‌ی شما این است که تنها یک گزینه‌ی صحیح را انتخاب کنید. پاسخ شما باید فقط شامل حرف گزینه‌ی درست (الف یا ب) باشد و هیچ متن یا توضیح اضافی ارائه نکنید.

ضرب‌المثل فارسی:
عرق هرکس به دماغ خودش بوی گلاب کاشان می‌دهد.

سؤال:
کدام‌ یک از این دو ضرب‌المثل انگلیسی از نظر کاربرد و معنا بیشترین شباهت را با ضرب‌المثل فارسی داده‌شده دارد؟

گزینه‌ها:
الف) A rose by any other name would smell as sweet.
ب) Every man thinks his own geese are swans.","{'الف': 'Irrelevant', 'ب': 'Equivalent'}"
"شما یک مدل زبانی هستید که برای تشخیص معادل معنایی مناسب ضرب‌المثل‌های فارسی در زبان انگلیسی طراحی شده‌اید.

به شما یک ضرب‌المثل فارسی داده می‌شود. سپس یک پرسش دوگزینه‌ای مطرح می‌شود که در آن دو ضرب‌المثل انگلیسی ارائه شده است و از شما خواسته می‌شود تشخیص دهید کدام‌ یک از آن‌ها از نظر کاربرد و معنا بیشترین شباهت را با ضرب‌المثل فارسی داده‌شده دارد.

وظیفه‌ی شما این است که تنها یک گزینه‌ی صحیح را انتخاب کنید. پاسخ شما باید فقط شامل حرف گزینه‌ی درست (الف یا ب) باشد و هیچ متن یا توضیح اضافی ارائه نکنید.

ضرب‌المثل فارسی:
عروس مُردنی، خونش پای مادر شوهر است.

سؤال:
کدام‌ یک از این دو ضرب‌المثل انگلیسی از نظر کاربرد و معنا بیشترین شباهت را با ضرب‌المثل فارسی داده‌شده دارد؟

گزینه‌ها:
الف) Blood is thicker than water.
ب) The straw that broke the camel's back.","{'الف': 'Irrelevant', 'ب': 'Equivalent'}"
"شما یک مدل زبانی هستید که برای تشخیص معادل معنایی مناسب ضرب‌المثل‌های فارسی در زبان انگلیسی طراحی شده‌اید.

به شما یک ضرب‌المثل فارسی داده می‌شود. سپس یک پرسش دوگزینه‌ای مطرح می‌شود که در آن دو ضرب‌المثل انگلیسی ارائه شده است و از شما خواسته می‌شود تشخیص دهید کدام‌ یک از آن‌ها از نظر کاربرد و معنا بیشترین شباهت را با ضرب‌المثل فارسی داده‌شده دارد.

وظیفه‌ی شما این است که تنها یک گزینه‌ی صحیح را انتخاب کنید. پاسخ شما باید فقط شامل حرف گزینه‌ی درست (الف یا ب) باشد و هیچ متن یا توضیح اضافی ارائه نکنید.

ضرب‌المثل فارسی:
عروس نمی‌تواند برقصد، می‌گوید زمین کج است.

سؤال:
کدام‌ یک از این دو ضرب‌المثل انگلیسی از نظر کاربرد و معنا بیشترین شباهت را با ضرب‌المثل فارسی داده‌شده دارد؟

گزینه‌ها:
الف) A bad workman always blames his tools.
ب) It takes two to tango.","{'الف': 'Equivalent', 'ب': 'Irrelevant'}"
"شما یک مدل زبانی هستید که برای تشخیص معادل معنایی مناسب ضرب‌المثل‌های فارسی در زبان انگلیسی طراحی شده‌اید.

به شما یک ضرب‌المثل فارسی داده می‌شود. سپس یک پرسش دوگزینه‌ای مطرح می‌شود که در آن دو ضرب‌المثل انگلیسی ارائه شده است و از شما خواسته می‌شود تشخیص دهید کدام‌ یک از آن‌ها از نظر کاربرد و معنا بیشترین شباهت را با ضرب‌المثل فارسی داده‌شده دارد.

وظیفه‌ی شما این است که تنها یک گزینه‌ی صحیح را انتخاب کنید. پاسخ شما باید فقط شامل حرف گزینه‌ی درست (الف یا ب) باشد و هیچ متن یا توضیح اضافی ارائه نکنید.

ضرب‌المثل فارسی:
عروسی با قرض و قوله، صبح پاتختی‌اش مثل شب اول قبر می‌ماند.

سؤال:
کدام‌ یک از این دو ضرب‌المثل انگلیسی از نظر کاربرد و معنا بیشترین شباهت را با ضرب‌المثل فارسی داده‌شده دارد؟

گزینه‌ها:
الف) After the feast comes the reckoning.
ب) Marry in haste, repent at leisure.","{'الف': 'Equivalent', 'ب': 'Irrelevant'}"
"شما یک مدل زبانی هستید که برای تشخیص معادل معنایی مناسب ضرب‌المثل‌های فارسی در زبان انگلیسی طراحی شده‌اید.

به شما یک ضرب‌المثل فارسی داده می‌شود. سپس یک پرسش دوگزینه‌ای مطرح می‌شود که در آن دو ضرب‌المثل انگلیسی ارائه شده است و از شما خواسته می‌شود تشخیص دهید کدام‌ یک از آن‌ها از نظر کاربرد و معنا بیشترین شباهت را با ضرب‌المثل فارسی داده‌شده دارد.

وظیفه‌ی شما این است که تنها یک گزینه‌ی صحیح را انتخاب کنید. پاسخ شما باید فقط شامل حرف گزینه‌ی درست (الف یا ب) باشد و هیچ متن یا توضیح اضافی ارائه نکنید.

ضرب‌المثل فارسی:
عروسی به چشم تماشاچی آسان است.

سؤال:
کدام‌ یک از این دو ضرب‌المثل انگلیسی از نظر کاربرد و معنا بیشترین شباهت را با ضرب‌المثل فارسی داده‌شده دارد؟

گزینه‌ها:
الف) Beauty is in the eye of the beholder.
ب) Easier said than done.","{'الف': 'Irrelevant', 'ب': 'Equivalent'}"
"شما یک مدل زبانی هستید که برای تشخیص معادل معنایی مناسب ضرب‌المثل‌های فارسی در زبان انگلیسی طراحی شده‌اید.

به شما یک ضرب‌المثل فارسی داده می‌شود. سپس یک پرسش دوگزینه‌ای مطرح می‌شود که در آن دو ضرب‌المثل انگلیسی ارائه شده است و از شما خواسته می‌شود تشخیص دهید کدام‌ یک از آن‌ها از نظر کاربرد و معنا بیشترین شباهت را با ضرب‌المثل فارسی داده‌شده دارد.

وظیفه‌ی شما این است که تنها یک گزینه‌ی صحیح را انتخاب کنید. پاسخ شما باید فقط شامل حرف گزینه‌ی درست (الف یا ب) باشد و هیچ متن یا توضیح اضافی ارائه نکنید.

ضرب‌المثل فارسی:
عزرائیل در خانه‌اش قدم می‌زند.

سؤال:
کدام‌ یک از این دو ضرب‌المثل انگلیسی از نظر کاربرد و معنا بیشترین شباهت را با ضرب‌المثل فارسی داده‌شده دارد؟

گزینه‌ها:
الف) To be at death's door.
ب) Fools rush in where angels fear to tread.","{'الف': 'Equivalent', 'ب': 'Irrelevant'}"
"شما یک مدل زبانی هستید که برای تشخیص معادل معنایی مناسب ضرب‌المثل‌های فارسی در زبان انگلیسی طراحی شده‌اید.

به شما یک ضرب‌المثل فارسی داده می‌شود. سپس یک پرسش دوگزینه‌ای مطرح می‌شود که در آن دو ضرب‌المثل انگلیسی ارائه شده است و از شما خواسته می‌شود تشخیص دهید کدام‌ یک از آن‌ها از نظر کاربرد و معنا بیشترین شباهت را با ضرب‌المثل فارسی داده‌شده دارد.

وظیفه‌ی شما این است که تنها یک گزینه‌ی صحیح را انتخاب کنید. پاسخ شما باید فقط شامل حرف گزینه‌ی درست (الف یا ب) باشد و هیچ متن یا توضیح اضافی ارائه نکنید.

ضرب‌المثل فارسی:
عزرائیل را جواب کرده!

سؤال:
کدام‌ یک از این دو ضرب‌المثل انگلیسی از نظر کاربرد و معنا بیشترین شباهت را با ضرب‌المثل فارسی داده‌شده دارد؟

گزینه‌ها:
الف) Speak of the devil and he shall appear.
ب) A cat has nine lives.","{'الف': 'Irrelevant', 'ب': 'Equivalent'}"
"شما یک مدل زبانی هستید که برای تشخیص معادل معنایی مناسب ضرب‌المثل‌های فارسی در زبان انگلیسی طراحی شده‌اید.

به شما یک ضرب‌المثل فارسی داده می‌شود. سپس یک پرسش دوگزینه‌ای مطرح می‌شود که در آن دو ضرب‌المثل انگلیسی ارائه شده است و از شما خواسته می‌شود تشخیص دهید کدام‌ یک از آن‌ها از نظر کاربرد و معنا بیشترین شباهت را با ضرب‌المثل فارسی داده‌شده دارد.

وظیفه‌ی شما این است که تنها یک گزینه‌ی صحیح را انتخاب کنید. پاسخ شما باید فقط شامل حرف گزینه‌ی درست (الف یا ب) باشد و هیچ متن یا توضیح اضافی ارائه نکنید.

ضرب‌المثل فارسی:
عزرائیل هم رغبت نمی‌کند به طرفش بیاید!

سؤال:
کدام‌ یک از این دو ضرب‌المثل انگلیسی از نظر کاربرد و معنا بیشترین شباهت را با ضرب‌المثل فارسی داده‌شده دارد؟

گزینه‌ها:
الف) Fools rush in where angels fear to tread.
ب) He has one foot in the grave.","{'الف': 'Irrelevant', 'ب': 'Equivalent'}"
"شما یک مدل زبانی هستید که برای تشخیص معادل معنایی مناسب ضرب‌المثل‌های فارسی در زبان انگلیسی طراحی شده‌اید.

به شما یک ضرب‌المثل فارسی داده می‌شود. سپس یک پرسش دوگزینه‌ای مطرح می‌شود که در آن دو ضرب‌المثل انگلیسی ارائه شده است و از شما خواسته می‌شود تشخیص دهید کدام‌ یک از آن‌ها از نظر کاربرد و معنا بیشترین شباهت را با ضرب‌المثل فارسی داده‌شده دارد.

وظیفه‌ی شما این است که تنها یک گزینه‌ی صحیح را انتخاب کنید. پاسخ شما باید فقط شامل حرف گزینه‌ی درست (الف یا ب) باشد و هیچ متن یا توضیح اضافی ارائه نکنید.

ضرب‌المثل فارسی:
عزیز پدر و مادر یا پهن پازن می‌شود یا مهتر.

سؤال:
کدام‌ یک از این دو ضرب‌المثل انگلیسی از نظر کاربرد و معنا بیشترین شباهت را با ضرب‌المثل فارسی داده‌شده دارد؟

گزینه‌ها:
الف) Spare the rod and spoil the child.
ب) A man cannot serve two masters.","{'الف': 'Equivalent', 'ب': 'Irrelevant'}"
"شما یک مدل زبانی هستید که برای تشخیص معادل معنایی مناسب ضرب‌المثل‌های فارسی در زبان انگلیسی طراحی شده‌اید.

به شما یک ضرب‌المثل فارسی داده می‌شود. سپس یک پرسش دوگزینه‌ای مطرح می‌شود که در آن دو ضرب‌المثل انگلیسی ارائه شده است و از شما خواسته می‌شود تشخیص دهید کدام‌ یک از آن‌ها از نظر کاربرد و معنا بیشترین شباهت را با ضرب‌المثل فارسی داده‌شده دارد.

وظیفه‌ی شما این است که تنها یک گزینه‌ی صحیح را انتخاب کنید. پاسخ شما باید فقط شامل حرف گزینه‌ی درست (الف یا ب) باشد و هیچ متن یا توضیح اضافی ارائه نکنید.

ضرب‌المثل فارسی:
عسل در باغ هست و غوره هم هست.

سؤال:
کدام‌ یک از این دو ضرب‌المثل انگلیسی از نظر کاربرد و معنا بیشترین شباهت را با ضرب‌المثل فارسی داده‌شده دارد؟

گزینه‌ها:
الف) You can catch more flies with honey than with vinegar.
ب) Every rose has its thorn.","{'الف': 'Irrelevant', 'ب': 'Equivalent'}"
"شما یک مدل زبانی هستید که برای تشخیص معادل معنایی مناسب ضرب‌المثل‌های فارسی در زبان انگلیسی طراحی شده‌اید.

به شما یک ضرب‌المثل فارسی داده می‌شود. سپس یک پرسش دوگزینه‌ای مطرح می‌شود که در آن دو ضرب‌المثل انگلیسی ارائه شده است و از شما خواسته می‌شود تشخیص دهید کدام‌ یک از آن‌ها از نظر کاربرد و معنا بیشترین شباهت را با ضرب‌المثل فارسی داده‌شده دارد.

وظیفه‌ی شما این است که تنها یک گزینه‌ی صحیح را انتخاب کنید. پاسخ شما باید فقط شامل حرف گزینه‌ی درست (الف یا ب) باشد و هیچ متن یا توضیح اضافی ارائه نکنید.

ضرب‌المثل فارسی:
عصا قورت داده!

سؤال:
کدام‌ یک از این دو ضرب‌المثل انگلیسی از نظر کاربرد و معنا بیشترین شباهت را با ضرب‌المثل فارسی داده‌شده دارد؟

گزینه‌ها:
الف) Speak softly and carry a big stick.
ب) Straight-laced.","{'الف': 'Irrelevant', 'ب': 'Equivalent'}"
"شما یک مدل زبانی هستید که برای تشخیص معادل معنایی مناسب ضرب‌المثل‌های فارسی در زبان انگلیسی طراحی شده‌اید.

به شما یک ضرب‌المثل فارسی داده می‌شود. سپس یک پرسش دوگزینه‌ای مطرح می‌شود که در آن دو ضرب‌المثل انگلیسی ارائه شده است و از شما خواسته می‌شود تشخیص دهید کدام‌ یک از آن‌ها از نظر کاربرد و معنا بیشترین شباهت را با ضرب‌المثل فارسی داده‌شده دارد.

وظیفه‌ی شما این است که تنها یک گزینه‌ی صحیح را انتخاب کنید. پاسخ شما باید فقط شامل حرف گزینه‌ی درست (الف یا ب) باشد و هیچ متن یا توضیح اضافی ارائه نکنید.

ضرب‌المثل فارسی:
عطایش را به لقایش بخشیدم.

سؤال:
کدام‌ یک از این دو ضرب‌المثل انگلیسی از نظر کاربرد و معنا بیشترین شباهت را با ضرب‌المثل فارسی داده‌شده دارد؟

گزینه‌ها:
الف) The game is not worth the candle.
ب) Don't look a gift horse in the mouth.","{'الف': 'Equivalent', 'ب': 'Irrelevant'}"
"شما یک مدل زبانی هستید که برای تشخیص معادل معنایی مناسب ضرب‌المثل‌های فارسی در زبان انگلیسی طراحی شده‌اید.

به شما یک ضرب‌المثل فارسی داده می‌شود. سپس یک پرسش دوگزینه‌ای مطرح می‌شود که در آن دو ضرب‌المثل انگلیسی ارائه شده است و از شما خواسته می‌شود تشخیص دهید کدام‌ یک از آن‌ها از نظر کاربرد و معنا بیشترین شباهت را با ضرب‌المثل فارسی داده‌شده دارد.

وظیفه‌ی شما این است که تنها یک گزینه‌ی صحیح را انتخاب کنید. پاسخ شما باید فقط شامل حرف گزینه‌ی درست (الف یا ب) باشد و هیچ متن یا توضیح اضافی ارائه نکنید.

ضرب‌المثل فارسی:
عقب خر مرده می‌گردد که پوستش را بکند.

سؤال:
کدام‌ یک از این دو ضرب‌المثل انگلیسی از نظر کاربرد و معنا بیشترین شباهت را با ضرب‌المثل فارسی داده‌شده دارد؟

گزینه‌ها:
الف) He would skin a flint.
ب) Don't beat a dead horse.","{'الف': 'Equivalent', 'ب': 'Irrelevant'}"
"شما یک مدل زبانی هستید که برای تشخیص معادل معنایی مناسب ضرب‌المثل‌های فارسی در زبان انگلیسی طراحی شده‌اید.

به شما یک ضرب‌المثل فارسی داده می‌شود. سپس یک پرسش دوگزینه‌ای مطرح می‌شود که در آن دو ضرب‌المثل انگلیسی ارائه شده است و از شما خواسته می‌شود تشخیص دهید کدام‌ یک از آن‌ها از نظر کاربرد و معنا بیشترین شباهت را با ضرب‌المثل فارسی داده‌شده دارد.

وظیفه‌ی شما این است که تنها یک گزینه‌ی صحیح را انتخاب کنید. پاسخ شما باید فقط شامل حرف گزینه‌ی درست (الف یا ب) باشد و هیچ متن یا توضیح اضافی ارائه نکنید.

ضرب‌المثل فارسی:
عقده دلش باز شده.

سؤال:
کدام‌ یک از این دو ضرب‌المثل انگلیسی از نظر کاربرد و معنا بیشترین شباهت را با ضرب‌المثل فارسی داده‌شده دارد؟

گزینه‌ها:
الف) Absence makes the heart grow fonder.
ب) A problem shared is a problem halved.","{'الف': 'Irrelevant', 'ب': 'Equivalent'}"
"شما یک مدل زبانی هستید که برای تشخیص معادل معنایی مناسب ضرب‌المثل‌های فارسی در زبان انگلیسی طراحی شده‌اید.

به شما یک ضرب‌المثل فارسی داده می‌شود. سپس یک پرسش دوگزینه‌ای مطرح می‌شود که در آن دو ضرب‌المثل انگلیسی ارائه شده است و از شما خواسته می‌شود تشخیص دهید کدام‌ یک از آن‌ها از نظر کاربرد و معنا بیشترین شباهت را با ضرب‌المثل فارسی داده‌شده دارد.

وظیفه‌ی شما این است که تنها یک گزینه‌ی صحیح را انتخاب کنید. پاسخ شما باید فقط شامل حرف گزینه‌ی درست (الف یا ب) باشد و هیچ متن یا توضیح اضافی ارائه نکنید.

ضرب‌المثل فارسی:
عقل آدمیزاد از عقب سرش می‌آید.

سؤال:
کدام‌ یک از این دو ضرب‌المثل انگلیسی از نظر کاربرد و معنا بیشترین شباهت را با ضرب‌المثل فارسی داده‌شده دارد؟

گزینه‌ها:
الف) Hindsight is 20/20.
ب) To have eyes in the back of your head.","{'الف': 'Equivalent', 'ب': 'Irrelevant'}"
"شما یک مدل زبانی هستید که برای تشخیص معادل معنایی مناسب ضرب‌المثل‌های فارسی در زبان انگلیسی طراحی شده‌اید.

به شما یک ضرب‌المثل فارسی داده می‌شود. سپس یک پرسش دوگزینه‌ای مطرح می‌شود که در آن دو ضرب‌المثل انگلیسی ارائه شده است و از شما خواسته می‌شود تشخیص دهید کدام‌ یک از آن‌ها از نظر کاربرد و معنا بیشترین شباهت را با ضرب‌المثل فارسی داده‌شده دارد.

وظیفه‌ی شما این است که تنها یک گزینه‌ی صحیح را انتخاب کنید. پاسخ شما باید فقط شامل حرف گزینه‌ی درست (الف یا ب) باشد و هیچ متن یا توضیح اضافی ارائه نکنید.

ضرب‌المثل فارسی:
عقل جن هم به این کار نمی‌رسد.

سؤال:
کدام‌ یک از این دو ضرب‌المثل انگلیسی از نظر کاربرد و معنا بیشترین شباهت را با ضرب‌المثل فارسی داده‌شده دارد؟

گزینه‌ها:
الف) It's beyond my ken.
ب) Fools rush in where angels fear to tread.","{'الف': 'Equivalent', 'ب': 'Irrelevant'}"
"شما یک مدل زبانی هستید که برای تشخیص معادل معنایی مناسب ضرب‌المثل‌های فارسی در زبان انگلیسی طراحی شده‌اید.

به شما یک ضرب‌المثل فارسی داده می‌شود. سپس یک پرسش دوگزینه‌ای مطرح می‌شود که در آن دو ضرب‌المثل انگلیسی ارائه شده است و از شما خواسته می‌شود تشخیص دهید کدام‌ یک از آن‌ها از نظر کاربرد و معنا بیشترین شباهت را با ضرب‌المثل فارسی داده‌شده دارد.

وظیفه‌ی شما این است که تنها یک گزینه‌ی صحیح را انتخاب کنید. پاسخ شما باید فقط شامل حرف گزینه‌ی درست (الف یا ب) باشد و هیچ متن یا توضیح اضافی ارائه نکنید.

ضرب‌المثل فارسی:
عقلش پاره سنگ برمی‌دارد.

سؤال:
کدام‌ یک از این دو ضرب‌المثل انگلیسی از نظر کاربرد و معنا بیشترین شباهت را با ضرب‌المثل فارسی داده‌شده دارد؟

گزینه‌ها:
الف) A rolling stone gathers no moss.
ب) He's a few bricks shy of a full load.","{'الف': 'Irrelevant', 'ب': 'Equivalent'}"
"شما یک مدل زبانی هستید که برای تشخیص معادل معنایی مناسب ضرب‌المثل‌های فارسی در زبان انگلیسی طراحی شده‌اید.

به شما یک ضرب‌المثل فارسی داده می‌شود. سپس یک پرسش دوگزینه‌ای مطرح می‌شود که در آن دو ضرب‌المثل انگلیسی ارائه شده است و از شما خواسته می‌شود تشخیص دهید کدام‌ یک از آن‌ها از نظر کاربرد و معنا بیشترین شباهت را با ضرب‌المثل فارسی داده‌شده دارد.

وظیفه‌ی شما این است که تنها یک گزینه‌ی صحیح را انتخاب کنید. پاسخ شما باید فقط شامل حرف گزینه‌ی درست (الف یا ب) باشد و هیچ متن یا توضیح اضافی ارائه نکنید.

ضرب‌المثل فارسی:
عقلش گرد است.

سؤال:
کدام‌ یک از این دو ضرب‌المثل انگلیسی از نظر کاربرد و معنا بیشترین شباهت را با ضرب‌المثل فارسی داده‌شده دارد؟

گزینه‌ها:
الف) The lights are on, but nobody's home.
ب) A square peg in a round hole.","{'الف': 'Equivalent', 'ب': 'Irrelevant'}"
"شما یک مدل زبانی هستید که برای تشخیص معادل معنایی مناسب ضرب‌المثل‌های فارسی در زبان انگلیسی طراحی شده‌اید.

به شما یک ضرب‌المثل فارسی داده می‌شود. سپس یک پرسش دوگزینه‌ای مطرح می‌شود که در آن دو ضرب‌المثل انگلیسی ارائه شده است و از شما خواسته می‌شود تشخیص دهید کدام‌ یک از آن‌ها از نظر کاربرد و معنا بیشترین شباهت را با ضرب‌المثل فارسی داده‌شده دارد.

وظیفه‌ی شما این است که تنها یک گزینه‌ی صحیح را انتخاب کنید. پاسخ شما باید فقط شامل حرف گزینه‌ی درست (الف یا ب) باشد و هیچ متن یا توضیح اضافی ارائه نکنید.

ضرب‌المثل فارسی:
عقل هر چیز به از آدمیزاد است.

سؤال:
کدام‌ یک از این دو ضرب‌المثل انگلیسی از نظر کاربرد و معنا بیشترین شباهت را با ضرب‌المثل فارسی داده‌شده دارد؟

گزینه‌ها:
الف) The proper study of mankind is man.
ب) Out of the mouths of babes.","{'الف': 'Irrelevant', 'ب': 'Equivalent'}"
"شما یک مدل زبانی هستید که برای تشخیص معادل معنایی مناسب ضرب‌المثل‌های فارسی در زبان انگلیسی طراحی شده‌اید.

به شما یک ضرب‌المثل فارسی داده می‌شود. سپس یک پرسش دوگزینه‌ای مطرح می‌شود که در آن دو ضرب‌المثل انگلیسی ارائه شده است و از شما خواسته می‌شود تشخیص دهید کدام‌ یک از آن‌ها از نظر کاربرد و معنا بیشترین شباهت را با ضرب‌المثل فارسی داده‌شده دارد.

وظیفه‌ی شما این است که تنها یک گزینه‌ی صحیح را انتخاب کنید. پاسخ شما باید فقط شامل حرف گزینه‌ی درست (الف یا ب) باشد و هیچ متن یا توضیح اضافی ارائه نکنید.

ضرب‌المثل فارسی:
عکس نان را توی قرص ماه می‌بیند.

سؤال:
کدام‌ یک از این دو ضرب‌المثل انگلیسی از نظر کاربرد و معنا بیشترین شباهت را با ضرب‌المثل فارسی داده‌شده دارد؟

گزینه‌ها:
الف) To live from hand to mouth.
ب) To cry for the moon.","{'الف': 'Equivalent', 'ب': 'Irrelevant'}"
"شما یک مدل زبانی هستید که برای تشخیص معادل معنایی مناسب ضرب‌المثل‌های فارسی در زبان انگلیسی طراحی شده‌اید.

به شما یک ضرب‌المثل فارسی داده می‌شود. سپس یک پرسش دوگزینه‌ای مطرح می‌شود که در آن دو ضرب‌المثل انگلیسی ارائه شده است و از شما خواسته می‌شود تشخیص دهید کدام‌ یک از آن‌ها از نظر کاربرد و معنا بیشترین شباهت را با ضرب‌المثل فارسی داده‌شده دارد.

وظیفه‌ی شما این است که تنها یک گزینه‌ی صحیح را انتخاب کنید. پاسخ شما باید فقط شامل حرف گزینه‌ی درست (الف یا ب) باشد و هیچ متن یا توضیح اضافی ارائه نکنید.

ضرب‌المثل فارسی:
علاج واقعه قبل از وقوع باید کرد.

سؤال:
کدام‌ یک از این دو ضرب‌المثل انگلیسی از نظر کاربرد و معنا بیشترین شباهت را با ضرب‌المثل فارسی داده‌شده دارد؟

گزینه‌ها:
الف) What can't be cured must be endured.
ب) Prevention is better than cure.","{'الف': 'Irrelevant', 'ب': 'Equivalent'}"
"شما یک مدل زبانی هستید که برای تشخیص معادل معنایی مناسب ضرب‌المثل‌های فارسی در زبان انگلیسی طراحی شده‌اید.

به شما یک ضرب‌المثل فارسی داده می‌شود. سپس یک پرسش دوگزینه‌ای مطرح می‌شود که در آن دو ضرب‌المثل انگلیسی ارائه شده است و از شما خواسته می‌شود تشخیص دهید کدام‌ یک از آن‌ها از نظر کاربرد و معنا بیشترین شباهت را با ضرب‌المثل فارسی داده‌شده دارد.

وظیفه‌ی شما این است که تنها یک گزینه‌ی صحیح را انتخاب کنید. پاسخ شما باید فقط شامل حرف گزینه‌ی درست (الف یا ب) باشد و هیچ متن یا توضیح اضافی ارائه نکنید.

ضرب‌المثل فارسی:
علف باید به دهان بزی شیرین باشد.

سؤال:
کدام‌ یک از این دو ضرب‌المثل انگلیسی از نظر کاربرد و معنا بیشترین شباهت را با ضرب‌المثل فارسی داده‌شده دارد؟

گزینه‌ها:
الف) The grass is always greener on the other side of the fence.
ب) Beauty is in the eye of the beholder.","{'الف': 'Irrelevant', 'ب': 'Equivalent'}"
"شما یک مدل زبانی هستید که برای تشخیص معادل معنایی مناسب ضرب‌المثل‌های فارسی در زبان انگلیسی طراحی شده‌اید.

به شما یک ضرب‌المثل فارسی داده می‌شود. سپس یک پرسش دوگزینه‌ای مطرح می‌شود که در آن دو ضرب‌المثل انگلیسی ارائه شده است و از شما خواسته می‌شود تشخیص دهید کدام‌ یک از آن‌ها از نظر کاربرد و معنا بیشترین شباهت را با ضرب‌المثل فارسی داده‌شده دارد.

وظیفه‌ی شما این است که تنها یک گزینه‌ی صحیح را انتخاب کنید. پاسخ شما باید فقط شامل حرف گزینه‌ی درست (الف یا ب) باشد و هیچ متن یا توضیح اضافی ارائه نکنید.

ضرب‌المثل فارسی:
علی ماند و حوضش.

سؤال:
کدام‌ یک از این دو ضرب‌المثل انگلیسی از نظر کاربرد و معنا بیشترین شباهت را با ضرب‌المثل فارسی داده‌شده دارد؟

گزینه‌ها:
الف) To be left high and dry.
ب) Still waters run deep.","{'الف': 'Equivalent', 'ب': 'Irrelevant'}"
"شما یک مدل زبانی هستید که برای تشخیص معادل معنایی مناسب ضرب‌المثل‌های فارسی در زبان انگلیسی طراحی شده‌اید.

به شما یک ضرب‌المثل فارسی داده می‌شود. سپس یک پرسش دوگزینه‌ای مطرح می‌شود که در آن دو ضرب‌المثل انگلیسی ارائه شده است و از شما خواسته می‌شود تشخیص دهید کدام‌ یک از آن‌ها از نظر کاربرد و معنا بیشترین شباهت را با ضرب‌المثل فارسی داده‌شده دارد.

وظیفه‌ی شما این است که تنها یک گزینه‌ی صحیح را انتخاب کنید. پاسخ شما باید فقط شامل حرف گزینه‌ی درست (الف یا ب) باشد و هیچ متن یا توضیح اضافی ارائه نکنید.

ضرب‌المثل فارسی:
عمروعاص در امانت خیانت نکرد؛ تو چرا؟

سؤال:
کدام‌ یک از این دو ضرب‌المثل انگلیسی از نظر کاربرد و معنا بیشترین شباهت را با ضرب‌المثل فارسی داده‌شده دارد؟

گزینه‌ها:
الف) You too, Brutus?
ب) Honor among thieves.","{'الف': 'Equivalent', 'ب': 'Irrelevant'}"
"شما یک مدل زبانی هستید که برای تشخیص معادل معنایی مناسب ضرب‌المثل‌های فارسی در زبان انگلیسی طراحی شده‌اید.

به شما یک ضرب‌المثل فارسی داده می‌شود. سپس یک پرسش دوگزینه‌ای مطرح می‌شود که در آن دو ضرب‌المثل انگلیسی ارائه شده است و از شما خواسته می‌شود تشخیص دهید کدام‌ یک از آن‌ها از نظر کاربرد و معنا بیشترین شباهت را با ضرب‌المثل فارسی داده‌شده دارد.

وظیفه‌ی شما این است که تنها یک گزینه‌ی صحیح را انتخاب کنید. پاسخ شما باید فقط شامل حرف گزینه‌ی درست (الف یا ب) باشد و هیچ متن یا توضیح اضافی ارائه نکنید.

ضرب‌المثل فارسی:
عندلیب آشفته‌تر می‌گوید این افسانه را.

سؤال:
کدام‌ یک از این دو ضرب‌المثل انگلیسی از نظر کاربرد و معنا بیشترین شباهت را با ضرب‌المثل فارسی داده‌شده دارد؟

گزینه‌ها:
الف) The early bird gets the worm.
ب) Only the wearer knows where the shoe pinches.","{'الف': 'Irrelevant', 'ب': 'Equivalent'}"
"شما یک مدل زبانی هستید که برای تشخیص معادل معنایی مناسب ضرب‌المثل‌های فارسی در زبان انگلیسی طراحی شده‌اید.

به شما یک ضرب‌المثل فارسی داده می‌شود. سپس یک پرسش دوگزینه‌ای مطرح می‌شود که در آن دو ضرب‌المثل انگلیسی ارائه شده است و از شما خواسته می‌شود تشخیص دهید کدام‌ یک از آن‌ها از نظر کاربرد و معنا بیشترین شباهت را با ضرب‌المثل فارسی داده‌شده دارد.

وظیفه‌ی شما این است که تنها یک گزینه‌ی صحیح را انتخاب کنید. پاسخ شما باید فقط شامل حرف گزینه‌ی درست (الف یا ب) باشد و هیچ متن یا توضیح اضافی ارائه نکنید.

ضرب‌المثل فارسی:
عود و سرگین را بر آتش گر نهی، خاکستر است.

سؤال:
کدام‌ یک از این دو ضرب‌المثل انگلیسی از نظر کاربرد و معنا بیشترین شباهت را با ضرب‌المثل فارسی داده‌شده دارد؟

گزینه‌ها:
الف) Death is the great leveler.
ب) To rise from the ashes.","{'الف': 'Equivalent', 'ب': 'Irrelevant'}"
"شما یک مدل زبانی هستید که برای تشخیص معادل معنایی مناسب ضرب‌المثل‌های فارسی در زبان انگلیسی طراحی شده‌اید.

به شما یک ضرب‌المثل فارسی داده می‌شود. سپس یک پرسش دوگزینه‌ای مطرح می‌شود که در آن دو ضرب‌المثل انگلیسی ارائه شده است و از شما خواسته می‌شود تشخیص دهید کدام‌ یک از آن‌ها از نظر کاربرد و معنا بیشترین شباهت را با ضرب‌المثل فارسی داده‌شده دارد.

وظیفه‌ی شما این است که تنها یک گزینه‌ی صحیح را انتخاب کنید. پاسخ شما باید فقط شامل حرف گزینه‌ی درست (الف یا ب) باشد و هیچ متن یا توضیح اضافی ارائه نکنید.

ضرب‌المثل فارسی:
عهد و پیمان فلک را نیست چندان اعتبار.

سؤال:
کدام‌ یک از این دو ضرب‌المثل انگلیسی از نظر کاربرد و معنا بیشترین شباهت را با ضرب‌المثل فارسی داده‌شده دارد؟

گزینه‌ها:
الف) The best-laid plans of mice and men often go awry.
ب) A bargain is a bargain.","{'الف': 'Equivalent', 'ب': 'Irrelevant'}"
"شما یک مدل زبانی هستید که برای تشخیص معادل معنایی مناسب ضرب‌المثل‌های فارسی در زبان انگلیسی طراحی شده‌اید.

به شما یک ضرب‌المثل فارسی داده می‌شود. سپس یک پرسش دوگزینه‌ای مطرح می‌شود که در آن دو ضرب‌المثل انگلیسی ارائه شده است و از شما خواسته می‌شود تشخیص دهید کدام‌ یک از آن‌ها از نظر کاربرد و معنا بیشترین شباهت را با ضرب‌المثل فارسی داده‌شده دارد.

وظیفه‌ی شما این است که تنها یک گزینه‌ی صحیح را انتخاب کنید. پاسخ شما باید فقط شامل حرف گزینه‌ی درست (الف یا ب) باشد و هیچ متن یا توضیح اضافی ارائه نکنید.

ضرب‌المثل فارسی:
عید می‌آید، عیب‌ها را آشکار می‌کند.

سؤال:
کدام‌ یک از این دو ضرب‌المثل انگلیسی از نظر کاربرد و معنا بیشترین شباهت را با ضرب‌المثل فارسی داده‌شده دارد؟

گزینه‌ها:
الف) When the tide goes out, you see who's been swimming naked.
ب) Christmas comes but once a year.","{'الف': 'Equivalent', 'ب': 'Irrelevant'}"
"شما یک مدل زبانی هستید که برای تشخیص معادل معنایی مناسب ضرب‌المثل‌های فارسی در زبان انگلیسی طراحی شده‌اید.

به شما یک ضرب‌المثل فارسی داده می‌شود. سپس یک پرسش دوگزینه‌ای مطرح می‌شود که در آن دو ضرب‌المثل انگلیسی ارائه شده است و از شما خواسته می‌شود تشخیص دهید کدام‌ یک از آن‌ها از نظر کاربرد و معنا بیشترین شباهت را با ضرب‌المثل فارسی داده‌شده دارد.

وظیفه‌ی شما این است که تنها یک گزینه‌ی صحیح را انتخاب کنید. پاسخ شما باید فقط شامل حرف گزینه‌ی درست (الف یا ب) باشد و هیچ متن یا توضیح اضافی ارائه نکنید.

ضرب‌المثل فارسی:
عیسی به دین خود، موسی به دین خود.

سؤال:
کدام‌ یک از این دو ضرب‌المثل انگلیسی از نظر کاربرد و معنا بیشترین شباهت را با ضرب‌المثل فارسی داده‌شده دارد؟

گزینه‌ها:
الف) Render unto Caesar the things that are Caesar's, and unto God the things that are God's.
ب) Live and let live.","{'الف': 'Irrelevant', 'ب': 'Equivalent'}"
"شما یک مدل زبانی هستید که برای تشخیص معادل معنایی مناسب ضرب‌المثل‌های فارسی در زبان انگلیسی طراحی شده‌اید.

به شما یک ضرب‌المثل فارسی داده می‌شود. سپس یک پرسش دوگزینه‌ای مطرح می‌شود که در آن دو ضرب‌المثل انگلیسی ارائه شده است و از شما خواسته می‌شود تشخیص دهید کدام‌ یک از آن‌ها از نظر کاربرد و معنا بیشترین شباهت را با ضرب‌المثل فارسی داده‌شده دارد.

وظیفه‌ی شما این است که تنها یک گزینه‌ی صحیح را انتخاب کنید. پاسخ شما باید فقط شامل حرف گزینه‌ی درست (الف یا ب) باشد و هیچ متن یا توضیح اضافی ارائه نکنید.

ضرب‌المثل فارسی:
غربت دیده، مهربان می‌شود.

سؤال:
کدام‌ یک از این دو ضرب‌المثل انگلیسی از نظر کاربرد و معنا بیشترین شباهت را با ضرب‌المثل فارسی داده‌شده دارد؟

گزینه‌ها:
الف) Absence makes the heart grow fonder.
ب) Travel broadens the mind.","{'الف': 'Equivalent', 'ب': 'Irrelevant'}"
"شما یک مدل زبانی هستید که برای تشخیص معادل معنایی مناسب ضرب‌المثل‌های فارسی در زبان انگلیسی طراحی شده‌اید.

به شما یک ضرب‌المثل فارسی داده می‌شود. سپس یک پرسش دوگزینه‌ای مطرح می‌شود که در آن دو ضرب‌المثل انگلیسی ارائه شده است و از شما خواسته می‌شود تشخیص دهید کدام‌ یک از آن‌ها از نظر کاربرد و معنا بیشترین شباهت را با ضرب‌المثل فارسی داده‌شده دارد.

وظیفه‌ی شما این است که تنها یک گزینه‌ی صحیح را انتخاب کنید. پاسخ شما باید فقط شامل حرف گزینه‌ی درست (الف یا ب) باشد و هیچ متن یا توضیح اضافی ارائه نکنید.

ضرب‌المثل فارسی:
غرقه در نیل چه اندیشه کند باران را.

سؤال:
کدام‌ یک از این دو ضرب‌المثل انگلیسی از نظر کاربرد و معنا بیشترین شباهت را با ضرب‌المثل فارسی داده‌شده دارد؟

گزینه‌ها:
الف) It never rains but it pours.
ب) In for a penny, in for a pound.","{'الف': 'Irrelevant', 'ب': 'Equivalent'}"
"شما یک مدل زبانی هستید که برای تشخیص معادل معنایی مناسب ضرب‌المثل‌های فارسی در زبان انگلیسی طراحی شده‌اید.

به شما یک ضرب‌المثل فارسی داده می‌شود. سپس یک پرسش دوگزینه‌ای مطرح می‌شود که در آن دو ضرب‌المثل انگلیسی ارائه شده است و از شما خواسته می‌شود تشخیص دهید کدام‌ یک از آن‌ها از نظر کاربرد و معنا بیشترین شباهت را با ضرب‌المثل فارسی داده‌شده دارد.

وظیفه‌ی شما این است که تنها یک گزینه‌ی صحیح را انتخاب کنید. پاسخ شما باید فقط شامل حرف گزینه‌ی درست (الف یا ب) باشد و هیچ متن یا توضیح اضافی ارائه نکنید.

ضرب‌المثل فارسی:
غم آن درد که درمان نپذیرد، چه خوری؟

سؤال:
کدام‌ یک از این دو ضرب‌المثل انگلیسی از نظر کاربرد و معنا بیشترین شباهت را با ضرب‌المثل فارسی داده‌شده دارد؟

گزینه‌ها:
الف) Feed a cold, starve a fever.
ب) What can't be cured must be endured.","{'الف': 'Irrelevant', 'ب': 'Equivalent'}"
"شما یک مدل زبانی هستید که برای تشخیص معادل معنایی مناسب ضرب‌المثل‌های فارسی در زبان انگلیسی طراحی شده‌اید.

به شما یک ضرب‌المثل فارسی داده می‌شود. سپس یک پرسش دوگزینه‌ای مطرح می‌شود که در آن دو ضرب‌المثل انگلیسی ارائه شده است و از شما خواسته می‌شود تشخیص دهید کدام‌ یک از آن‌ها از نظر کاربرد و معنا بیشترین شباهت را با ضرب‌المثل فارسی داده‌شده دارد.

وظیفه‌ی شما این است که تنها یک گزینه‌ی صحیح را انتخاب کنید. پاسخ شما باید فقط شامل حرف گزینه‌ی درست (الف یا ب) باشد و هیچ متن یا توضیح اضافی ارائه نکنید.

ضرب‌المثل فارسی:
غم خود خور که غمخواری نداری.

سؤال:
کدام‌ یک از این دو ضرب‌المثل انگلیسی از نظر کاربرد و معنا بیشترین شباهت را با ضرب‌المثل فارسی داده‌شده دارد؟

گزینه‌ها:
الف) Misery loves company.
ب) Charity begins at home.","{'الف': 'Irrelevant', 'ب': 'Equivalent'}"
"شما یک مدل زبانی هستید که برای تشخیص معادل معنایی مناسب ضرب‌المثل‌های فارسی در زبان انگلیسی طراحی شده‌اید.

به شما یک ضرب‌المثل فارسی داده می‌شود. سپس یک پرسش دوگزینه‌ای مطرح می‌شود که در آن دو ضرب‌المثل انگلیسی ارائه شده است و از شما خواسته می‌شود تشخیص دهید کدام‌ یک از آن‌ها از نظر کاربرد و معنا بیشترین شباهت را با ضرب‌المثل فارسی داده‌شده دارد.

وظیفه‌ی شما این است که تنها یک گزینه‌ی صحیح را انتخاب کنید. پاسخ شما باید فقط شامل حرف گزینه‌ی درست (الف یا ب) باشد و هیچ متن یا توضیح اضافی ارائه نکنید.

ضرب‌المثل فارسی:
غمزه شتری آمدن.

سؤال:
کدام‌ یک از این دو ضرب‌المثل انگلیسی از نظر کاربرد و معنا بیشترین شباهت را با ضرب‌المثل فارسی داده‌شده دارد؟

گزینه‌ها:
الف) The straw that broke the camel's back.
ب) Mutton dressed as lamb.","{'الف': 'Irrelevant', 'ب': 'Equivalent'}"
"شما یک مدل زبانی هستید که برای تشخیص معادل معنایی مناسب ضرب‌المثل‌های فارسی در زبان انگلیسی طراحی شده‌اید.

به شما یک ضرب‌المثل فارسی داده می‌شود. سپس یک پرسش دوگزینه‌ای مطرح می‌شود که در آن دو ضرب‌المثل انگلیسی ارائه شده است و از شما خواسته می‌شود تشخیص دهید کدام‌ یک از آن‌ها از نظر کاربرد و معنا بیشترین شباهت را با ضرب‌المثل فارسی داده‌شده دارد.

وظیفه‌ی شما این است که تنها یک گزینه‌ی صحیح را انتخاب کنید. پاسخ شما باید فقط شامل حرف گزینه‌ی درست (الف یا ب) باشد و هیچ متن یا توضیح اضافی ارائه نکنید.

ضرب‌المثل فارسی:
غم عشق آمد و غم‌های دگر پاک ببرد.

سؤال:
کدام‌ یک از این دو ضرب‌المثل انگلیسی از نظر کاربرد و معنا بیشترین شباهت را با ضرب‌المثل فارسی داده‌شده دارد؟

گزینه‌ها:
الف) One nail drives out another.
ب) 'Tis better to have loved and lost than never to have loved at all.","{'الف': 'Equivalent', 'ب': 'Irrelevant'}"
"شما یک مدل زبانی هستید که برای تشخیص معادل معنایی مناسب ضرب‌المثل‌های فارسی در زبان انگلیسی طراحی شده‌اید.

به شما یک ضرب‌المثل فارسی داده می‌شود. سپس یک پرسش دوگزینه‌ای مطرح می‌شود که در آن دو ضرب‌المثل انگلیسی ارائه شده است و از شما خواسته می‌شود تشخیص دهید کدام‌ یک از آن‌ها از نظر کاربرد و معنا بیشترین شباهت را با ضرب‌المثل فارسی داده‌شده دارد.

وظیفه‌ی شما این است که تنها یک گزینه‌ی صحیح را انتخاب کنید. پاسخ شما باید فقط شامل حرف گزینه‌ی درست (الف یا ب) باشد و هیچ متن یا توضیح اضافی ارائه نکنید.

ضرب‌المثل فارسی:
غم مرگ برادر را برادر مرده می‌داند.

سؤال:
کدام‌ یک از این دو ضرب‌المثل انگلیسی از نظر کاربرد و معنا بیشترین شباهت را با ضرب‌المثل فارسی داده‌شده دارد؟

گزینه‌ها:
الف) Blood is thicker than water.
ب) Only the wearer knows where the shoe pinches.","{'الف': 'Irrelevant', 'ب': 'Equivalent'}"
"شما یک مدل زبانی هستید که برای تشخیص معادل معنایی مناسب ضرب‌المثل‌های فارسی در زبان انگلیسی طراحی شده‌اید.

به شما یک ضرب‌المثل فارسی داده می‌شود. سپس یک پرسش دوگزینه‌ای مطرح می‌شود که در آن دو ضرب‌المثل انگلیسی ارائه شده است و از شما خواسته می‌شود تشخیص دهید کدام‌ یک از آن‌ها از نظر کاربرد و معنا بیشترین شباهت را با ضرب‌المثل فارسی داده‌شده دارد.

وظیفه‌ی شما این است که تنها یک گزینه‌ی صحیح را انتخاب کنید. پاسخ شما باید فقط شامل حرف گزینه‌ی درست (الف یا ب) باشد و هیچ متن یا توضیح اضافی ارائه نکنید.

ضرب‌المثل فارسی:
غم نداری، بز بخر!

سؤال:
کدام‌ یک از این دو ضرب‌المثل انگلیسی از نظر کاربرد و معنا بیشترین شباهت را با ضرب‌المثل فارسی داده‌شده دارد؟

گزینه‌ها:
الف) Never trouble trouble till trouble troubles you.
ب) Take the bull by the horns.","{'الف': 'Equivalent', 'ب': 'Irrelevant'}"
"شما یک مدل زبانی هستید که برای تشخیص معادل معنایی مناسب ضرب‌المثل‌های فارسی در زبان انگلیسی طراحی شده‌اید.

به شما یک ضرب‌المثل فارسی داده می‌شود. سپس یک پرسش دوگزینه‌ای مطرح می‌شود که در آن دو ضرب‌المثل انگلیسی ارائه شده است و از شما خواسته می‌شود تشخیص دهید کدام‌ یک از آن‌ها از نظر کاربرد و معنا بیشترین شباهت را با ضرب‌المثل فارسی داده‌شده دارد.

وظیفه‌ی شما این است که تنها یک گزینه‌ی صحیح را انتخاب کنید. پاسخ شما باید فقط شامل حرف گزینه‌ی درست (الف یا ب) باشد و هیچ متن یا توضیح اضافی ارائه نکنید.

ضرب‌المثل فارسی:
غم و غصه از در بزرگ بیشتر وارد می‌شود.

سؤال:
کدام‌ یک از این دو ضرب‌المثل انگلیسی از نظر کاربرد و معنا بیشترین شباهت را با ضرب‌المثل فارسی داده‌شده دارد؟

گزینه‌ها:
الف) Uneasy lies the head that wears a crown.
ب) When one door closes, another opens.","{'الف': 'Equivalent', 'ب': 'Irrelevant'}"
"شما یک مدل زبانی هستید که برای تشخیص معادل معنایی مناسب ضرب‌المثل‌های فارسی در زبان انگلیسی طراحی شده‌اید.

به شما یک ضرب‌المثل فارسی داده می‌شود. سپس یک پرسش دوگزینه‌ای مطرح می‌شود که در آن دو ضرب‌المثل انگلیسی ارائه شده است و از شما خواسته می‌شود تشخیص دهید کدام‌ یک از آن‌ها از نظر کاربرد و معنا بیشترین شباهت را با ضرب‌المثل فارسی داده‌شده دارد.

وظیفه‌ی شما این است که تنها یک گزینه‌ی صحیح را انتخاب کنید. پاسخ شما باید فقط شامل حرف گزینه‌ی درست (الف یا ب) باشد و هیچ متن یا توضیح اضافی ارائه نکنید.

ضرب‌المثل فارسی:
غوره نشده، مویز شده.

سؤال:
کدام‌ یک از این دو ضرب‌المثل انگلیسی از نظر کاربرد و معنا بیشترین شباهت را با ضرب‌المثل فارسی داده‌شده دارد؟

گزینه‌ها:
الف) Sour grapes.
ب) You have to learn to walk before you can run.","{'الف': 'Irrelevant', 'ب': 'Equivalent'}"
"شما یک مدل زبانی هستید که برای تشخیص معادل معنایی مناسب ضرب‌المثل‌های فارسی در زبان انگلیسی طراحی شده‌اید.

به شما یک ضرب‌المثل فارسی داده می‌شود. سپس یک پرسش دوگزینه‌ای مطرح می‌شود که در آن دو ضرب‌المثل انگلیسی ارائه شده است و از شما خواسته می‌شود تشخیص دهید کدام‌ یک از آن‌ها از نظر کاربرد و معنا بیشترین شباهت را با ضرب‌المثل فارسی داده‌شده دارد.

وظیفه‌ی شما این است که تنها یک گزینه‌ی صحیح را انتخاب کنید. پاسخ شما باید فقط شامل حرف گزینه‌ی درست (الف یا ب) باشد و هیچ متن یا توضیح اضافی ارائه نکنید.

ضرب‌المثل فارسی:
غیر تسلیم و رضا کو چاره‌ای؟

سؤال:
کدام‌ یک از این دو ضرب‌المثل انگلیسی از نظر کاربرد و معنا بیشترین شباهت را با ضرب‌المثل فارسی داده‌شده دارد؟

گزینه‌ها:
الف) Discretion is the better part of valor.
ب) What can't be cured must be endured.","{'الف': 'Irrelevant', 'ب': 'Equivalent'}"
"شما یک مدل زبانی هستید که برای تشخیص معادل معنایی مناسب ضرب‌المثل‌های فارسی در زبان انگلیسی طراحی شده‌اید.

به شما یک ضرب‌المثل فارسی داده می‌شود. سپس یک پرسش دوگزینه‌ای مطرح می‌شود که در آن دو ضرب‌المثل انگلیسی ارائه شده است و از شما خواسته می‌شود تشخیص دهید کدام‌ یک از آن‌ها از نظر کاربرد و معنا بیشترین شباهت را با ضرب‌المثل فارسی داده‌شده دارد.

وظیفه‌ی شما این است که تنها یک گزینه‌ی صحیح را انتخاب کنید. پاسخ شما باید فقط شامل حرف گزینه‌ی درست (الف یا ب) باشد و هیچ متن یا توضیح اضافی ارائه نکنید.

ضرب‌المثل فارسی:
فاتحه‌اش خوانده است!

سؤال:
کدام‌ یک از این دو ضرب‌المثل انگلیسی از نظر کاربرد و معنا بیشترین شباهت را با ضرب‌المثل فارسی داده‌شده دارد؟

گزینه‌ها:
الف) His goose is cooked.
ب) Ashes to ashes, dust to dust.","{'الف': 'Equivalent', 'ب': 'Irrelevant'}"
"شما یک مدل زبانی هستید که برای تشخیص معادل معنایی مناسب ضرب‌المثل‌های فارسی در زبان انگلیسی طراحی شده‌اید.

به شما یک ضرب‌المثل فارسی داده می‌شود. سپس یک پرسش دوگزینه‌ای مطرح می‌شود که در آن دو ضرب‌المثل انگلیسی ارائه شده است و از شما خواسته می‌شود تشخیص دهید کدام‌ یک از آن‌ها از نظر کاربرد و معنا بیشترین شباهت را با ضرب‌المثل فارسی داده‌شده دارد.

وظیفه‌ی شما این است که تنها یک گزینه‌ی صحیح را انتخاب کنید. پاسخ شما باید فقط شامل حرف گزینه‌ی درست (الف یا ب) باشد و هیچ متن یا توضیح اضافی ارائه نکنید.

ضرب‌المثل فارسی:
حضرت فاطمه برای شلخته‌ها دو رکعت نماز خوانده است.

سؤال:
کدام‌ یک از این دو ضرب‌المثل انگلیسی از نظر کاربرد و معنا بیشترین شباهت را با ضرب‌المثل فارسی داده‌شده دارد؟

گزینه‌ها:
الف) Cleanliness is next to godliness.
ب) The devil looks after his own.","{'الف': 'Irrelevant', 'ب': 'Equivalent'}"
"شما یک مدل زبانی هستید که برای تشخیص معادل معنایی مناسب ضرب‌المثل‌های فارسی در زبان انگلیسی طراحی شده‌اید.

به شما یک ضرب‌المثل فارسی داده می‌شود. سپس یک پرسش دوگزینه‌ای مطرح می‌شود که در آن دو ضرب‌المثل انگلیسی ارائه شده است و از شما خواسته می‌شود تشخیص دهید کدام‌ یک از آن‌ها از نظر کاربرد و معنا بیشترین شباهت را با ضرب‌المثل فارسی داده‌شده دارد.

وظیفه‌ی شما این است که تنها یک گزینه‌ی صحیح را انتخاب کنید. پاسخ شما باید فقط شامل حرف گزینه‌ی درست (الف یا ب) باشد و هیچ متن یا توضیح اضافی ارائه نکنید.

ضرب‌المثل فارسی:
فال امام جعفر صادق است، بد ندارد!

سؤال:
کدام‌ یک از این دو ضرب‌المثل انگلیسی از نظر کاربرد و معنا بیشترین شباهت را با ضرب‌المثل فارسی داده‌شده دارد؟

گزینه‌ها:
الف) You can't go wrong.
ب) What's meant to be will be.","{'الف': 'Equivalent', 'ب': 'Irrelevant'}"
"شما یک مدل زبانی هستید که برای تشخیص معادل معنایی مناسب ضرب‌المثل‌های فارسی در زبان انگلیسی طراحی شده‌اید.

به شما یک ضرب‌المثل فارسی داده می‌شود. سپس یک پرسش دوگزینه‌ای مطرح می‌شود که در آن دو ضرب‌المثل انگلیسی ارائه شده است و از شما خواسته می‌شود تشخیص دهید کدام‌ یک از آن‌ها از نظر کاربرد و معنا بیشترین شباهت را با ضرب‌المثل فارسی داده‌شده دارد.

وظیفه‌ی شما این است که تنها یک گزینه‌ی صحیح را انتخاب کنید. پاسخ شما باید فقط شامل حرف گزینه‌ی درست (الف یا ب) باشد و هیچ متن یا توضیح اضافی ارائه نکنید.

ضرب‌المثل فارسی:
فتنه در خواب است، بیدارش مکن.

سؤال:
کدام‌ یک از این دو ضرب‌المثل انگلیسی از نظر کاربرد و معنا بیشترین شباهت را با ضرب‌المثل فارسی داده‌شده دارد؟

گزینه‌ها:
الف) Let sleeping dogs lie.
ب) As you make your bed, so you must lie in it.","{'الف': 'Equivalent', 'ب': 'Irrelevant'}"
"شما یک مدل زبانی هستید که برای تشخیص معادل معنایی مناسب ضرب‌المثل‌های فارسی در زبان انگلیسی طراحی شده‌اید.

به شما یک ضرب‌المثل فارسی داده می‌شود. سپس یک پرسش دوگزینه‌ای مطرح می‌شود که در آن دو ضرب‌المثل انگلیسی ارائه شده است و از شما خواسته می‌شود تشخیص دهید کدام‌ یک از آن‌ها از نظر کاربرد و معنا بیشترین شباهت را با ضرب‌المثل فارسی داده‌شده دارد.

وظیفه‌ی شما این است که تنها یک گزینه‌ی صحیح را انتخاب کنید. پاسخ شما باید فقط شامل حرف گزینه‌ی درست (الف یا ب) باشد و هیچ متن یا توضیح اضافی ارائه نکنید.

ضرب‌المثل فارسی:
فردا را کسی ندیده.

سؤال:
کدام‌ یک از این دو ضرب‌المثل انگلیسی از نظر کاربرد و معنا بیشترین شباهت را با ضرب‌المثل فارسی داده‌شده دارد؟

گزینه‌ها:
الف) Never put off till tomorrow what you can do today.
ب) Every dog has its day.","{'الف': 'Equivalent', 'ب': 'Irrelevant'}"
"شما یک مدل زبانی هستید که برای تشخیص معادل معنایی مناسب ضرب‌المثل‌های فارسی در زبان انگلیسی طراحی شده‌اید.

به شما یک ضرب‌المثل فارسی داده می‌شود. سپس یک پرسش دوگزینه‌ای مطرح می‌شود که در آن دو ضرب‌المثل انگلیسی ارائه شده است و از شما خواسته می‌شود تشخیص دهید کدام‌ یک از آن‌ها از نظر کاربرد و معنا بیشترین شباهت را با ضرب‌المثل فارسی داده‌شده دارد.

وظیفه‌ی شما این است که تنها یک گزینه‌ی صحیح را انتخاب کنید. پاسخ شما باید فقط شامل حرف گزینه‌ی درست (الف یا ب) باشد و هیچ متن یا توضیح اضافی ارائه نکنید.

ضرب‌المثل فارسی:
فردا من این ده را زیر و رو کنم.

سؤال:
کدام‌ یک از این دو ضرب‌المثل انگلیسی از نظر کاربرد و معنا بیشترین شباهت را با ضرب‌المثل فارسی داده‌شده دارد؟

گزینه‌ها:
الف) To leave no stone unturned.
ب) Come hell or high water.","{'الف': 'Irrelevant', 'ب': 'Equivalent'}"
"شما یک مدل زبانی هستید که برای تشخیص معادل معنایی مناسب ضرب‌المثل‌های فارسی در زبان انگلیسی طراحی شده‌اید.

به شما یک ضرب‌المثل فارسی داده می‌شود. سپس یک پرسش دوگزینه‌ای مطرح می‌شود که در آن دو ضرب‌المثل انگلیسی ارائه شده است و از شما خواسته می‌شود تشخیص دهید کدام‌ یک از آن‌ها از نظر کاربرد و معنا بیشترین شباهت را با ضرب‌المثل فارسی داده‌شده دارد.

وظیفه‌ی شما این است که تنها یک گزینه‌ی صحیح را انتخاب کنید. پاسخ شما باید فقط شامل حرف گزینه‌ی درست (الف یا ب) باشد و هیچ متن یا توضیح اضافی ارائه نکنید.

ضرب‌المثل فارسی:
فردا هم روز خداست!

سؤال:
کدام‌ یک از این دو ضرب‌المثل انگلیسی از نظر کاربرد و معنا بیشترین شباهت را با ضرب‌المثل فارسی داده‌شده دارد؟

گزینه‌ها:
الف) Tomorrow is another day.
ب) Every dog has its day.","{'الف': 'Equivalent', 'ب': 'Irrelevant'}"
"شما یک مدل زبانی هستید که برای تشخیص معادل معنایی مناسب ضرب‌المثل‌های فارسی در زبان انگلیسی طراحی شده‌اید.

به شما یک ضرب‌المثل فارسی داده می‌شود. سپس یک پرسش دوگزینه‌ای مطرح می‌شود که در آن دو ضرب‌المثل انگلیسی ارائه شده است و از شما خواسته می‌شود تشخیص دهید کدام‌ یک از آن‌ها از نظر کاربرد و معنا بیشترین شباهت را با ضرب‌المثل فارسی داده‌شده دارد.

وظیفه‌ی شما این است که تنها یک گزینه‌ی صحیح را انتخاب کنید. پاسخ شما باید فقط شامل حرف گزینه‌ی درست (الف یا ب) باشد و هیچ متن یا توضیح اضافی ارائه نکنید.

ضرب‌المثل فارسی:
فرزند بی‌ادب، مثل انگشت ششم است؛ اگر ببری درد دارد، اگر هم نبری زشت است.

سؤال:
کدام‌ یک از این دو ضرب‌المثل انگلیسی از نظر کاربرد و معنا بیشترین شباهت را با ضرب‌المثل فارسی داده‌شده دارد؟

گزینه‌ها:
الف) Damned if you do, damned if you don’t.
ب) Spare the rod and spoil the child","{'الف': 'Equivalent', 'ب': 'Irrelevant'}"
"شما یک مدل زبانی هستید که برای تشخیص معادل معنایی مناسب ضرب‌المثل‌های فارسی در زبان انگلیسی طراحی شده‌اید.

به شما یک ضرب‌المثل فارسی داده می‌شود. سپس یک پرسش دوگزینه‌ای مطرح می‌شود که در آن دو ضرب‌المثل انگلیسی ارائه شده است و از شما خواسته می‌شود تشخیص دهید کدام‌ یک از آن‌ها از نظر کاربرد و معنا بیشترین شباهت را با ضرب‌المثل فارسی داده‌شده دارد.

وظیفه‌ی شما این است که تنها یک گزینه‌ی صحیح را انتخاب کنید. پاسخ شما باید فقط شامل حرف گزینه‌ی درست (الف یا ب) باشد و هیچ متن یا توضیح اضافی ارائه نکنید.

ضرب‌المثل فارسی:
فرزند عزیز نور دیده، از دبه کسی ضرر ندیده.

سؤال:
کدام‌ یک از این دو ضرب‌المثل انگلیسی از نظر کاربرد و معنا بیشترین شباهت را با ضرب‌المثل فارسی داده‌شده دارد؟

گزینه‌ها:
الف) Promises are made to be broken.
ب) Spare the rod and spoil the child.","{'الف': 'Equivalent', 'ب': 'Irrelevant'}"
"شما یک مدل زبانی هستید که برای تشخیص معادل معنایی مناسب ضرب‌المثل‌های فارسی در زبان انگلیسی طراحی شده‌اید.

به شما یک ضرب‌المثل فارسی داده می‌شود. سپس یک پرسش دوگزینه‌ای مطرح می‌شود که در آن دو ضرب‌المثل انگلیسی ارائه شده است و از شما خواسته می‌شود تشخیص دهید کدام‌ یک از آن‌ها از نظر کاربرد و معنا بیشترین شباهت را با ضرب‌المثل فارسی داده‌شده دارد.

وظیفه‌ی شما این است که تنها یک گزینه‌ی صحیح را انتخاب کنید. پاسخ شما باید فقط شامل حرف گزینه‌ی درست (الف یا ب) باشد و هیچ متن یا توضیح اضافی ارائه نکنید.

ضرب‌المثل فارسی:
فرش را با جارو می‌زنند، برف را با پارو!

سؤال:
کدام‌ یک از این دو ضرب‌المثل انگلیسی از نظر کاربرد و معنا بیشترین شباهت را با ضرب‌المثل فارسی داده‌شده دارد؟

گزینه‌ها:
الف) Horses for courses.
ب) A new broom sweeps clean.","{'الف': 'Equivalent', 'ب': 'Irrelevant'}"
"شما یک مدل زبانی هستید که برای تشخیص معادل معنایی مناسب ضرب‌المثل‌های فارسی در زبان انگلیسی طراحی شده‌اید.

به شما یک ضرب‌المثل فارسی داده می‌شود. سپس یک پرسش دوگزینه‌ای مطرح می‌شود که در آن دو ضرب‌المثل انگلیسی ارائه شده است و از شما خواسته می‌شود تشخیص دهید کدام‌ یک از آن‌ها از نظر کاربرد و معنا بیشترین شباهت را با ضرب‌المثل فارسی داده‌شده دارد.

وظیفه‌ی شما این است که تنها یک گزینه‌ی صحیح را انتخاب کنید. پاسخ شما باید فقط شامل حرف گزینه‌ی درست (الف یا ب) باشد و هیچ متن یا توضیح اضافی ارائه نکنید.

ضرب‌المثل فارسی:
فرش، زمین و لحافش، آسمان است.

سؤال:
کدام‌ یک از این دو ضرب‌المثل انگلیسی از نظر کاربرد و معنا بیشترین شباهت را با ضرب‌المثل فارسی داده‌شده دارد؟

گزینه‌ها:
الف) Not to have a roof over one's head.
ب) The sky's the limit.","{'الف': 'Equivalent', 'ب': 'Irrelevant'}"
"شما یک مدل زبانی هستید که برای تشخیص معادل معنایی مناسب ضرب‌المثل‌های فارسی در زبان انگلیسی طراحی شده‌اید.

به شما یک ضرب‌المثل فارسی داده می‌شود. سپس یک پرسش دوگزینه‌ای مطرح می‌شود که در آن دو ضرب‌المثل انگلیسی ارائه شده است و از شما خواسته می‌شود تشخیص دهید کدام‌ یک از آن‌ها از نظر کاربرد و معنا بیشترین شباهت را با ضرب‌المثل فارسی داده‌شده دارد.

وظیفه‌ی شما این است که تنها یک گزینه‌ی صحیح را انتخاب کنید. پاسخ شما باید فقط شامل حرف گزینه‌ی درست (الف یا ب) باشد و هیچ متن یا توضیح اضافی ارائه نکنید.

ضرب‌المثل فارسی:
فرق آفتابه و لولهنگ، موقع گرو گذاشتن معلوم می‌شود.

سؤال:
کدام‌ یک از این دو ضرب‌المثل انگلیسی از نظر کاربرد و معنا بیشترین شباهت را با ضرب‌المثل فارسی داده‌شده دارد؟

گزینه‌ها:
الف) The proof of the pudding is in the eating.
ب) Six of one, half a dozen of the other.","{'الف': 'Equivalent', 'ب': 'Irrelevant'}"
"شما یک مدل زبانی هستید که برای تشخیص معادل معنایی مناسب ضرب‌المثل‌های فارسی در زبان انگلیسی طراحی شده‌اید.

به شما یک ضرب‌المثل فارسی داده می‌شود. سپس یک پرسش دوگزینه‌ای مطرح می‌شود که در آن دو ضرب‌المثل انگلیسی ارائه شده است و از شما خواسته می‌شود تشخیص دهید کدام‌ یک از آن‌ها از نظر کاربرد و معنا بیشترین شباهت را با ضرب‌المثل فارسی داده‌شده دارد.

وظیفه‌ی شما این است که تنها یک گزینه‌ی صحیح را انتخاب کنید. پاسخ شما باید فقط شامل حرف گزینه‌ی درست (الف یا ب) باشد و هیچ متن یا توضیح اضافی ارائه نکنید.

ضرب‌المثل فارسی:
فروخته پشیمان، بهتر از نفروخته پشیمان است.

سؤال:
کدام‌ یک از این دو ضرب‌المثل انگلیسی از نظر کاربرد و معنا بیشترین شباهت را با ضرب‌المثل فارسی داده‌شده دارد؟

گزینه‌ها:
الف) Let the buyer beware.
ب) He who hesitates is lost.","{'الف': 'Irrelevant', 'ب': 'Equivalent'}"
"شما یک مدل زبانی هستید که برای تشخیص معادل معنایی مناسب ضرب‌المثل‌های فارسی در زبان انگلیسی طراحی شده‌اید.

به شما یک ضرب‌المثل فارسی داده می‌شود. سپس یک پرسش دوگزینه‌ای مطرح می‌شود که در آن دو ضرب‌المثل انگلیسی ارائه شده است و از شما خواسته می‌شود تشخیص دهید کدام‌ یک از آن‌ها از نظر کاربرد و معنا بیشترین شباهت را با ضرب‌المثل فارسی داده‌شده دارد.

وظیفه‌ی شما این است که تنها یک گزینه‌ی صحیح را انتخاب کنید. پاسخ شما باید فقط شامل حرف گزینه‌ی درست (الف یا ب) باشد و هیچ متن یا توضیح اضافی ارائه نکنید.

ضرب‌المثل فارسی:
فریاد عزا به گوش مرده خور، ابوعطاست.

سؤال:
کدام‌ یک از این دو ضرب‌المثل انگلیسی از نظر کاربرد و معنا بیشترین شباهت را با ضرب‌المثل فارسی داده‌شده دارد؟

گزینه‌ها:
الف) Music has charms to soothe a savage breast.
ب) It's an ill wind that blows nobody any good.","{'الف': 'Irrelevant', 'ب': 'Equivalent'}"
"شما یک مدل زبانی هستید که برای تشخیص معادل معنایی مناسب ضرب‌المثل‌های فارسی در زبان انگلیسی طراحی شده‌اید.

به شما یک ضرب‌المثل فارسی داده می‌شود. سپس یک پرسش دوگزینه‌ای مطرح می‌شود که در آن دو ضرب‌المثل انگلیسی ارائه شده است و از شما خواسته می‌شود تشخیص دهید کدام‌ یک از آن‌ها از نظر کاربرد و معنا بیشترین شباهت را با ضرب‌المثل فارسی داده‌شده دارد.

وظیفه‌ی شما این است که تنها یک گزینه‌ی صحیح را انتخاب کنید. پاسخ شما باید فقط شامل حرف گزینه‌ی درست (الف یا ب) باشد و هیچ متن یا توضیح اضافی ارائه نکنید.

ضرب‌المثل فارسی:
فضول را بردند جهنم، گفت هیزمش تر است.

سؤال:
کدام‌ یک از این دو ضرب‌المثل انگلیسی از نظر کاربرد و معنا بیشترین شباهت را با ضرب‌المثل فارسی داده‌شده دارد؟

گزینه‌ها:
الف) Curiosity killed the cat.
ب) The road to hell is paved with good intentions.","{'الف': 'Equivalent', 'ب': 'Irrelevant'}"
"شما یک مدل زبانی هستید که برای تشخیص معادل معنایی مناسب ضرب‌المثل‌های فارسی در زبان انگلیسی طراحی شده‌اید.

به شما یک ضرب‌المثل فارسی داده می‌شود. سپس یک پرسش دوگزینه‌ای مطرح می‌شود که در آن دو ضرب‌المثل انگلیسی ارائه شده است و از شما خواسته می‌شود تشخیص دهید کدام‌ یک از آن‌ها از نظر کاربرد و معنا بیشترین شباهت را با ضرب‌المثل فارسی داده‌شده دارد.

وظیفه‌ی شما این است که تنها یک گزینه‌ی صحیح را انتخاب کنید. پاسخ شما باید فقط شامل حرف گزینه‌ی درست (الف یا ب) باشد و هیچ متن یا توضیح اضافی ارائه نکنید.

ضرب‌المثل فارسی:
فقان کز هر چه ترسیدم، رسیدم.

سؤال:
کدام‌ یک از این دو ضرب‌المثل انگلیسی از نظر کاربرد و معنا بیشترین شباهت را با ضرب‌المثل فارسی داده‌شده دارد؟

گزینه‌ها:
الف) Fools rush in where angels fear to tread.
ب) What I feared has come upon me.","{'الف': 'Irrelevant', 'ب': 'Equivalent'}"
"شما یک مدل زبانی هستید که برای تشخیص معادل معنایی مناسب ضرب‌المثل‌های فارسی در زبان انگلیسی طراحی شده‌اید.

به شما یک ضرب‌المثل فارسی داده می‌شود. سپس یک پرسش دوگزینه‌ای مطرح می‌شود که در آن دو ضرب‌المثل انگلیسی ارائه شده است و از شما خواسته می‌شود تشخیص دهید کدام‌ یک از آن‌ها از نظر کاربرد و معنا بیشترین شباهت را با ضرب‌المثل فارسی داده‌شده دارد.

وظیفه‌ی شما این است که تنها یک گزینه‌ی صحیح را انتخاب کنید. پاسخ شما باید فقط شامل حرف گزینه‌ی درست (الف یا ب) باشد و هیچ متن یا توضیح اضافی ارائه نکنید.

ضرب‌المثل فارسی:
فکر نان کن که خربزه آب است.

سؤال:
کدام‌ یک از این دو ضرب‌المثل انگلیسی از نظر کاربرد و معنا بیشترین شباهت را با ضرب‌المثل فارسی داده‌شده دارد؟

گزینه‌ها:
الف) Business before pleasure.
ب) You can lead a horse to water, but you can't make it drink.","{'الف': 'Equivalent', 'ب': 'Irrelevant'}"
"شما یک مدل زبانی هستید که برای تشخیص معادل معنایی مناسب ضرب‌المثل‌های فارسی در زبان انگلیسی طراحی شده‌اید.

به شما یک ضرب‌المثل فارسی داده می‌شود. سپس یک پرسش دوگزینه‌ای مطرح می‌شود که در آن دو ضرب‌المثل انگلیسی ارائه شده است و از شما خواسته می‌شود تشخیص دهید کدام‌ یک از آن‌ها از نظر کاربرد و معنا بیشترین شباهت را با ضرب‌المثل فارسی داده‌شده دارد.

وظیفه‌ی شما این است که تنها یک گزینه‌ی صحیح را انتخاب کنید. پاسخ شما باید فقط شامل حرف گزینه‌ی درست (الف یا ب) باشد و هیچ متن یا توضیح اضافی ارائه نکنید.

ضرب‌المثل فارسی:
ف...که بگویی می‌گوید فرحزاد.

سؤال:
کدام‌ یک از این دو ضرب‌المثل انگلیسی از نظر کاربرد و معنا بیشترین شباهت را با ضرب‌المثل فارسی داده‌شده دارد؟

گزینه‌ها:
الف) A word to the wise is enough.
ب) Give them an inch and they'll take a mile.","{'الف': 'Equivalent', 'ب': 'Irrelevant'}"
"شما یک مدل زبانی هستید که برای تشخیص معادل معنایی مناسب ضرب‌المثل‌های فارسی در زبان انگلیسی طراحی شده‌اید.

به شما یک ضرب‌المثل فارسی داده می‌شود. سپس یک پرسش دوگزینه‌ای مطرح می‌شود که در آن دو ضرب‌المثل انگلیسی ارائه شده است و از شما خواسته می‌شود تشخیص دهید کدام‌ یک از آن‌ها از نظر کاربرد و معنا بیشترین شباهت را با ضرب‌المثل فارسی داده‌شده دارد.

وظیفه‌ی شما این است که تنها یک گزینه‌ی صحیح را انتخاب کنید. پاسخ شما باید فقط شامل حرف گزینه‌ی درست (الف یا ب) باشد و هیچ متن یا توضیح اضافی ارائه نکنید.

ضرب‌المثل فارسی:
فلفل نبین چه ریزه، بشکن ببین چه تیزه.

سؤال:
کدام‌ یک از این دو ضرب‌المثل انگلیسی از نظر کاربرد و معنا بیشترین شباهت را با ضرب‌المثل فارسی داده‌شده دارد؟

گزینه‌ها:
الف) If you can't stand the heat, get out of the kitchen.
ب) Good things come in small packages.","{'الف': 'Irrelevant', 'ب': 'Equivalent'}"
"شما یک مدل زبانی هستید که برای تشخیص معادل معنایی مناسب ضرب‌المثل‌های فارسی در زبان انگلیسی طراحی شده‌اید.

به شما یک ضرب‌المثل فارسی داده می‌شود. سپس یک پرسش دوگزینه‌ای مطرح می‌شود که در آن دو ضرب‌المثل انگلیسی ارائه شده است و از شما خواسته می‌شود تشخیص دهید کدام‌ یک از آن‌ها از نظر کاربرد و معنا بیشترین شباهت را با ضرب‌المثل فارسی داده‌شده دارد.

وظیفه‌ی شما این است که تنها یک گزینه‌ی صحیح را انتخاب کنید. پاسخ شما باید فقط شامل حرف گزینه‌ی درست (الف یا ب) باشد و هیچ متن یا توضیح اضافی ارائه نکنید.

ضرب‌المثل فارسی:
فلک! به همه دادی منقل، به ما ندادی کلک؟

سؤال:
کدام‌ یک از این دو ضرب‌المثل انگلیسی از نظر کاربرد و معنا بیشترین شباهت را با ضرب‌المثل فارسی داده‌شده دارد؟

گزینه‌ها:
الف) Some people have all the luck.
ب) The last straw that broke the camel's back.","{'الف': 'Equivalent', 'ب': 'Irrelevant'}"
"شما یک مدل زبانی هستید که برای تشخیص معادل معنایی مناسب ضرب‌المثل‌های فارسی در زبان انگلیسی طراحی شده‌اید.

به شما یک ضرب‌المثل فارسی داده می‌شود. سپس یک پرسش دوگزینه‌ای مطرح می‌شود که در آن دو ضرب‌المثل انگلیسی ارائه شده است و از شما خواسته می‌شود تشخیص دهید کدام‌ یک از آن‌ها از نظر کاربرد و معنا بیشترین شباهت را با ضرب‌المثل فارسی داده‌شده دارد.

وظیفه‌ی شما این است که تنها یک گزینه‌ی صحیح را انتخاب کنید. پاسخ شما باید فقط شامل حرف گزینه‌ی درست (الف یا ب) باشد و هیچ متن یا توضیح اضافی ارائه نکنید.

ضرب‌المثل فارسی:
فواره چون بلند شود، سرنگون شود.

سؤال:
کدام‌ یک از این دو ضرب‌المثل انگلیسی از نظر کاربرد و معنا بیشترین شباهت را با ضرب‌المثل فارسی داده‌شده دارد؟

گزینه‌ها:
الف) A rising tide lifts all boats.
ب) Pride goes before a fall.","{'الف': 'Irrelevant', 'ب': 'Equivalent'}"
"شما یک مدل زبانی هستید که برای تشخیص معادل معنایی مناسب ضرب‌المثل‌های فارسی در زبان انگلیسی طراحی شده‌اید.

به شما یک ضرب‌المثل فارسی داده می‌شود. سپس یک پرسش دوگزینه‌ای مطرح می‌شود که در آن دو ضرب‌المثل انگلیسی ارائه شده است و از شما خواسته می‌شود تشخیص دهید کدام‌ یک از آن‌ها از نظر کاربرد و معنا بیشترین شباهت را با ضرب‌المثل فارسی داده‌شده دارد.

وظیفه‌ی شما این است که تنها یک گزینه‌ی صحیح را انتخاب کنید. پاسخ شما باید فقط شامل حرف گزینه‌ی درست (الف یا ب) باشد و هیچ متن یا توضیح اضافی ارائه نکنید.

ضرب‌المثل فارسی:
فیل خوابی ببیند و فیلبان خوابی.

سؤال:
کدام‌ یک از این دو ضرب‌المثل انگلیسی از نظر کاربرد و معنا بیشترین شباهت را با ضرب‌المثل فارسی داده‌شده دارد؟

گزینه‌ها:
الف) One man's meat is another man's poison.
ب) Let sleeping dogs lie.","{'الف': 'Equivalent', 'ب': 'Irrelevant'}"
"شما یک مدل زبانی هستید که برای تشخیص معادل معنایی مناسب ضرب‌المثل‌های فارسی در زبان انگلیسی طراحی شده‌اید.

به شما یک ضرب‌المثل فارسی داده می‌شود. سپس یک پرسش دوگزینه‌ای مطرح می‌شود که در آن دو ضرب‌المثل انگلیسی ارائه شده است و از شما خواسته می‌شود تشخیص دهید کدام‌ یک از آن‌ها از نظر کاربرد و معنا بیشترین شباهت را با ضرب‌المثل فارسی داده‌شده دارد.

وظیفه‌ی شما این است که تنها یک گزینه‌ی صحیح را انتخاب کنید. پاسخ شما باید فقط شامل حرف گزینه‌ی درست (الف یا ب) باشد و هیچ متن یا توضیح اضافی ارائه نکنید.

ضرب‌المثل فارسی:
فیل خوب مرکبی است، ولی برای طویله شاه خوب است.

سؤال:
کدام‌ یک از این دو ضرب‌المثل انگلیسی از نظر کاربرد و معنا بیشترین شباهت را با ضرب‌المثل فارسی داده‌شده دارد؟

گزینه‌ها:
الف) Cut your coat according to your cloth.
ب) The elephant in the room.","{'الف': 'Equivalent', 'ب': 'Irrelevant'}"
"شما یک مدل زبانی هستید که برای تشخیص معادل معنایی مناسب ضرب‌المثل‌های فارسی در زبان انگلیسی طراحی شده‌اید.

به شما یک ضرب‌المثل فارسی داده می‌شود. سپس یک پرسش دوگزینه‌ای مطرح می‌شود که در آن دو ضرب‌المثل انگلیسی ارائه شده است و از شما خواسته می‌شود تشخیص دهید کدام‌ یک از آن‌ها از نظر کاربرد و معنا بیشترین شباهت را با ضرب‌المثل فارسی داده‌شده دارد.

وظیفه‌ی شما این است که تنها یک گزینه‌ی صحیح را انتخاب کنید. پاسخ شما باید فقط شامل حرف گزینه‌ی درست (الف یا ب) باشد و هیچ متن یا توضیح اضافی ارائه نکنید.

ضرب‌المثل فارسی:
فیلش یاد هندوستان کرده!

سؤال:
کدام‌ یک از این دو ضرب‌المثل انگلیسی از نظر کاربرد و معنا بیشترین شباهت را با ضرب‌المثل فارسی داده‌شده دارد؟

گزینه‌ها:
الف) An elephant never forgets.
ب) There's no place like home.","{'الف': 'Irrelevant', 'ب': 'Equivalent'}"
"شما یک مدل زبانی هستید که برای تشخیص معادل معنایی مناسب ضرب‌المثل‌های فارسی در زبان انگلیسی طراحی شده‌اید.

به شما یک ضرب‌المثل فارسی داده می‌شود. سپس یک پرسش دوگزینه‌ای مطرح می‌شود که در آن دو ضرب‌المثل انگلیسی ارائه شده است و از شما خواسته می‌شود تشخیص دهید کدام‌ یک از آن‌ها از نظر کاربرد و معنا بیشترین شباهت را با ضرب‌المثل فارسی داده‌شده دارد.

وظیفه‌ی شما این است که تنها یک گزینه‌ی صحیح را انتخاب کنید. پاسخ شما باید فقط شامل حرف گزینه‌ی درست (الف یا ب) باشد و هیچ متن یا توضیح اضافی ارائه نکنید.

ضرب‌المثل فارسی:
فیل، مرده و زنده‌اش صد تومان است.

سؤال:
کدام‌ یک از این دو ضرب‌المثل انگلیسی از نظر کاربرد و معنا بیشترین شباهت را با ضرب‌المثل فارسی داده‌شده دارد؟

گزینه‌ها:
الف) Six of one, half a dozen of the other.
ب) An elephant in the room.","{'الف': 'Equivalent', 'ب': 'Irrelevant'}"
"شما یک مدل زبانی هستید که برای تشخیص معادل معنایی مناسب ضرب‌المثل‌های فارسی در زبان انگلیسی طراحی شده‌اید.

به شما یک ضرب‌المثل فارسی داده می‌شود. سپس یک پرسش دوگزینه‌ای مطرح می‌شود که در آن دو ضرب‌المثل انگلیسی ارائه شده است و از شما خواسته می‌شود تشخیص دهید کدام‌ یک از آن‌ها از نظر کاربرد و معنا بیشترین شباهت را با ضرب‌المثل فارسی داده‌شده دارد.

وظیفه‌ی شما این است که تنها یک گزینه‌ی صحیح را انتخاب کنید. پاسخ شما باید فقط شامل حرف گزینه‌ی درست (الف یا ب) باشد و هیچ متن یا توضیح اضافی ارائه نکنید.

ضرب‌المثل فارسی:
فیل نزدیک کوه که می‌آید، می‌فهمد چقدر کوچک است.

سؤال:
کدام‌ یک از این دو ضرب‌المثل انگلیسی از نظر کاربرد و معنا بیشترین شباهت را با ضرب‌المثل فارسی داده‌شده دارد؟

گزینه‌ها:
الف) To make a mountain out of a molehill.
ب) There's always a bigger fish.","{'الف': 'Irrelevant', 'ب': 'Equivalent'}"
"شما یک مدل زبانی هستید که برای تشخیص معادل معنایی مناسب ضرب‌المثل‌های فارسی در زبان انگلیسی طراحی شده‌اید.

به شما یک ضرب‌المثل فارسی داده می‌شود. سپس یک پرسش دوگزینه‌ای مطرح می‌شود که در آن دو ضرب‌المثل انگلیسی ارائه شده است و از شما خواسته می‌شود تشخیص دهید کدام‌ یک از آن‌ها از نظر کاربرد و معنا بیشترین شباهت را با ضرب‌المثل فارسی داده‌شده دارد.

وظیفه‌ی شما این است که تنها یک گزینه‌ی صحیح را انتخاب کنید. پاسخ شما باید فقط شامل حرف گزینه‌ی درست (الف یا ب) باشد و هیچ متن یا توضیح اضافی ارائه نکنید.

ضرب‌المثل فارسی:
قاتل با پای خود به کنار چوبه دار می‌رود.

سؤال:
کدام‌ یک از این دو ضرب‌المثل انگلیسی از نظر کاربرد و معنا بیشترین شباهت را با ضرب‌المثل فارسی داده‌شده دارد؟

گزینه‌ها:
الف) Curses, like chickens, come home to roost.
ب) Dead men tell no tales.","{'الف': 'Equivalent', 'ب': 'Irrelevant'}"
"شما یک مدل زبانی هستید که برای تشخیص معادل معنایی مناسب ضرب‌المثل‌های فارسی در زبان انگلیسی طراحی شده‌اید.

به شما یک ضرب‌المثل فارسی داده می‌شود. سپس یک پرسش دوگزینه‌ای مطرح می‌شود که در آن دو ضرب‌المثل انگلیسی ارائه شده است و از شما خواسته می‌شود تشخیص دهید کدام‌ یک از آن‌ها از نظر کاربرد و معنا بیشترین شباهت را با ضرب‌المثل فارسی داده‌شده دارد.

وظیفه‌ی شما این است که تنها یک گزینه‌ی صحیح را انتخاب کنید. پاسخ شما باید فقط شامل حرف گزینه‌ی درست (الف یا ب) باشد و هیچ متن یا توضیح اضافی ارائه نکنید.

ضرب‌المثل فارسی:
قاچ زین را بچسب، اسب سواری پیشکشت!

سؤال:
کدام‌ یک از این دو ضرب‌المثل انگلیسی از نظر کاربرد و معنا بیشترین شباهت را با ضرب‌المثل فارسی داده‌شده دارد؟

گزینه‌ها:
الف) You must learn to walk before you can run.
ب) Don't look a gift horse in the mouth.","{'الف': 'Equivalent', 'ب': 'Irrelevant'}"
"شما یک مدل زبانی هستید که برای تشخیص معادل معنایی مناسب ضرب‌المثل‌های فارسی در زبان انگلیسی طراحی شده‌اید.

به شما یک ضرب‌المثل فارسی داده می‌شود. سپس یک پرسش دوگزینه‌ای مطرح می‌شود که در آن دو ضرب‌المثل انگلیسی ارائه شده است و از شما خواسته می‌شود تشخیص دهید کدام‌ یک از آن‌ها از نظر کاربرد و معنا بیشترین شباهت را با ضرب‌المثل فارسی داده‌شده دارد.

وظیفه‌ی شما این است که تنها یک گزینه‌ی صحیح را انتخاب کنید. پاسخ شما باید فقط شامل حرف گزینه‌ی درست (الف یا ب) باشد و هیچ متن یا توضیح اضافی ارائه نکنید.

ضرب‌المثل فارسی:
قارون هلاک شد که چهل خانه گنج داشت.

سؤال:
کدام‌ یک از این دو ضرب‌المثل انگلیسی از نظر کاربرد و معنا بیشترین شباهت را با ضرب‌المثل فارسی داده‌شده دارد؟

گزینه‌ها:
الف) There are no pockets in a shroud.
ب) A fool and his money are soon parted.","{'الف': 'Equivalent', 'ب': 'Irrelevant'}"
"شما یک مدل زبانی هستید که برای تشخیص معادل معنایی مناسب ضرب‌المثل‌های فارسی در زبان انگلیسی طراحی شده‌اید.

به شما یک ضرب‌المثل فارسی داده می‌شود. سپس یک پرسش دوگزینه‌ای مطرح می‌شود که در آن دو ضرب‌المثل انگلیسی ارائه شده است و از شما خواسته می‌شود تشخیص دهید کدام‌ یک از آن‌ها از نظر کاربرد و معنا بیشترین شباهت را با ضرب‌المثل فارسی داده‌شده دارد.

وظیفه‌ی شما این است که تنها یک گزینه‌ی صحیح را انتخاب کنید. پاسخ شما باید فقط شامل حرف گزینه‌ی درست (الف یا ب) باشد و هیچ متن یا توضیح اضافی ارائه نکنید.

ضرب‌المثل فارسی:
قاشق ساختن کاری ندارد؛ یک مشت می‌زنی، گود می‌شود. دمش را می‌کشی، دراز می‌شود.

سؤال:
کدام‌ یک از این دو ضرب‌المثل انگلیسی از نظر کاربرد و معنا بیشترین شباهت را با ضرب‌المثل فارسی داده‌شده دارد؟

گزینه‌ها:
الف) Strike while the iron is hot.
ب) Easier said than done.","{'الف': 'Irrelevant', 'ب': 'Equivalent'}"
"شما یک مدل زبانی هستید که برای تشخیص معادل معنایی مناسب ضرب‌المثل‌های فارسی در زبان انگلیسی طراحی شده‌اید.

به شما یک ضرب‌المثل فارسی داده می‌شود. سپس یک پرسش دوگزینه‌ای مطرح می‌شود که در آن دو ضرب‌المثل انگلیسی ارائه شده است و از شما خواسته می‌شود تشخیص دهید کدام‌ یک از آن‌ها از نظر کاربرد و معنا بیشترین شباهت را با ضرب‌المثل فارسی داده‌شده دارد.

وظیفه‌ی شما این است که تنها یک گزینه‌ی صحیح را انتخاب کنید. پاسخ شما باید فقط شامل حرف گزینه‌ی درست (الف یا ب) باشد و هیچ متن یا توضیح اضافی ارائه نکنید.

ضرب‌المثل فارسی:
قاشق نداری آش بخوری، نانت را کج بیل کن.

سؤال:
کدام‌ یک از این دو ضرب‌المثل انگلیسی از نظر کاربرد و معنا بیشترین شباهت را با ضرب‌المثل فارسی داده‌شده دارد؟

گزینه‌ها:
الف) He who sups with the devil should have a long spoon.
ب) Make do with what you have.","{'الف': 'Irrelevant', 'ب': 'Equivalent'}"
"شما یک مدل زبانی هستید که برای تشخیص معادل معنایی مناسب ضرب‌المثل‌های فارسی در زبان انگلیسی طراحی شده‌اید.

به شما یک ضرب‌المثل فارسی داده می‌شود. سپس یک پرسش دوگزینه‌ای مطرح می‌شود که در آن دو ضرب‌المثل انگلیسی ارائه شده است و از شما خواسته می‌شود تشخیص دهید کدام‌ یک از آن‌ها از نظر کاربرد و معنا بیشترین شباهت را با ضرب‌المثل فارسی داده‌شده دارد.

وظیفه‌ی شما این است که تنها یک گزینه‌ی صحیح را انتخاب کنید. پاسخ شما باید فقط شامل حرف گزینه‌ی درست (الف یا ب) باشد و هیچ متن یا توضیح اضافی ارائه نکنید.

ضرب‌المثل فارسی:
قافله بی‌پیشاهنگ، آخرش توبره‌کش می‌شود.

سؤال:
کدام‌ یک از این دو ضرب‌المثل انگلیسی از نظر کاربرد و معنا بیشترین شباهت را با ضرب‌المثل فارسی داده‌شده دارد؟

گزینه‌ها:
الف) The candle that burns twice as bright burns half as long.
ب) Many hands make light work.","{'الف': 'Equivalent', 'ب': 'Irrelevant'}"
"شما یک مدل زبانی هستید که برای تشخیص معادل معنایی مناسب ضرب‌المثل‌های فارسی در زبان انگلیسی طراحی شده‌اید.

به شما یک ضرب‌المثل فارسی داده می‌شود. سپس یک پرسش دوگزینه‌ای مطرح می‌شود که در آن دو ضرب‌المثل انگلیسی ارائه شده است و از شما خواسته می‌شود تشخیص دهید کدام‌ یک از آن‌ها از نظر کاربرد و معنا بیشترین شباهت را با ضرب‌المثل فارسی داده‌شده دارد.

وظیفه‌ی شما این است که تنها یک گزینه‌ی صحیح را انتخاب کنید. پاسخ شما باید فقط شامل حرف گزینه‌ی درست (الف یا ب) باشد و هیچ متن یا توضیح اضافی ارائه نکنید.

ضرب‌المثل فارسی:
قبا سفید، قبا سفید است.

سؤال:
کدام‌ یک از این دو ضرب‌المثل انگلیسی از نظر کاربرد و معنا بیشترین شباهت را با ضرب‌المثل فارسی داده‌شده دارد؟

گزینه‌ها:
الف) All cats are grey in the dark.
ب) Fine feathers make fine birds.","{'الف': 'Equivalent', 'ب': 'Irrelevant'}"
"شما یک مدل زبانی هستید که برای تشخیص معادل معنایی مناسب ضرب‌المثل‌های فارسی در زبان انگلیسی طراحی شده‌اید.

به شما یک ضرب‌المثل فارسی داده می‌شود. سپس یک پرسش دوگزینه‌ای مطرح می‌شود که در آن دو ضرب‌المثل انگلیسی ارائه شده است و از شما خواسته می‌شود تشخیص دهید کدام‌ یک از آن‌ها از نظر کاربرد و معنا بیشترین شباهت را با ضرب‌المثل فارسی داده‌شده دارد.

وظیفه‌ی شما این است که تنها یک گزینه‌ی صحیح را انتخاب کنید. پاسخ شما باید فقط شامل حرف گزینه‌ی درست (الف یا ب) باشد و هیچ متن یا توضیح اضافی ارائه نکنید.

ضرب‌المثل فارسی:
قبای بعد از عید، برای گل منار خوب است!

سؤال:
کدام‌ یک از این دو ضرب‌المثل انگلیسی از نظر کاربرد و معنا بیشترین شباهت را با ضرب‌المثل فارسی داده‌شده دارد؟

گزینه‌ها:
الف) Fine feathers make fine birds.
ب) Closing the stable door after the horse has bolted.","{'الف': 'Irrelevant', 'ب': 'Equivalent'}"
"شما یک مدل زبانی هستید که برای تشخیص معادل معنایی مناسب ضرب‌المثل‌های فارسی در زبان انگلیسی طراحی شده‌اید.

به شما یک ضرب‌المثل فارسی داده می‌شود. سپس یک پرسش دوگزینه‌ای مطرح می‌شود که در آن دو ضرب‌المثل انگلیسی ارائه شده است و از شما خواسته می‌شود تشخیص دهید کدام‌ یک از آن‌ها از نظر کاربرد و معنا بیشترین شباهت را با ضرب‌المثل فارسی داده‌شده دارد.

وظیفه‌ی شما این است که تنها یک گزینه‌ی صحیح را انتخاب کنید. پاسخ شما باید فقط شامل حرف گزینه‌ی درست (الف یا ب) باشد و هیچ متن یا توضیح اضافی ارائه نکنید.

ضرب‌المثل فارسی:
قبای من چه خوب به تنت می‌خورد!

سؤال:
کدام‌ یک از این دو ضرب‌المثل انگلیسی از نظر کاربرد و معنا بیشترین شباهت را با ضرب‌المثل فارسی داده‌شده دارد؟

گزینه‌ها:
الف) If the shoe fits, wear it.
ب) Borrowed garments never fit well.","{'الف': 'Irrelevant', 'ب': 'Equivalent'}"
"شما یک مدل زبانی هستید که برای تشخیص معادل معنایی مناسب ضرب‌المثل‌های فارسی در زبان انگلیسی طراحی شده‌اید.

به شما یک ضرب‌المثل فارسی داده می‌شود. سپس یک پرسش دوگزینه‌ای مطرح می‌شود که در آن دو ضرب‌المثل انگلیسی ارائه شده است و از شما خواسته می‌شود تشخیص دهید کدام‌ یک از آن‌ها از نظر کاربرد و معنا بیشترین شباهت را با ضرب‌المثل فارسی داده‌شده دارد.

وظیفه‌ی شما این است که تنها یک گزینه‌ی صحیح را انتخاب کنید. پاسخ شما باید فقط شامل حرف گزینه‌ی درست (الف یا ب) باشد و هیچ متن یا توضیح اضافی ارائه نکنید.

ضرب‌المثل فارسی:
قداره‌اش را کج بسته.

سؤال:
کدام‌ یک از این دو ضرب‌المثل انگلیسی از نظر کاربرد و معنا بیشترین شباهت را با ضرب‌المثل فارسی داده‌شده دارد؟

گزینه‌ها:
الف) The pen is mightier than the sword.
ب) He is up in arms.","{'الف': 'Irrelevant', 'ب': 'Equivalent'}"
"شما یک مدل زبانی هستید که برای تشخیص معادل معنایی مناسب ضرب‌المثل‌های فارسی در زبان انگلیسی طراحی شده‌اید.

به شما یک ضرب‌المثل فارسی داده می‌شود. سپس یک پرسش دوگزینه‌ای مطرح می‌شود که در آن دو ضرب‌المثل انگلیسی ارائه شده است و از شما خواسته می‌شود تشخیص دهید کدام‌ یک از آن‌ها از نظر کاربرد و معنا بیشترین شباهت را با ضرب‌المثل فارسی داده‌شده دارد.

وظیفه‌ی شما این است که تنها یک گزینه‌ی صحیح را انتخاب کنید. پاسخ شما باید فقط شامل حرف گزینه‌ی درست (الف یا ب) باشد و هیچ متن یا توضیح اضافی ارائه نکنید.

ضرب‌المثل فارسی:
قدر زر، زرگر شناسد، قدر گوهر گوهری.

سؤال:
کدام‌ یک از این دو ضرب‌المثل انگلیسی از نظر کاربرد و معنا بیشترین شباهت را با ضرب‌المثل فارسی داده‌شده دارد؟

گزینه‌ها:
الف) All that glitters is not gold.
ب) Let the cobbler stick to his last.","{'الف': 'Irrelevant', 'ب': 'Equivalent'}"
"شما یک مدل زبانی هستید که برای تشخیص معادل معنایی مناسب ضرب‌المثل‌های فارسی در زبان انگلیسی طراحی شده‌اید.

به شما یک ضرب‌المثل فارسی داده می‌شود. سپس یک پرسش دوگزینه‌ای مطرح می‌شود که در آن دو ضرب‌المثل انگلیسی ارائه شده است و از شما خواسته می‌شود تشخیص دهید کدام‌ یک از آن‌ها از نظر کاربرد و معنا بیشترین شباهت را با ضرب‌المثل فارسی داده‌شده دارد.

وظیفه‌ی شما این است که تنها یک گزینه‌ی صحیح را انتخاب کنید. پاسخ شما باید فقط شامل حرف گزینه‌ی درست (الف یا ب) باشد و هیچ متن یا توضیح اضافی ارائه نکنید.

ضرب‌المثل فارسی:
قدر عافیت کسی داند، که به مصیبتی گرفتار آید.

سؤال:
کدام‌ یک از این دو ضرب‌المثل انگلیسی از نظر کاربرد و معنا بیشترین شباهت را با ضرب‌المثل فارسی داده‌شده دارد؟

گزینه‌ها:
الف) A smooth sea never made a skilled sailor.
ب) We never know the value of water till the well is dry.","{'الف': 'Irrelevant', 'ب': 'Equivalent'}"
"شما یک مدل زبانی هستید که برای تشخیص معادل معنایی مناسب ضرب‌المثل‌های فارسی در زبان انگلیسی طراحی شده‌اید.

به شما یک ضرب‌المثل فارسی داده می‌شود. سپس یک پرسش دوگزینه‌ای مطرح می‌شود که در آن دو ضرب‌المثل انگلیسی ارائه شده است و از شما خواسته می‌شود تشخیص دهید کدام‌ یک از آن‌ها از نظر کاربرد و معنا بیشترین شباهت را با ضرب‌المثل فارسی داده‌شده دارد.

وظیفه‌ی شما این است که تنها یک گزینه‌ی صحیح را انتخاب کنید. پاسخ شما باید فقط شامل حرف گزینه‌ی درست (الف یا ب) باشد و هیچ متن یا توضیح اضافی ارائه نکنید.

ضرب‌المثل فارسی:
قدقدش مال ماست، تخمش را جای دیگر می‌کند.

سؤال:
کدام‌ یک از این دو ضرب‌المثل انگلیسی از نظر کاربرد و معنا بیشترین شباهت را با ضرب‌المثل فارسی داده‌شده دارد؟

گزینه‌ها:
الف) One sows and another reaps.
ب) Don't put all your eggs in one basket.","{'الف': 'Equivalent', 'ب': 'Irrelevant'}"
"شما یک مدل زبانی هستید که برای تشخیص معادل معنایی مناسب ضرب‌المثل‌های فارسی در زبان انگلیسی طراحی شده‌اید.

به شما یک ضرب‌المثل فارسی داده می‌شود. سپس یک پرسش دوگزینه‌ای مطرح می‌شود که در آن دو ضرب‌المثل انگلیسی ارائه شده است و از شما خواسته می‌شود تشخیص دهید کدام‌ یک از آن‌ها از نظر کاربرد و معنا بیشترین شباهت را با ضرب‌المثل فارسی داده‌شده دارد.

وظیفه‌ی شما این است که تنها یک گزینه‌ی صحیح را انتخاب کنید. پاسخ شما باید فقط شامل حرف گزینه‌ی درست (الف یا ب) باشد و هیچ متن یا توضیح اضافی ارائه نکنید.

ضرب‌المثل فارسی:
قربان بروم خدا را، یک بام و دو هوا را!

سؤال:
کدام‌ یک از این دو ضرب‌المثل انگلیسی از نظر کاربرد و معنا بیشترین شباهت را با ضرب‌المثل فارسی داده‌شده دارد؟

گزینه‌ها:
الف) What's good for the goose is good for the gander.
ب) Man proposes, God disposes.","{'الف': 'Equivalent', 'ب': 'Irrelevant'}"
"شما یک مدل زبانی هستید که برای تشخیص معادل معنایی مناسب ضرب‌المثل‌های فارسی در زبان انگلیسی طراحی شده‌اید.

به شما یک ضرب‌المثل فارسی داده می‌شود. سپس یک پرسش دوگزینه‌ای مطرح می‌شود که در آن دو ضرب‌المثل انگلیسی ارائه شده است و از شما خواسته می‌شود تشخیص دهید کدام‌ یک از آن‌ها از نظر کاربرد و معنا بیشترین شباهت را با ضرب‌المثل فارسی داده‌شده دارد.

وظیفه‌ی شما این است که تنها یک گزینه‌ی صحیح را انتخاب کنید. پاسخ شما باید فقط شامل حرف گزینه‌ی درست (الف یا ب) باشد و هیچ متن یا توضیح اضافی ارائه نکنید.

ضرب‌المثل فارسی:
قربان بند کیفتم، تا پول داری، رفیقتم.

سؤال:
کدام‌ یک از این دو ضرب‌المثل انگلیسی از نظر کاربرد و معنا بیشترین شباهت را با ضرب‌المثل فارسی داده‌شده دارد؟

گزینه‌ها:
الف) Prosperity makes friends, adversity tries them.
ب) He who pays the piper calls the tune.","{'الف': 'Equivalent', 'ب': 'Irrelevant'}"
"شما یک مدل زبانی هستید که برای تشخیص معادل معنایی مناسب ضرب‌المثل‌های فارسی در زبان انگلیسی طراحی شده‌اید.

به شما یک ضرب‌المثل فارسی داده می‌شود. سپس یک پرسش دوگزینه‌ای مطرح می‌شود که در آن دو ضرب‌المثل انگلیسی ارائه شده است و از شما خواسته می‌شود تشخیص دهید کدام‌ یک از آن‌ها از نظر کاربرد و معنا بیشترین شباهت را با ضرب‌المثل فارسی داده‌شده دارد.

وظیفه‌ی شما این است که تنها یک گزینه‌ی صحیح را انتخاب کنید. پاسخ شما باید فقط شامل حرف گزینه‌ی درست (الف یا ب) باشد و هیچ متن یا توضیح اضافی ارائه نکنید.

ضرب‌المثل فارسی:
قرعه فال به نام من دیوانه زدند.

سؤال:
کدام‌ یک از این دو ضرب‌المثل انگلیسی از نظر کاربرد و معنا بیشترین شباهت را با ضرب‌المثل فارسی داده‌شده دارد؟

گزینه‌ها:
الف) There's a method to his madness.
ب) That's the way the cookie crumbles.","{'الف': 'Irrelevant', 'ب': 'Equivalent'}"
"شما یک مدل زبانی هستید که برای تشخیص معادل معنایی مناسب ضرب‌المثل‌های فارسی در زبان انگلیسی طراحی شده‌اید.

به شما یک ضرب‌المثل فارسی داده می‌شود. سپس یک پرسش دوگزینه‌ای مطرح می‌شود که در آن دو ضرب‌المثل انگلیسی ارائه شده است و از شما خواسته می‌شود تشخیص دهید کدام‌ یک از آن‌ها از نظر کاربرد و معنا بیشترین شباهت را با ضرب‌المثل فارسی داده‌شده دارد.

وظیفه‌ی شما این است که تنها یک گزینه‌ی صحیح را انتخاب کنید. پاسخ شما باید فقط شامل حرف گزینه‌ی درست (الف یا ب) باشد و هیچ متن یا توضیح اضافی ارائه نکنید.

ضرب‌المثل فارسی:
قزقانش سرنگون شد.

سؤال:
کدام‌ یک از این دو ضرب‌المثل انگلیسی از نظر کاربرد و معنا بیشترین شباهت را با ضرب‌المثل فارسی داده‌شده دارد؟

گزینه‌ها:
الف) A watched pot never boils.
ب) How the mighty have fallen.","{'الف': 'Irrelevant', 'ب': 'Equivalent'}"
"شما یک مدل زبانی هستید که برای تشخیص معادل معنایی مناسب ضرب‌المثل‌های فارسی در زبان انگلیسی طراحی شده‌اید.

به شما یک ضرب‌المثل فارسی داده می‌شود. سپس یک پرسش دوگزینه‌ای مطرح می‌شود که در آن دو ضرب‌المثل انگلیسی ارائه شده است و از شما خواسته می‌شود تشخیص دهید کدام‌ یک از آن‌ها از نظر کاربرد و معنا بیشترین شباهت را با ضرب‌المثل فارسی داده‌شده دارد.

وظیفه‌ی شما این است که تنها یک گزینه‌ی صحیح را انتخاب کنید. پاسخ شما باید فقط شامل حرف گزینه‌ی درست (الف یا ب) باشد و هیچ متن یا توضیح اضافی ارائه نکنید.

ضرب‌المثل فارسی:
قسم بزرگش به سر فلانی است.

سؤال:
کدام‌ یک از این دو ضرب‌المثل انگلیسی از نظر کاربرد و معنا بیشترین شباهت را با ضرب‌المثل فارسی داده‌شده دارد؟

گزینه‌ها:
الف) Actions speak louder than words.
ب) To be the apple of someone's eye.","{'الف': 'Irrelevant', 'ب': 'Equivalent'}"
"شما یک مدل زبانی هستید که برای تشخیص معادل معنایی مناسب ضرب‌المثل‌های فارسی در زبان انگلیسی طراحی شده‌اید.

به شما یک ضرب‌المثل فارسی داده می‌شود. سپس یک پرسش دوگزینه‌ای مطرح می‌شود که در آن دو ضرب‌المثل انگلیسی ارائه شده است و از شما خواسته می‌شود تشخیص دهید کدام‌ یک از آن‌ها از نظر کاربرد و معنا بیشترین شباهت را با ضرب‌المثل فارسی داده‌شده دارد.

وظیفه‌ی شما این است که تنها یک گزینه‌ی صحیح را انتخاب کنید. پاسخ شما باید فقط شامل حرف گزینه‌ی درست (الف یا ب) باشد و هیچ متن یا توضیح اضافی ارائه نکنید.

ضرب‌المثل فارسی:
قسمت کن، یا مغبون می‌شود یا ملعون.

سؤال:
کدام‌ یک از این دو ضرب‌المثل انگلیسی از نظر کاربرد و معنا بیشترین شباهت را با ضرب‌المثل فارسی داده‌شده دارد؟

گزینه‌ها:
الف) Damned if you do, damned if you don't.
ب) Divide and conquer.","{'الف': 'Equivalent', 'ب': 'Irrelevant'}"
"شما یک مدل زبانی هستید که برای تشخیص معادل معنایی مناسب ضرب‌المثل‌های فارسی در زبان انگلیسی طراحی شده‌اید.

به شما یک ضرب‌المثل فارسی داده می‌شود. سپس یک پرسش دوگزینه‌ای مطرح می‌شود که در آن دو ضرب‌المثل انگلیسی ارائه شده است و از شما خواسته می‌شود تشخیص دهید کدام‌ یک از آن‌ها از نظر کاربرد و معنا بیشترین شباهت را با ضرب‌المثل فارسی داده‌شده دارد.

وظیفه‌ی شما این است که تنها یک گزینه‌ی صحیح را انتخاب کنید. پاسخ شما باید فقط شامل حرف گزینه‌ی درست (الف یا ب) باشد و هیچ متن یا توضیح اضافی ارائه نکنید.

ضرب‌المثل فارسی:
قسمت هیچ کس را هیچ کس نمی‌تواند بخورد.

سؤال:
کدام‌ یک از این دو ضرب‌المثل انگلیسی از نظر کاربرد و معنا بیشترین شباهت را با ضرب‌المثل فارسی داده‌شده دارد؟

گزینه‌ها:
الف) You can't have your cake and eat it too.
ب) What is lotted cannot be blotted.","{'الف': 'Irrelevant', 'ب': 'Equivalent'}"
"شما یک مدل زبانی هستید که برای تشخیص معادل معنایی مناسب ضرب‌المثل‌های فارسی در زبان انگلیسی طراحی شده‌اید.

به شما یک ضرب‌المثل فارسی داده می‌شود. سپس یک پرسش دوگزینه‌ای مطرح می‌شود که در آن دو ضرب‌المثل انگلیسی ارائه شده است و از شما خواسته می‌شود تشخیص دهید کدام‌ یک از آن‌ها از نظر کاربرد و معنا بیشترین شباهت را با ضرب‌المثل فارسی داده‌شده دارد.

وظیفه‌ی شما این است که تنها یک گزینه‌ی صحیح را انتخاب کنید. پاسخ شما باید فقط شامل حرف گزینه‌ی درست (الف یا ب) باشد و هیچ متن یا توضیح اضافی ارائه نکنید.

ضرب‌المثل فارسی:
قسم نخور که باور کردم!

سؤال:
کدام‌ یک از این دو ضرب‌المثل انگلیسی از نظر کاربرد و معنا بیشترین شباهت را با ضرب‌المثل فارسی داده‌شده دارد؟

گزینه‌ها:
الف) Seeing is believing.
ب) Methinks the lady doth protest too much.","{'الف': 'Irrelevant', 'ب': 'Equivalent'}"
"شما یک مدل زبانی هستید که برای تشخیص معادل معنایی مناسب ضرب‌المثل‌های فارسی در زبان انگلیسی طراحی شده‌اید.

به شما یک ضرب‌المثل فارسی داده می‌شود. سپس یک پرسش دوگزینه‌ای مطرح می‌شود که در آن دو ضرب‌المثل انگلیسی ارائه شده است و از شما خواسته می‌شود تشخیص دهید کدام‌ یک از آن‌ها از نظر کاربرد و معنا بیشترین شباهت را با ضرب‌المثل فارسی داده‌شده دارد.

وظیفه‌ی شما این است که تنها یک گزینه‌ی صحیح را انتخاب کنید. پاسخ شما باید فقط شامل حرف گزینه‌ی درست (الف یا ب) باشد و هیچ متن یا توضیح اضافی ارائه نکنید.

ضرب‌المثل فارسی:
قصه چهل طوطی است.

سؤال:
کدام‌ یک از این دو ضرب‌المثل انگلیسی از نظر کاربرد و معنا بیشترین شباهت را با ضرب‌المثل فارسی داده‌شده دارد؟

گزینه‌ها:
الف) A bird in the hand is worth two in the bush.
ب) It's a long story.","{'الف': 'Irrelevant', 'ب': 'Equivalent'}"
"شما یک مدل زبانی هستید که برای تشخیص معادل معنایی مناسب ضرب‌المثل‌های فارسی در زبان انگلیسی طراحی شده‌اید.

به شما یک ضرب‌المثل فارسی داده می‌شود. سپس یک پرسش دوگزینه‌ای مطرح می‌شود که در آن دو ضرب‌المثل انگلیسی ارائه شده است و از شما خواسته می‌شود تشخیص دهید کدام‌ یک از آن‌ها از نظر کاربرد و معنا بیشترین شباهت را با ضرب‌المثل فارسی داده‌شده دارد.

وظیفه‌ی شما این است که تنها یک گزینه‌ی صحیح را انتخاب کنید. پاسخ شما باید فقط شامل حرف گزینه‌ی درست (الف یا ب) باشد و هیچ متن یا توضیح اضافی ارائه نکنید.

ضرب‌المثل فارسی:
قلاده برتر از سگ است.

سؤال:
کدام‌ یک از این دو ضرب‌المثل انگلیسی از نظر کاربرد و معنا بیشترین شباهت را با ضرب‌المثل فارسی داده‌شده دارد؟

گزینه‌ها:
الف) The clothes make the man.
ب) Every dog has its day.","{'الف': 'Equivalent', 'ب': 'Irrelevant'}"
"شما یک مدل زبانی هستید که برای تشخیص معادل معنایی مناسب ضرب‌المثل‌های فارسی در زبان انگلیسی طراحی شده‌اید.

به شما یک ضرب‌المثل فارسی داده می‌شود. سپس یک پرسش دوگزینه‌ای مطرح می‌شود که در آن دو ضرب‌المثل انگلیسی ارائه شده است و از شما خواسته می‌شود تشخیص دهید کدام‌ یک از آن‌ها از نظر کاربرد و معنا بیشترین شباهت را با ضرب‌المثل فارسی داده‌شده دارد.

وظیفه‌ی شما این است که تنها یک گزینه‌ی صحیح را انتخاب کنید. پاسخ شما باید فقط شامل حرف گزینه‌ی درست (الف یا ب) باشد و هیچ متن یا توضیح اضافی ارائه نکنید.

ضرب‌المثل فارسی:
قلندری هم کشکول می‌خواهد.

سؤال:
کدام‌ یک از این دو ضرب‌المثل انگلیسی از نظر کاربرد و معنا بیشترین شباهت را با ضرب‌المثل فارسی داده‌شده دارد؟

گزینه‌ها:
الف) You can't make bricks without straw.
ب) Beggars can't be choosers.","{'الف': 'Equivalent', 'ب': 'Irrelevant'}"
"شما یک مدل زبانی هستید که برای تشخیص معادل معنایی مناسب ضرب‌المثل‌های فارسی در زبان انگلیسی طراحی شده‌اید.

به شما یک ضرب‌المثل فارسی داده می‌شود. سپس یک پرسش دوگزینه‌ای مطرح می‌شود که در آن دو ضرب‌المثل انگلیسی ارائه شده است و از شما خواسته می‌شود تشخیص دهید کدام‌ یک از آن‌ها از نظر کاربرد و معنا بیشترین شباهت را با ضرب‌المثل فارسی داده‌شده دارد.

وظیفه‌ی شما این است که تنها یک گزینه‌ی صحیح را انتخاب کنید. پاسخ شما باید فقط شامل حرف گزینه‌ی درست (الف یا ب) باشد و هیچ متن یا توضیح اضافی ارائه نکنید.

ضرب‌المثل فارسی:
قلیان کش محرّم است.

سؤال:
کدام‌ یک از این دو ضرب‌المثل انگلیسی از نظر کاربرد و معنا بیشترین شباهت را با ضرب‌المثل فارسی داده‌شده دارد؟

گزینه‌ها:
الف) To fish in troubled waters.
ب) Where there's smoke, there's fire.","{'الف': 'Equivalent', 'ب': 'Irrelevant'}"
"شما یک مدل زبانی هستید که برای تشخیص معادل معنایی مناسب ضرب‌المثل‌های فارسی در زبان انگلیسی طراحی شده‌اید.

به شما یک ضرب‌المثل فارسی داده می‌شود. سپس یک پرسش دوگزینه‌ای مطرح می‌شود که در آن دو ضرب‌المثل انگلیسی ارائه شده است و از شما خواسته می‌شود تشخیص دهید کدام‌ یک از آن‌ها از نظر کاربرد و معنا بیشترین شباهت را با ضرب‌المثل فارسی داده‌شده دارد.

وظیفه‌ی شما این است که تنها یک گزینه‌ی صحیح را انتخاب کنید. پاسخ شما باید فقط شامل حرف گزینه‌ی درست (الف یا ب) باشد و هیچ متن یا توضیح اضافی ارائه نکنید.

ضرب‌المثل فارسی:
قلی هم در سورنایش می‌گفت.

سؤال:
کدام‌ یک از این دو ضرب‌المثل انگلیسی از نظر کاربرد و معنا بیشترین شباهت را با ضرب‌المثل فارسی داده‌شده دارد؟

گزینه‌ها:
الف) The cat is out of the bag.
ب) Blow your own trumpet.","{'الف': 'Equivalent', 'ب': 'Irrelevant'}"
"شما یک مدل زبانی هستید که برای تشخیص معادل معنایی مناسب ضرب‌المثل‌های فارسی در زبان انگلیسی طراحی شده‌اید.

به شما یک ضرب‌المثل فارسی داده می‌شود. سپس یک پرسش دوگزینه‌ای مطرح می‌شود که در آن دو ضرب‌المثل انگلیسی ارائه شده است و از شما خواسته می‌شود تشخیص دهید کدام‌ یک از آن‌ها از نظر کاربرد و معنا بیشترین شباهت را با ضرب‌المثل فارسی داده‌شده دارد.

وظیفه‌ی شما این است که تنها یک گزینه‌ی صحیح را انتخاب کنید. پاسخ شما باید فقط شامل حرف گزینه‌ی درست (الف یا ب) باشد و هیچ متن یا توضیح اضافی ارائه نکنید.

ضرب‌المثل فارسی:
قورباغه که آوازخوان بشود بیات گاو می‌خواند.

سؤال:
کدام‌ یک از این دو ضرب‌المثل انگلیسی از نظر کاربرد و معنا بیشترین شباهت را با ضرب‌المثل فارسی داده‌شده دارد؟

گزینه‌ها:
الف) Set a beggar on horseback and he'll ride to the devil.
ب) The frog in the well knows nothing of the great ocean.","{'الف': 'Equivalent', 'ب': 'Irrelevant'}"
"شما یک مدل زبانی هستید که برای تشخیص معادل معنایی مناسب ضرب‌المثل‌های فارسی در زبان انگلیسی طراحی شده‌اید.

به شما یک ضرب‌المثل فارسی داده می‌شود. سپس یک پرسش دوگزینه‌ای مطرح می‌شود که در آن دو ضرب‌المثل انگلیسی ارائه شده است و از شما خواسته می‌شود تشخیص دهید کدام‌ یک از آن‌ها از نظر کاربرد و معنا بیشترین شباهت را با ضرب‌المثل فارسی داده‌شده دارد.

وظیفه‌ی شما این است که تنها یک گزینه‌ی صحیح را انتخاب کنید. پاسخ شما باید فقط شامل حرف گزینه‌ی درست (الف یا ب) باشد و هیچ متن یا توضیح اضافی ارائه نکنید.

ضرب‌المثل فارسی:
قول مرد یکی است، تا حالا می‌گفتم آره، حالا می‌گویم نه!

سؤال:
کدام‌ یک از این دو ضرب‌المثل انگلیسی از نظر کاربرد و معنا بیشترین شباهت را با ضرب‌المثل فارسی داده‌شده دارد؟

گزینه‌ها:
الف) A man is as good as his word.
ب) Promises are like pie-crusts, made to be broken.","{'الف': 'Irrelevant', 'ب': 'Equivalent'}"
"شما یک مدل زبانی هستید که برای تشخیص معادل معنایی مناسب ضرب‌المثل‌های فارسی در زبان انگلیسی طراحی شده‌اید.

به شما یک ضرب‌المثل فارسی داده می‌شود. سپس یک پرسش دوگزینه‌ای مطرح می‌شود که در آن دو ضرب‌المثل انگلیسی ارائه شده است و از شما خواسته می‌شود تشخیص دهید کدام‌ یک از آن‌ها از نظر کاربرد و معنا بیشترین شباهت را با ضرب‌المثل فارسی داده‌شده دارد.

وظیفه‌ی شما این است که تنها یک گزینه‌ی صحیح را انتخاب کنید. پاسخ شما باید فقط شامل حرف گزینه‌ی درست (الف یا ب) باشد و هیچ متن یا توضیح اضافی ارائه نکنید.

ضرب‌المثل فارسی:
کاچی به از هیچی.

سؤال:
کدام‌ یک از این دو ضرب‌المثل انگلیسی از نظر کاربرد و معنا بیشترین شباهت را با ضرب‌المثل فارسی داده‌شده دارد؟

گزینه‌ها:
الف) Half a loaf is better than no bread.
ب) Too many cooks spoil the broth.","{'الف': 'Equivalent', 'ب': 'Irrelevant'}"
"شما یک مدل زبانی هستید که برای تشخیص معادل معنایی مناسب ضرب‌المثل‌های فارسی در زبان انگلیسی طراحی شده‌اید.

به شما یک ضرب‌المثل فارسی داده می‌شود. سپس یک پرسش دوگزینه‌ای مطرح می‌شود که در آن دو ضرب‌المثل انگلیسی ارائه شده است و از شما خواسته می‌شود تشخیص دهید کدام‌ یک از آن‌ها از نظر کاربرد و معنا بیشترین شباهت را با ضرب‌المثل فارسی داده‌شده دارد.

وظیفه‌ی شما این است که تنها یک گزینه‌ی صحیح را انتخاب کنید. پاسخ شما باید فقط شامل حرف گزینه‌ی درست (الف یا ب) باشد و هیچ متن یا توضیح اضافی ارائه نکنید.

ضرب‌المثل فارسی:
کار بوزینه نیست نجاری!

سؤال:
کدام‌ یک از این دو ضرب‌المثل انگلیسی از نظر کاربرد و معنا بیشترین شباهت را با ضرب‌المثل فارسی داده‌شده دارد؟

گزینه‌ها:
الف) Horses for courses.
ب) Monkey see, monkey do.","{'الف': 'Equivalent', 'ب': 'Irrelevant'}"
"شما یک مدل زبانی هستید که برای تشخیص معادل معنایی مناسب ضرب‌المثل‌های فارسی در زبان انگلیسی طراحی شده‌اید.

به شما یک ضرب‌المثل فارسی داده می‌شود. سپس یک پرسش دوگزینه‌ای مطرح می‌شود که در آن دو ضرب‌المثل انگلیسی ارائه شده است و از شما خواسته می‌شود تشخیص دهید کدام‌ یک از آن‌ها از نظر کاربرد و معنا بیشترین شباهت را با ضرب‌المثل فارسی داده‌شده دارد.

وظیفه‌ی شما این است که تنها یک گزینه‌ی صحیح را انتخاب کنید. پاسخ شما باید فقط شامل حرف گزینه‌ی درست (الف یا ب) باشد و هیچ متن یا توضیح اضافی ارائه نکنید.

ضرب‌المثل فارسی:
کار خدا دخلی به کار آدمیزاد ندارد.

سؤال:
کدام‌ یک از این دو ضرب‌المثل انگلیسی از نظر کاربرد و معنا بیشترین شباهت را با ضرب‌المثل فارسی داده‌شده دارد؟

گزینه‌ها:
الف) Render unto Caesar the things that are Caesar's, and unto God the things that are God's.
ب) Man proposes, God disposes.","{'الف': 'Irrelevant', 'ب': 'Equivalent'}"
"شما یک مدل زبانی هستید که برای تشخیص معادل معنایی مناسب ضرب‌المثل‌های فارسی در زبان انگلیسی طراحی شده‌اید.

به شما یک ضرب‌المثل فارسی داده می‌شود. سپس یک پرسش دوگزینه‌ای مطرح می‌شود که در آن دو ضرب‌المثل انگلیسی ارائه شده است و از شما خواسته می‌شود تشخیص دهید کدام‌ یک از آن‌ها از نظر کاربرد و معنا بیشترین شباهت را با ضرب‌المثل فارسی داده‌شده دارد.

وظیفه‌ی شما این است که تنها یک گزینه‌ی صحیح را انتخاب کنید. پاسخ شما باید فقط شامل حرف گزینه‌ی درست (الف یا ب) باشد و هیچ متن یا توضیح اضافی ارائه نکنید.

ضرب‌المثل فارسی:
کار خنجر نیاید از سوزن.

سؤال:
کدام‌ یک از این دو ضرب‌المثل انگلیسی از نظر کاربرد و معنا بیشترین شباهت را با ضرب‌المثل فارسی داده‌شده دارد؟

گزینه‌ها:
الف) Don't send a boy to do a man's job.
ب) A stitch in time saves nine.","{'الف': 'Equivalent', 'ب': 'Irrelevant'}"
"شما یک مدل زبانی هستید که برای تشخیص معادل معنایی مناسب ضرب‌المثل‌های فارسی در زبان انگلیسی طراحی شده‌اید.

به شما یک ضرب‌المثل فارسی داده می‌شود. سپس یک پرسش دوگزینه‌ای مطرح می‌شود که در آن دو ضرب‌المثل انگلیسی ارائه شده است و از شما خواسته می‌شود تشخیص دهید کدام‌ یک از آن‌ها از نظر کاربرد و معنا بیشترین شباهت را با ضرب‌المثل فارسی داده‌شده دارد.

وظیفه‌ی شما این است که تنها یک گزینه‌ی صحیح را انتخاب کنید. پاسخ شما باید فقط شامل حرف گزینه‌ی درست (الف یا ب) باشد و هیچ متن یا توضیح اضافی ارائه نکنید.

ضرب‌المثل فارسی:
کارد به استخوانش رسیده.

سؤال:
کدام‌ یک از این دو ضرب‌المثل انگلیسی از نظر کاربرد و معنا بیشترین شباهت را با ضرب‌المثل فارسی داده‌شده دارد؟

گزینه‌ها:
الف) The last straw that broke the camel's back.
ب) Sticks and stones may break my bones, but words will never hurt me.","{'الف': 'Equivalent', 'ب': 'Irrelevant'}"
"شما یک مدل زبانی هستید که برای تشخیص معادل معنایی مناسب ضرب‌المثل‌های فارسی در زبان انگلیسی طراحی شده‌اید.

به شما یک ضرب‌المثل فارسی داده می‌شود. سپس یک پرسش دوگزینه‌ای مطرح می‌شود که در آن دو ضرب‌المثل انگلیسی ارائه شده است و از شما خواسته می‌شود تشخیص دهید کدام‌ یک از آن‌ها از نظر کاربرد و معنا بیشترین شباهت را با ضرب‌المثل فارسی داده‌شده دارد.

وظیفه‌ی شما این است که تنها یک گزینه‌ی صحیح را انتخاب کنید. پاسخ شما باید فقط شامل حرف گزینه‌ی درست (الف یا ب) باشد و هیچ متن یا توضیح اضافی ارائه نکنید.

ضرب‌المثل فارسی:
کارد به او می‌زدی، خونش در نمی‌آمد.

سؤال:
کدام‌ یک از این دو ضرب‌المثل انگلیسی از نظر کاربرد و معنا بیشترین شباهت را با ضرب‌المثل فارسی داده‌شده دارد؟

گزینه‌ها:
الف) You can't get blood from a stone.
ب) It made his blood boil.","{'الف': 'Irrelevant', 'ب': 'Equivalent'}"
"شما یک مدل زبانی هستید که برای تشخیص معادل معنایی مناسب ضرب‌المثل‌های فارسی در زبان انگلیسی طراحی شده‌اید.

به شما یک ضرب‌المثل فارسی داده می‌شود. سپس یک پرسش دوگزینه‌ای مطرح می‌شود که در آن دو ضرب‌المثل انگلیسی ارائه شده است و از شما خواسته می‌شود تشخیص دهید کدام‌ یک از آن‌ها از نظر کاربرد و معنا بیشترین شباهت را با ضرب‌المثل فارسی داده‌شده دارد.

وظیفه‌ی شما این است که تنها یک گزینه‌ی صحیح را انتخاب کنید. پاسخ شما باید فقط شامل حرف گزینه‌ی درست (الف یا ب) باشد و هیچ متن یا توضیح اضافی ارائه نکنید.

ضرب‌المثل فارسی:
کارد دسته خودش را نمی‌برد.

سؤال:
کدام‌ یک از این دو ضرب‌المثل انگلیسی از نظر کاربرد و معنا بیشترین شباهت را با ضرب‌المثل فارسی داده‌شده دارد؟

گزینه‌ها:
الف) Blood is thicker than water.
ب) Don't cut off your nose to spite your face.","{'الف': 'Equivalent', 'ب': 'Irrelevant'}"
"شما یک مدل زبانی هستید که برای تشخیص معادل معنایی مناسب ضرب‌المثل‌های فارسی در زبان انگلیسی طراحی شده‌اید.

به شما یک ضرب‌المثل فارسی داده می‌شود. سپس یک پرسش دوگزینه‌ای مطرح می‌شود که در آن دو ضرب‌المثل انگلیسی ارائه شده است و از شما خواسته می‌شود تشخیص دهید کدام‌ یک از آن‌ها از نظر کاربرد و معنا بیشترین شباهت را با ضرب‌المثل فارسی داده‌شده دارد.

وظیفه‌ی شما این است که تنها یک گزینه‌ی صحیح را انتخاب کنید. پاسخ شما باید فقط شامل حرف گزینه‌ی درست (الف یا ب) باشد و هیچ متن یا توضیح اضافی ارائه نکنید.

ضرب‌المثل فارسی:
کار دل است، کار آب و گل نیست

سؤال:
کدام‌ یک از این دو ضرب‌المثل انگلیسی از نظر کاربرد و معنا بیشترین شباهت را با ضرب‌المثل فارسی داده‌شده دارد؟

گزینه‌ها:
الف) Rome wasn't built in a day.
ب) The heart wants what it wants.","{'الف': 'Irrelevant', 'ب': 'Equivalent'}"
"شما یک مدل زبانی هستید که برای تشخیص معادل معنایی مناسب ضرب‌المثل‌های فارسی در زبان انگلیسی طراحی شده‌اید.

به شما یک ضرب‌المثل فارسی داده می‌شود. سپس یک پرسش دوگزینه‌ای مطرح می‌شود که در آن دو ضرب‌المثل انگلیسی ارائه شده است و از شما خواسته می‌شود تشخیص دهید کدام‌ یک از آن‌ها از نظر کاربرد و معنا بیشترین شباهت را با ضرب‌المثل فارسی داده‌شده دارد.

وظیفه‌ی شما این است که تنها یک گزینه‌ی صحیح را انتخاب کنید. پاسخ شما باید فقط شامل حرف گزینه‌ی درست (الف یا ب) باشد و هیچ متن یا توضیح اضافی ارائه نکنید.

ضرب‌المثل فارسی:
کارد مطبخ است.

سؤال:
کدام‌ یک از این دو ضرب‌المثل انگلیسی از نظر کاربرد و معنا بیشترین شباهت را با ضرب‌المثل فارسی داده‌شده دارد؟

گزینه‌ها:
الف) A jack of all trades.
ب) Too many cooks spoil the broth.","{'الف': 'Equivalent', 'ب': 'Irrelevant'}"
"شما یک مدل زبانی هستید که برای تشخیص معادل معنایی مناسب ضرب‌المثل‌های فارسی در زبان انگلیسی طراحی شده‌اید.

به شما یک ضرب‌المثل فارسی داده می‌شود. سپس یک پرسش دوگزینه‌ای مطرح می‌شود که در آن دو ضرب‌المثل انگلیسی ارائه شده است و از شما خواسته می‌شود تشخیص دهید کدام‌ یک از آن‌ها از نظر کاربرد و معنا بیشترین شباهت را با ضرب‌المثل فارسی داده‌شده دارد.

وظیفه‌ی شما این است که تنها یک گزینه‌ی صحیح را انتخاب کنید. پاسخ شما باید فقط شامل حرف گزینه‌ی درست (الف یا ب) باشد و هیچ متن یا توضیح اضافی ارائه نکنید.

ضرب‌المثل فارسی:
کار را دست می‌کند، چشم می‌ترسد

سؤال:
کدام‌ یک از این دو ضرب‌المثل انگلیسی از نظر کاربرد و معنا بیشترین شباهت را با ضرب‌المثل فارسی داده‌شده دارد؟

گزینه‌ها:
الف) The left hand doesn't know what the right hand is doing.
ب) Look before you leap.","{'الف': 'Irrelevant', 'ب': 'Equivalent'}"
"شما یک مدل زبانی هستید که برای تشخیص معادل معنایی مناسب ضرب‌المثل‌های فارسی در زبان انگلیسی طراحی شده‌اید.

به شما یک ضرب‌المثل فارسی داده می‌شود. سپس یک پرسش دوگزینه‌ای مطرح می‌شود که در آن دو ضرب‌المثل انگلیسی ارائه شده است و از شما خواسته می‌شود تشخیص دهید کدام‌ یک از آن‌ها از نظر کاربرد و معنا بیشترین شباهت را با ضرب‌المثل فارسی داده‌شده دارد.

وظیفه‌ی شما این است که تنها یک گزینه‌ی صحیح را انتخاب کنید. پاسخ شما باید فقط شامل حرف گزینه‌ی درست (الف یا ب) باشد و هیچ متن یا توضیح اضافی ارائه نکنید.

ضرب‌المثل فارسی:
کار را که کرد؟ آن که تمام کرد!

سؤال:
کدام‌ یک از این دو ضرب‌المثل انگلیسی از نظر کاربرد و معنا بیشترین شباهت را با ضرب‌المثل فارسی داده‌شده دارد؟

گزینه‌ها:
الف) It's not how you start, it's how you finish.
ب) A job well begun is half done.","{'الف': 'Equivalent', 'ب': 'Irrelevant'}"
"شما یک مدل زبانی هستید که برای تشخیص معادل معنایی مناسب ضرب‌المثل‌های فارسی در زبان انگلیسی طراحی شده‌اید.

به شما یک ضرب‌المثل فارسی داده می‌شود. سپس یک پرسش دوگزینه‌ای مطرح می‌شود که در آن دو ضرب‌المثل انگلیسی ارائه شده است و از شما خواسته می‌شود تشخیص دهید کدام‌ یک از آن‌ها از نظر کاربرد و معنا بیشترین شباهت را با ضرب‌المثل فارسی داده‌شده دارد.

وظیفه‌ی شما این است که تنها یک گزینه‌ی صحیح را انتخاب کنید. پاسخ شما باید فقط شامل حرف گزینه‌ی درست (الف یا ب) باشد و هیچ متن یا توضیح اضافی ارائه نکنید.

ضرب‌المثل فارسی:
کارش چیه؟ بوق می‌زنه، بخیه به آبدوغ می‌زنه.

سؤال:
کدام‌ یک از این دو ضرب‌المثل انگلیسی از نظر کاربرد و معنا بیشترین شباهت را با ضرب‌المثل فارسی داده‌شده دارد؟

گزینه‌ها:
الف) All dressed up and nowhere to go.
ب) A stitch in time saves nine.","{'الف': 'Equivalent', 'ب': 'Irrelevant'}"
"شما یک مدل زبانی هستید که برای تشخیص معادل معنایی مناسب ضرب‌المثل‌های فارسی در زبان انگلیسی طراحی شده‌اید.

به شما یک ضرب‌المثل فارسی داده می‌شود. سپس یک پرسش دوگزینه‌ای مطرح می‌شود که در آن دو ضرب‌المثل انگلیسی ارائه شده است و از شما خواسته می‌شود تشخیص دهید کدام‌ یک از آن‌ها از نظر کاربرد و معنا بیشترین شباهت را با ضرب‌المثل فارسی داده‌شده دارد.

وظیفه‌ی شما این است که تنها یک گزینه‌ی صحیح را انتخاب کنید. پاسخ شما باید فقط شامل حرف گزینه‌ی درست (الف یا ب) باشد و هیچ متن یا توضیح اضافی ارائه نکنید.

ضرب‌المثل فارسی:
کارکردن خر، خوردن یابو.

سؤال:
کدام‌ یک از این دو ضرب‌المثل انگلیسی از نظر کاربرد و معنا بیشترین شباهت را با ضرب‌المثل فارسی داده‌شده دارد؟

گزینه‌ها:
الف) One sows, another reaps.
ب) You can lead a horse to water, but you can't make it drink.","{'الف': 'Equivalent', 'ب': 'Irrelevant'}"
"شما یک مدل زبانی هستید که برای تشخیص معادل معنایی مناسب ضرب‌المثل‌های فارسی در زبان انگلیسی طراحی شده‌اید.

به شما یک ضرب‌المثل فارسی داده می‌شود. سپس یک پرسش دوگزینه‌ای مطرح می‌شود که در آن دو ضرب‌المثل انگلیسی ارائه شده است و از شما خواسته می‌شود تشخیص دهید کدام‌ یک از آن‌ها از نظر کاربرد و معنا بیشترین شباهت را با ضرب‌المثل فارسی داده‌شده دارد.

وظیفه‌ی شما این است که تنها یک گزینه‌ی صحیح را انتخاب کنید. پاسخ شما باید فقط شامل حرف گزینه‌ی درست (الف یا ب) باشد و هیچ متن یا توضیح اضافی ارائه نکنید.

ضرب‌المثل فارسی:
کار که رسید به چانه، عروس را ببر به خانه!

سؤال:
کدام‌ یک از این دو ضرب‌المثل انگلیسی از نظر کاربرد و معنا بیشترین شباهت را با ضرب‌المثل فارسی داده‌شده دارد؟

گزینه‌ها:
الف) It's all over but the shouting.
ب) Happy is the bride that the sun shines on.","{'الف': 'Equivalent', 'ب': 'Irrelevant'}"
"شما یک مدل زبانی هستید که برای تشخیص معادل معنایی مناسب ضرب‌المثل‌های فارسی در زبان انگلیسی طراحی شده‌اید.

به شما یک ضرب‌المثل فارسی داده می‌شود. سپس یک پرسش دوگزینه‌ای مطرح می‌شود که در آن دو ضرب‌المثل انگلیسی ارائه شده است و از شما خواسته می‌شود تشخیص دهید کدام‌ یک از آن‌ها از نظر کاربرد و معنا بیشترین شباهت را با ضرب‌المثل فارسی داده‌شده دارد.

وظیفه‌ی شما این است که تنها یک گزینه‌ی صحیح را انتخاب کنید. پاسخ شما باید فقط شامل حرف گزینه‌ی درست (الف یا ب) باشد و هیچ متن یا توضیح اضافی ارائه نکنید.

ضرب‌المثل فارسی:
کار نازک می‌کند و نان کلفت می‌خواهد.

سؤال:
کدام‌ یک از این دو ضرب‌المثل انگلیسی از نظر کاربرد و معنا بیشترین شباهت را با ضرب‌المثل فارسی داده‌شده دارد؟

گزینه‌ها:
الف) Champagne taste on a beer budget.
ب) Half a loaf is better than no bread.","{'الف': 'Equivalent', 'ب': 'Irrelevant'}"
"شما یک مدل زبانی هستید که برای تشخیص معادل معنایی مناسب ضرب‌المثل‌های فارسی در زبان انگلیسی طراحی شده‌اید.

به شما یک ضرب‌المثل فارسی داده می‌شود. سپس یک پرسش دوگزینه‌ای مطرح می‌شود که در آن دو ضرب‌المثل انگلیسی ارائه شده است و از شما خواسته می‌شود تشخیص دهید کدام‌ یک از آن‌ها از نظر کاربرد و معنا بیشترین شباهت را با ضرب‌المثل فارسی داده‌شده دارد.

وظیفه‌ی شما این است که تنها یک گزینه‌ی صحیح را انتخاب کنید. پاسخ شما باید فقط شامل حرف گزینه‌ی درست (الف یا ب) باشد و هیچ متن یا توضیح اضافی ارائه نکنید.

ضرب‌المثل فارسی:
کار، نشد، ندارد!

سؤال:
کدام‌ یک از این دو ضرب‌المثل انگلیسی از نظر کاربرد و معنا بیشترین شباهت را با ضرب‌المثل فارسی داده‌شده دارد؟

گزینه‌ها:
الف) All work and no play makes Jack a dull boy.
ب) Where there's a will, there's a way.","{'الف': 'Irrelevant', 'ب': 'Equivalent'}"
"شما یک مدل زبانی هستید که برای تشخیص معادل معنایی مناسب ضرب‌المثل‌های فارسی در زبان انگلیسی طراحی شده‌اید.

به شما یک ضرب‌المثل فارسی داده می‌شود. سپس یک پرسش دوگزینه‌ای مطرح می‌شود که در آن دو ضرب‌المثل انگلیسی ارائه شده است و از شما خواسته می‌شود تشخیص دهید کدام‌ یک از آن‌ها از نظر کاربرد و معنا بیشترین شباهت را با ضرب‌المثل فارسی داده‌شده دارد.

وظیفه‌ی شما این است که تنها یک گزینه‌ی صحیح را انتخاب کنید. پاسخ شما باید فقط شامل حرف گزینه‌ی درست (الف یا ب) باشد و هیچ متن یا توضیح اضافی ارائه نکنید.

ضرب‌المثل فارسی:
کار نیکوکردن از پرکردن است.

سؤال:
کدام‌ یک از این دو ضرب‌المثل انگلیسی از نظر کاربرد و معنا بیشترین شباهت را با ضرب‌المثل فارسی داده‌شده دارد؟

گزینه‌ها:
الف) Practice makes perfect.
ب) If a job is worth doing, it's worth doing well.","{'الف': 'Equivalent', 'ب': 'Irrelevant'}"
"شما یک مدل زبانی هستید که برای تشخیص معادل معنایی مناسب ضرب‌المثل‌های فارسی در زبان انگلیسی طراحی شده‌اید.

به شما یک ضرب‌المثل فارسی داده می‌شود. سپس یک پرسش دوگزینه‌ای مطرح می‌شود که در آن دو ضرب‌المثل انگلیسی ارائه شده است و از شما خواسته می‌شود تشخیص دهید کدام‌ یک از آن‌ها از نظر کاربرد و معنا بیشترین شباهت را با ضرب‌المثل فارسی داده‌شده دارد.

وظیفه‌ی شما این است که تنها یک گزینه‌ی صحیح را انتخاب کنید. پاسخ شما باید فقط شامل حرف گزینه‌ی درست (الف یا ب) باشد و هیچ متن یا توضیح اضافی ارائه نکنید.

ضرب‌المثل فارسی:
کارها نیکو شود، اما به صبر.

سؤال:
کدام‌ یک از این دو ضرب‌المثل انگلیسی از نظر کاربرد و معنا بیشترین شباهت را با ضرب‌المثل فارسی داده‌شده دارد؟

گزینه‌ها:
الف) Good things come to those who wait.
ب) A watched pot never boils.","{'الف': 'Equivalent', 'ب': 'Irrelevant'}"
"شما یک مدل زبانی هستید که برای تشخیص معادل معنایی مناسب ضرب‌المثل‌های فارسی در زبان انگلیسی طراحی شده‌اید.

به شما یک ضرب‌المثل فارسی داده می‌شود. سپس یک پرسش دوگزینه‌ای مطرح می‌شود که در آن دو ضرب‌المثل انگلیسی ارائه شده است و از شما خواسته می‌شود تشخیص دهید کدام‌ یک از آن‌ها از نظر کاربرد و معنا بیشترین شباهت را با ضرب‌المثل فارسی داده‌شده دارد.

وظیفه‌ی شما این است که تنها یک گزینه‌ی صحیح را انتخاب کنید. پاسخ شما باید فقط شامل حرف گزینه‌ی درست (الف یا ب) باشد و هیچ متن یا توضیح اضافی ارائه نکنید.

ضرب‌المثل فارسی:
کار هیچ کس به آخر نرسید.

سؤال:
کدام‌ یک از این دو ضرب‌المثل انگلیسی از نظر کاربرد و معنا بیشترین شباهت را با ضرب‌المثل فارسی داده‌شده دارد؟

گزینه‌ها:
الف) A man’s work is never done.
ب) All work and no play makes Jack a dull boy.","{'الف': 'Equivalent', 'ب': 'Irrelevant'}"
"شما یک مدل زبانی هستید که برای تشخیص معادل معنایی مناسب ضرب‌المثل‌های فارسی در زبان انگلیسی طراحی شده‌اید.

به شما یک ضرب‌المثل فارسی داده می‌شود. سپس یک پرسش دوگزینه‌ای مطرح می‌شود که در آن دو ضرب‌المثل انگلیسی ارائه شده است و از شما خواسته می‌شود تشخیص دهید کدام‌ یک از آن‌ها از نظر کاربرد و معنا بیشترین شباهت را با ضرب‌المثل فارسی داده‌شده دارد.

وظیفه‌ی شما این است که تنها یک گزینه‌ی صحیح را انتخاب کنید. پاسخ شما باید فقط شامل حرف گزینه‌ی درست (الف یا ب) باشد و هیچ متن یا توضیح اضافی ارائه نکنید.

ضرب‌المثل فارسی:
کاری بکن بابات می‌کرد، پشم می‌ریسید قبات می‌کرد.

سؤال:
کدام‌ یک از این دو ضرب‌المثل انگلیسی از نظر کاربرد و معنا بیشترین شباهت را با ضرب‌المثل فارسی داده‌شده دارد؟

گزینه‌ها:
الف) Like father, like son.
ب) Cut your coat according to your cloth.","{'الف': 'Irrelevant', 'ب': 'Equivalent'}"
"شما یک مدل زبانی هستید که برای تشخیص معادل معنایی مناسب ضرب‌المثل‌های فارسی در زبان انگلیسی طراحی شده‌اید.

به شما یک ضرب‌المثل فارسی داده می‌شود. سپس یک پرسش دوگزینه‌ای مطرح می‌شود که در آن دو ضرب‌المثل انگلیسی ارائه شده است و از شما خواسته می‌شود تشخیص دهید کدام‌ یک از آن‌ها از نظر کاربرد و معنا بیشترین شباهت را با ضرب‌المثل فارسی داده‌شده دارد.

وظیفه‌ی شما این است که تنها یک گزینه‌ی صحیح را انتخاب کنید. پاسخ شما باید فقط شامل حرف گزینه‌ی درست (الف یا ب) باشد و هیچ متن یا توضیح اضافی ارائه نکنید.

ضرب‌المثل فارسی:
کاری که چاق نمی‌کند، چرا لاغر بکند؟

سؤال:
کدام‌ یک از این دو ضرب‌المثل انگلیسی از نظر کاربرد و معنا بیشترین شباهت را با ضرب‌المثل فارسی داده‌شده دارد؟

گزینه‌ها:
الف) Fools rush in where angels fear to tread.
ب) A lean dog for a long race.","{'الف': 'Equivalent', 'ب': 'Irrelevant'}"
"شما یک مدل زبانی هستید که برای تشخیص معادل معنایی مناسب ضرب‌المثل‌های فارسی در زبان انگلیسی طراحی شده‌اید.

به شما یک ضرب‌المثل فارسی داده می‌شود. سپس یک پرسش دوگزینه‌ای مطرح می‌شود که در آن دو ضرب‌المثل انگلیسی ارائه شده است و از شما خواسته می‌شود تشخیص دهید کدام‌ یک از آن‌ها از نظر کاربرد و معنا بیشترین شباهت را با ضرب‌المثل فارسی داده‌شده دارد.

وظیفه‌ی شما این است که تنها یک گزینه‌ی صحیح را انتخاب کنید. پاسخ شما باید فقط شامل حرف گزینه‌ی درست (الف یا ب) باشد و هیچ متن یا توضیح اضافی ارائه نکنید.

ضرب‌المثل فارسی:
کار یک دفعه می‌شود.

سؤال:
کدام‌ یک از این دو ضرب‌المثل انگلیسی از نظر کاربرد و معنا بیشترین شباهت را با ضرب‌المثل فارسی داده‌شده دارد؟

گزینه‌ها:
الف) The calm before the storm.
ب) Once bitten, twice shy.","{'الف': 'Equivalent', 'ب': 'Irrelevant'}"
"شما یک مدل زبانی هستید که برای تشخیص معادل معنایی مناسب ضرب‌المثل‌های فارسی در زبان انگلیسی طراحی شده‌اید.

به شما یک ضرب‌المثل فارسی داده می‌شود. سپس یک پرسش دوگزینه‌ای مطرح می‌شود که در آن دو ضرب‌المثل انگلیسی ارائه شده است و از شما خواسته می‌شود تشخیص دهید کدام‌ یک از آن‌ها از نظر کاربرد و معنا بیشترین شباهت را با ضرب‌المثل فارسی داده‌شده دارد.

وظیفه‌ی شما این است که تنها یک گزینه‌ی صحیح را انتخاب کنید. پاسخ شما باید فقط شامل حرف گزینه‌ی درست (الف یا ب) باشد و هیچ متن یا توضیح اضافی ارائه نکنید.

ضرب‌المثل فارسی:
کار یک شاهی و صنار نیست!

سؤال:
کدام‌ یک از این دو ضرب‌المثل انگلیسی از نظر کاربرد و معنا بیشترین شباهت را با ضرب‌المثل فارسی داده‌شده دارد؟

گزینه‌ها:
الف) It costs a pretty penny.
ب) A penny saved is a penny earned.","{'الف': 'Equivalent', 'ب': 'Irrelevant'}"
"شما یک مدل زبانی هستید که برای تشخیص معادل معنایی مناسب ضرب‌المثل‌های فارسی در زبان انگلیسی طراحی شده‌اید.

به شما یک ضرب‌المثل فارسی داده می‌شود. سپس یک پرسش دوگزینه‌ای مطرح می‌شود که در آن دو ضرب‌المثل انگلیسی ارائه شده است و از شما خواسته می‌شود تشخیص دهید کدام‌ یک از آن‌ها از نظر کاربرد و معنا بیشترین شباهت را با ضرب‌المثل فارسی داده‌شده دارد.

وظیفه‌ی شما این است که تنها یک گزینه‌ی صحیح را انتخاب کنید. پاسخ شما باید فقط شامل حرف گزینه‌ی درست (الف یا ب) باشد و هیچ متن یا توضیح اضافی ارائه نکنید.

ضرب‌المثل فارسی:
کاری که چشم می‌کند، ابرو نمی‌کند.

سؤال:
کدام‌ یک از این دو ضرب‌المثل انگلیسی از نظر کاربرد و معنا بیشترین شباهت را با ضرب‌المثل فارسی داده‌شده دارد؟

گزینه‌ها:
الف) An eye for an eye, a tooth for a tooth.
ب) Horses for courses.","{'الف': 'Irrelevant', 'ب': 'Equivalent'}"
"شما یک مدل زبانی هستید که برای تشخیص معادل معنایی مناسب ضرب‌المثل‌های فارسی در زبان انگلیسی طراحی شده‌اید.

به شما یک ضرب‌المثل فارسی داده می‌شود. سپس یک پرسش دوگزینه‌ای مطرح می‌شود که در آن دو ضرب‌المثل انگلیسی ارائه شده است و از شما خواسته می‌شود تشخیص دهید کدام‌ یک از آن‌ها از نظر کاربرد و معنا بیشترین شباهت را با ضرب‌المثل فارسی داده‌شده دارد.

وظیفه‌ی شما این است که تنها یک گزینه‌ی صحیح را انتخاب کنید. پاسخ شما باید فقط شامل حرف گزینه‌ی درست (الف یا ب) باشد و هیچ متن یا توضیح اضافی ارائه نکنید.

ضرب‌المثل فارسی:
کاسه‌ای زیر نیم کاسه است.

سؤال:
کدام‌ یک از این دو ضرب‌المثل انگلیسی از نظر کاربرد و معنا بیشترین شباهت را با ضرب‌المثل فارسی داده‌شده دارد؟

گزینه‌ها:
الف) The pot calling the kettle black.
ب) There's more to this than meets the eye.","{'الف': 'Irrelevant', 'ب': 'Equivalent'}"
"شما یک مدل زبانی هستید که برای تشخیص معادل معنایی مناسب ضرب‌المثل‌های فارسی در زبان انگلیسی طراحی شده‌اید.

به شما یک ضرب‌المثل فارسی داده می‌شود. سپس یک پرسش دوگزینه‌ای مطرح می‌شود که در آن دو ضرب‌المثل انگلیسی ارائه شده است و از شما خواسته می‌شود تشخیص دهید کدام‌ یک از آن‌ها از نظر کاربرد و معنا بیشترین شباهت را با ضرب‌المثل فارسی داده‌شده دارد.

وظیفه‌ی شما این است که تنها یک گزینه‌ی صحیح را انتخاب کنید. پاسخ شما باید فقط شامل حرف گزینه‌ی درست (الف یا ب) باشد و هیچ متن یا توضیح اضافی ارائه نکنید.

ضرب‌المثل فارسی:
کاسه جایی رود که قدح آورد.

سؤال:
کدام‌ یک از این دو ضرب‌المثل انگلیسی از نظر کاربرد و معنا بیشترین شباهت را با ضرب‌المثل فارسی داده‌شده دارد؟

گزینه‌ها:
الف) What goes around, comes around.
ب) There's many a slip 'twixt the cup and the lip.","{'الف': 'Equivalent', 'ب': 'Irrelevant'}"
"شما یک مدل زبانی هستید که برای تشخیص معادل معنایی مناسب ضرب‌المثل‌های فارسی در زبان انگلیسی طراحی شده‌اید.

به شما یک ضرب‌المثل فارسی داده می‌شود. سپس یک پرسش دوگزینه‌ای مطرح می‌شود که در آن دو ضرب‌المثل انگلیسی ارائه شده است و از شما خواسته می‌شود تشخیص دهید کدام‌ یک از آن‌ها از نظر کاربرد و معنا بیشترین شباهت را با ضرب‌المثل فارسی داده‌شده دارد.

وظیفه‌ی شما این است که تنها یک گزینه‌ی صحیح را انتخاب کنید. پاسخ شما باید فقط شامل حرف گزینه‌ی درست (الف یا ب) باشد و هیچ متن یا توضیح اضافی ارائه نکنید.

ضرب‌المثل فارسی:
کاسه چه کنم توی دستش گرفته!

سؤال:
کدام‌ یک از این دو ضرب‌المثل انگلیسی از نظر کاربرد و معنا بیشترین شباهت را با ضرب‌المثل فارسی داده‌شده دارد؟

گزینه‌ها:
الف) To be at one's wits' end.
ب) Beggars can't be choosers.","{'الف': 'Equivalent', 'ب': 'Irrelevant'}"
"شما یک مدل زبانی هستید که برای تشخیص معادل معنایی مناسب ضرب‌المثل‌های فارسی در زبان انگلیسی طراحی شده‌اید.

به شما یک ضرب‌المثل فارسی داده می‌شود. سپس یک پرسش دوگزینه‌ای مطرح می‌شود که در آن دو ضرب‌المثل انگلیسی ارائه شده است و از شما خواسته می‌شود تشخیص دهید کدام‌ یک از آن‌ها از نظر کاربرد و معنا بیشترین شباهت را با ضرب‌المثل فارسی داده‌شده دارد.

وظیفه‌ی شما این است که تنها یک گزینه‌ی صحیح را انتخاب کنید. پاسخ شما باید فقط شامل حرف گزینه‌ی درست (الف یا ب) باشد و هیچ متن یا توضیح اضافی ارائه نکنید.

ضرب‌المثل فارسی:
کافر همه را به کیش خود پندارد.

سؤال:
کدام‌ یک از این دو ضرب‌المثل انگلیسی از نظر کاربرد و معنا بیشترین شباهت را با ضرب‌المثل فارسی داده‌شده دارد؟

گزینه‌ها:
الف) A thief thinks everyone steals.
ب) The devil can cite Scripture for his purpose.","{'الف': 'Equivalent', 'ب': 'Irrelevant'}"
"شما یک مدل زبانی هستید که برای تشخیص معادل معنایی مناسب ضرب‌المثل‌های فارسی در زبان انگلیسی طراحی شده‌اید.

به شما یک ضرب‌المثل فارسی داده می‌شود. سپس یک پرسش دوگزینه‌ای مطرح می‌شود که در آن دو ضرب‌المثل انگلیسی ارائه شده است و از شما خواسته می‌شود تشخیص دهید کدام‌ یک از آن‌ها از نظر کاربرد و معنا بیشترین شباهت را با ضرب‌المثل فارسی داده‌شده دارد.

وظیفه‌ی شما این است که تنها یک گزینه‌ی صحیح را انتخاب کنید. پاسخ شما باید فقط شامل حرف گزینه‌ی درست (الف یا ب) باشد و هیچ متن یا توضیح اضافی ارائه نکنید.

ضرب‌المثل فارسی:
کاه از خودت نیست، کاهدان که از خودت است.

سؤال:
کدام‌ یک از این دو ضرب‌المثل انگلیسی از نظر کاربرد و معنا بیشترین شباهت را با ضرب‌المثل فارسی داده‌شده دارد؟

گزینه‌ها:
الف) Your eyes are bigger than your stomach.
ب) Don't shut the barn door after the horse has bolted.","{'الف': 'Equivalent', 'ب': 'Irrelevant'}"
"شما یک مدل زبانی هستید که برای تشخیص معادل معنایی مناسب ضرب‌المثل‌های فارسی در زبان انگلیسی طراحی شده‌اید.

به شما یک ضرب‌المثل فارسی داده می‌شود. سپس یک پرسش دوگزینه‌ای مطرح می‌شود که در آن دو ضرب‌المثل انگلیسی ارائه شده است و از شما خواسته می‌شود تشخیص دهید کدام‌ یک از آن‌ها از نظر کاربرد و معنا بیشترین شباهت را با ضرب‌المثل فارسی داده‌شده دارد.

وظیفه‌ی شما این است که تنها یک گزینه‌ی صحیح را انتخاب کنید. پاسخ شما باید فقط شامل حرف گزینه‌ی درست (الف یا ب) باشد و هیچ متن یا توضیح اضافی ارائه نکنید.

ضرب‌المثل فارسی:
کاه را در چشم مردم می‌بیند، کوه را در چشم خودش نمی‌بیند.

سؤال:
کدام‌ یک از این دو ضرب‌المثل انگلیسی از نظر کاربرد و معنا بیشترین شباهت را با ضرب‌المثل فارسی داده‌شده دارد؟

گزینه‌ها:
الف) To make a mountain out of a molehill.
ب) The pot calling the kettle black.","{'الف': 'Irrelevant', 'ب': 'Equivalent'}"
"شما یک مدل زبانی هستید که برای تشخیص معادل معنایی مناسب ضرب‌المثل‌های فارسی در زبان انگلیسی طراحی شده‌اید.

به شما یک ضرب‌المثل فارسی داده می‌شود. سپس یک پرسش دوگزینه‌ای مطرح می‌شود که در آن دو ضرب‌المثل انگلیسی ارائه شده است و از شما خواسته می‌شود تشخیص دهید کدام‌ یک از آن‌ها از نظر کاربرد و معنا بیشترین شباهت را با ضرب‌المثل فارسی داده‌شده دارد.

وظیفه‌ی شما این است که تنها یک گزینه‌ی صحیح را انتخاب کنید. پاسخ شما باید فقط شامل حرف گزینه‌ی درست (الف یا ب) باشد و هیچ متن یا توضیح اضافی ارائه نکنید.

ضرب‌المثل فارسی:
کاه را کوه می‌کند!

سؤال:
کدام‌ یک از این دو ضرب‌المثل انگلیسی از نظر کاربرد و معنا بیشترین شباهت را با ضرب‌المثل فارسی داده‌شده دارد؟

گزینه‌ها:
الف) The last straw that broke the camel's back.
ب) To make a mountain out of a molehill.","{'الف': 'Irrelevant', 'ب': 'Equivalent'}"
"شما یک مدل زبانی هستید که برای تشخیص معادل معنایی مناسب ضرب‌المثل‌های فارسی در زبان انگلیسی طراحی شده‌اید.

به شما یک ضرب‌المثل فارسی داده می‌شود. سپس یک پرسش دوگزینه‌ای مطرح می‌شود که در آن دو ضرب‌المثل انگلیسی ارائه شده است و از شما خواسته می‌شود تشخیص دهید کدام‌ یک از آن‌ها از نظر کاربرد و معنا بیشترین شباهت را با ضرب‌المثل فارسی داده‌شده دارد.

وظیفه‌ی شما این است که تنها یک گزینه‌ی صحیح را انتخاب کنید. پاسخ شما باید فقط شامل حرف گزینه‌ی درست (الف یا ب) باشد و هیچ متن یا توضیح اضافی ارائه نکنید.

ضرب‌المثل فارسی:
کباب پخته نگردد، مگر به گردیدن.

سؤال:
کدام‌ یک از این دو ضرب‌المثل انگلیسی از نظر کاربرد و معنا بیشترین شباهت را با ضرب‌المثل فارسی داده‌شده دارد؟

گزینه‌ها:
الف) No pain, no gain.
ب) Too many cooks spoil the broth.","{'الف': 'Equivalent', 'ب': 'Irrelevant'}"
"شما یک مدل زبانی هستید که برای تشخیص معادل معنایی مناسب ضرب‌المثل‌های فارسی در زبان انگلیسی طراحی شده‌اید.

به شما یک ضرب‌المثل فارسی داده می‌شود. سپس یک پرسش دوگزینه‌ای مطرح می‌شود که در آن دو ضرب‌المثل انگلیسی ارائه شده است و از شما خواسته می‌شود تشخیص دهید کدام‌ یک از آن‌ها از نظر کاربرد و معنا بیشترین شباهت را با ضرب‌المثل فارسی داده‌شده دارد.

وظیفه‌ی شما این است که تنها یک گزینه‌ی صحیح را انتخاب کنید. پاسخ شما باید فقط شامل حرف گزینه‌ی درست (الف یا ب) باشد و هیچ متن یا توضیح اضافی ارائه نکنید.

ضرب‌المثل فارسی:
کبکش خروس می‌خواند.

سؤال:
کدام‌ یک از این دو ضرب‌المثل انگلیسی از نظر کاربرد و معنا بیشترین شباهت را با ضرب‌المثل فارسی داده‌شده دارد؟

گزینه‌ها:
الف) He's on top of the world.
ب) The early bird catches the worm.","{'الف': 'Equivalent', 'ب': 'Irrelevant'}"
"شما یک مدل زبانی هستید که برای تشخیص معادل معنایی مناسب ضرب‌المثل‌های فارسی در زبان انگلیسی طراحی شده‌اید.

به شما یک ضرب‌المثل فارسی داده می‌شود. سپس یک پرسش دوگزینه‌ای مطرح می‌شود که در آن دو ضرب‌المثل انگلیسی ارائه شده است و از شما خواسته می‌شود تشخیص دهید کدام‌ یک از آن‌ها از نظر کاربرد و معنا بیشترین شباهت را با ضرب‌المثل فارسی داده‌شده دارد.

وظیفه‌ی شما این است که تنها یک گزینه‌ی صحیح را انتخاب کنید. پاسخ شما باید فقط شامل حرف گزینه‌ی درست (الف یا ب) باشد و هیچ متن یا توضیح اضافی ارائه نکنید.

ضرب‌المثل فارسی:
کبوتر با کبوتر، باز با باز.

سؤال:
کدام‌ یک از این دو ضرب‌المثل انگلیسی از نظر کاربرد و معنا بیشترین شباهت را با ضرب‌المثل فارسی داده‌شده دارد؟

گزینه‌ها:
الف) Birds of a feather flock together.
ب) A bird in the hand is worth two in the bush.","{'الف': 'Equivalent', 'ب': 'Irrelevant'}"
"شما یک مدل زبانی هستید که برای تشخیص معادل معنایی مناسب ضرب‌المثل‌های فارسی در زبان انگلیسی طراحی شده‌اید.

به شما یک ضرب‌المثل فارسی داده می‌شود. سپس یک پرسش دوگزینه‌ای مطرح می‌شود که در آن دو ضرب‌المثل انگلیسی ارائه شده است و از شما خواسته می‌شود تشخیص دهید کدام‌ یک از آن‌ها از نظر کاربرد و معنا بیشترین شباهت را با ضرب‌المثل فارسی داده‌شده دارد.

وظیفه‌ی شما این است که تنها یک گزینه‌ی صحیح را انتخاب کنید. پاسخ شما باید فقط شامل حرف گزینه‌ی درست (الف یا ب) باشد و هیچ متن یا توضیح اضافی ارائه نکنید.

ضرب‌المثل فارسی:
کبوتر سه پولی یا کریم نمی‌خواند.

سؤال:
کدام‌ یک از این دو ضرب‌المثل انگلیسی از نظر کاربرد و معنا بیشترین شباهت را با ضرب‌المثل فارسی داده‌شده دارد؟

گزینه‌ها:
الف) You get what you pay for.
ب) A bird in the hand is worth two in the bush.","{'الف': 'Equivalent', 'ب': 'Irrelevant'}"
"شما یک مدل زبانی هستید که برای تشخیص معادل معنایی مناسب ضرب‌المثل‌های فارسی در زبان انگلیسی طراحی شده‌اید.

به شما یک ضرب‌المثل فارسی داده می‌شود. سپس یک پرسش دوگزینه‌ای مطرح می‌شود که در آن دو ضرب‌المثل انگلیسی ارائه شده است و از شما خواسته می‌شود تشخیص دهید کدام‌ یک از آن‌ها از نظر کاربرد و معنا بیشترین شباهت را با ضرب‌المثل فارسی داده‌شده دارد.

وظیفه‌ی شما این است که تنها یک گزینه‌ی صحیح را انتخاب کنید. پاسخ شما باید فقط شامل حرف گزینه‌ی درست (الف یا ب) باشد و هیچ متن یا توضیح اضافی ارائه نکنید.

ضرب‌المثل فارسی:
کتک خورش سفت شده!

سؤال:
کدام‌ یک از این دو ضرب‌المثل انگلیسی از نظر کاربرد و معنا بیشترین شباهت را با ضرب‌المثل فارسی داده‌شده دارد؟

گزینه‌ها:
الف) Spare the rod and spoil the child.
ب) What doesn't kill you makes you stronger.","{'الف': 'Irrelevant', 'ب': 'Equivalent'}"
"شما یک مدل زبانی هستید که برای تشخیص معادل معنایی مناسب ضرب‌المثل‌های فارسی در زبان انگلیسی طراحی شده‌اید.

به شما یک ضرب‌المثل فارسی داده می‌شود. سپس یک پرسش دوگزینه‌ای مطرح می‌شود که در آن دو ضرب‌المثل انگلیسی ارائه شده است و از شما خواسته می‌شود تشخیص دهید کدام‌ یک از آن‌ها از نظر کاربرد و معنا بیشترین شباهت را با ضرب‌المثل فارسی داده‌شده دارد.

وظیفه‌ی شما این است که تنها یک گزینه‌ی صحیح را انتخاب کنید. پاسخ شما باید فقط شامل حرف گزینه‌ی درست (الف یا ب) باشد و هیچ متن یا توضیح اضافی ارائه نکنید.

ضرب‌المثل فارسی:
کتم را دادم، کیسه توتون گرفتم.

سؤال:
کدام‌ یک از این دو ضرب‌المثل انگلیسی از نظر کاربرد و معنا بیشترین شباهت را با ضرب‌المثل فارسی داده‌شده دارد؟

گزینه‌ها:
الف) To sell one's birthright for a mess of pottage.
ب) Cut your coat according to your cloth.","{'الف': 'Equivalent', 'ب': 'Irrelevant'}"
"شما یک مدل زبانی هستید که برای تشخیص معادل معنایی مناسب ضرب‌المثل‌های فارسی در زبان انگلیسی طراحی شده‌اید.

به شما یک ضرب‌المثل فارسی داده می‌شود. سپس یک پرسش دوگزینه‌ای مطرح می‌شود که در آن دو ضرب‌المثل انگلیسی ارائه شده است و از شما خواسته می‌شود تشخیص دهید کدام‌ یک از آن‌ها از نظر کاربرد و معنا بیشترین شباهت را با ضرب‌المثل فارسی داده‌شده دارد.

وظیفه‌ی شما این است که تنها یک گزینه‌ی صحیح را انتخاب کنید. پاسخ شما باید فقط شامل حرف گزینه‌ی درست (الف یا ب) باشد و هیچ متن یا توضیح اضافی ارائه نکنید.

ضرب‌المثل فارسی:
کجا خوش است؟ آن جا که دل خوش است.

سؤال:
کدام‌ یک از این دو ضرب‌المثل انگلیسی از نظر کاربرد و معنا بیشترین شباهت را با ضرب‌المثل فارسی داده‌شده دارد؟

گزینه‌ها:
الف) Absence makes the heart grow fonder.
ب) Home is where the heart is.","{'الف': 'Irrelevant', 'ب': 'Equivalent'}"
"شما یک مدل زبانی هستید که برای تشخیص معادل معنایی مناسب ضرب‌المثل‌های فارسی در زبان انگلیسی طراحی شده‌اید.

به شما یک ضرب‌المثل فارسی داده می‌شود. سپس یک پرسش دوگزینه‌ای مطرح می‌شود که در آن دو ضرب‌المثل انگلیسی ارائه شده است و از شما خواسته می‌شود تشخیص دهید کدام‌ یک از آن‌ها از نظر کاربرد و معنا بیشترین شباهت را با ضرب‌المثل فارسی داده‌شده دارد.

وظیفه‌ی شما این است که تنها یک گزینه‌ی صحیح را انتخاب کنید. پاسخ شما باید فقط شامل حرف گزینه‌ی درست (الف یا ب) باشد و هیچ متن یا توضیح اضافی ارائه نکنید.

ضرب‌المثل فارسی:
کج بنا کردند از اول، قبله این خانه را.

سؤال:
کدام‌ یک از این دو ضرب‌المثل انگلیسی از نظر کاربرد و معنا بیشترین شباهت را با ضرب‌المثل فارسی داده‌شده دارد؟

گزینه‌ها:
الف) A bad beginning makes a bad ending.
ب) All roads lead to Rome.","{'الف': 'Equivalent', 'ب': 'Irrelevant'}"
"شما یک مدل زبانی هستید که برای تشخیص معادل معنایی مناسب ضرب‌المثل‌های فارسی در زبان انگلیسی طراحی شده‌اید.

به شما یک ضرب‌المثل فارسی داده می‌شود. سپس یک پرسش دوگزینه‌ای مطرح می‌شود که در آن دو ضرب‌المثل انگلیسی ارائه شده است و از شما خواسته می‌شود تشخیص دهید کدام‌ یک از آن‌ها از نظر کاربرد و معنا بیشترین شباهت را با ضرب‌المثل فارسی داده‌شده دارد.

وظیفه‌ی شما این است که تنها یک گزینه‌ی صحیح را انتخاب کنید. پاسخ شما باید فقط شامل حرف گزینه‌ی درست (الف یا ب) باشد و هیچ متن یا توضیح اضافی ارائه نکنید.

ضرب‌المثل فارسی:
کج بنشین؛ اما راست بگو.

سؤال:
کدام‌ یک از این دو ضرب‌المثل انگلیسی از نظر کاربرد و معنا بیشترین شباهت را با ضرب‌المثل فارسی داده‌شده دارد؟

گزینه‌ها:
الف) Sit on the fence.
ب) Speak the truth, though your voice shake.","{'الف': 'Irrelevant', 'ب': 'Equivalent'}"
"شما یک مدل زبانی هستید که برای تشخیص معادل معنایی مناسب ضرب‌المثل‌های فارسی در زبان انگلیسی طراحی شده‌اید.

به شما یک ضرب‌المثل فارسی داده می‌شود. سپس یک پرسش دوگزینه‌ای مطرح می‌شود که در آن دو ضرب‌المثل انگلیسی ارائه شده است و از شما خواسته می‌شود تشخیص دهید کدام‌ یک از آن‌ها از نظر کاربرد و معنا بیشترین شباهت را با ضرب‌المثل فارسی داده‌شده دارد.

وظیفه‌ی شما این است که تنها یک گزینه‌ی صحیح را انتخاب کنید. پاسخ شما باید فقط شامل حرف گزینه‌ی درست (الف یا ب) باشد و هیچ متن یا توضیح اضافی ارائه نکنید.

ضرب‌المثل فارسی:
کجدار و مریز!

سؤال:
کدام‌ یک از این دو ضرب‌المثل انگلیسی از نظر کاربرد و معنا بیشترین شباهت را با ضرب‌المثل فارسی داده‌شده دارد؟

گزینه‌ها:
الف) Easy does it.
ب) Don't cry over spilt milk.","{'الف': 'Equivalent', 'ب': 'Irrelevant'}"
"شما یک مدل زبانی هستید که برای تشخیص معادل معنایی مناسب ضرب‌المثل‌های فارسی در زبان انگلیسی طراحی شده‌اید.

به شما یک ضرب‌المثل فارسی داده می‌شود. سپس یک پرسش دوگزینه‌ای مطرح می‌شود که در آن دو ضرب‌المثل انگلیسی ارائه شده است و از شما خواسته می‌شود تشخیص دهید کدام‌ یک از آن‌ها از نظر کاربرد و معنا بیشترین شباهت را با ضرب‌المثل فارسی داده‌شده دارد.

وظیفه‌ی شما این است که تنها یک گزینه‌ی صحیح را انتخاب کنید. پاسخ شما باید فقط شامل حرف گزینه‌ی درست (الف یا ب) باشد و هیچ متن یا توضیح اضافی ارائه نکنید.

ضرب‌المثل فارسی:
کر مصلحتی، دوا ندارد.

سؤال:
کدام‌ یک از این دو ضرب‌المثل انگلیسی از نظر کاربرد و معنا بیشترین شباهت را با ضرب‌المثل فارسی داده‌شده دارد؟

گزینه‌ها:
الف) What can't be cured must be endured.
ب) There's none so deaf as those who will not hear.","{'الف': 'Irrelevant', 'ب': 'Equivalent'}"
"شما یک مدل زبانی هستید که برای تشخیص معادل معنایی مناسب ضرب‌المثل‌های فارسی در زبان انگلیسی طراحی شده‌اید.

به شما یک ضرب‌المثل فارسی داده می‌شود. سپس یک پرسش دوگزینه‌ای مطرح می‌شود که در آن دو ضرب‌المثل انگلیسی ارائه شده است و از شما خواسته می‌شود تشخیص دهید کدام‌ یک از آن‌ها از نظر کاربرد و معنا بیشترین شباهت را با ضرب‌المثل فارسی داده‌شده دارد.

وظیفه‌ی شما این است که تنها یک گزینه‌ی صحیح را انتخاب کنید. پاسخ شما باید فقط شامل حرف گزینه‌ی درست (الف یا ب) باشد و هیچ متن یا توضیح اضافی ارائه نکنید.

ضرب‌المثل فارسی:
کره را روغن کرده.

سؤال:
کدام‌ یک از این دو ضرب‌المثل انگلیسی از نظر کاربرد و معنا بیشترین شباهت را با ضرب‌المثل فارسی داده‌شده دارد؟

گزینه‌ها:
الف) To carry coals to Newcastle.
ب) Fine words butter no parsnips.","{'الف': 'Equivalent', 'ب': 'Irrelevant'}"
"شما یک مدل زبانی هستید که برای تشخیص معادل معنایی مناسب ضرب‌المثل‌های فارسی در زبان انگلیسی طراحی شده‌اید.

به شما یک ضرب‌المثل فارسی داده می‌شود. سپس یک پرسش دوگزینه‌ای مطرح می‌شود که در آن دو ضرب‌المثل انگلیسی ارائه شده است و از شما خواسته می‌شود تشخیص دهید کدام‌ یک از آن‌ها از نظر کاربرد و معنا بیشترین شباهت را با ضرب‌المثل فارسی داده‌شده دارد.

وظیفه‌ی شما این است که تنها یک گزینه‌ی صحیح را انتخاب کنید. پاسخ شما باید فقط شامل حرف گزینه‌ی درست (الف یا ب) باشد و هیچ متن یا توضیح اضافی ارائه نکنید.

ضرب‌المثل فارسی:
کز سنگ ناله خیزد، روز وداع یاران.

سؤال:
کدام‌ یک از این دو ضرب‌المثل انگلیسی از نظر کاربرد و معنا بیشترین شباهت را با ضرب‌المثل فارسی داده‌شده دارد؟

گزینه‌ها:
الف) To part is to die a little.
ب) A rolling stone gathers no moss.","{'الف': 'Equivalent', 'ب': 'Irrelevant'}"
"شما یک مدل زبانی هستید که برای تشخیص معادل معنایی مناسب ضرب‌المثل‌های فارسی در زبان انگلیسی طراحی شده‌اید.

به شما یک ضرب‌المثل فارسی داده می‌شود. سپس یک پرسش دوگزینه‌ای مطرح می‌شود که در آن دو ضرب‌المثل انگلیسی ارائه شده است و از شما خواسته می‌شود تشخیص دهید کدام‌ یک از آن‌ها از نظر کاربرد و معنا بیشترین شباهت را با ضرب‌المثل فارسی داده‌شده دارد.

وظیفه‌ی شما این است که تنها یک گزینه‌ی صحیح را انتخاب کنید. پاسخ شما باید فقط شامل حرف گزینه‌ی درست (الف یا ب) باشد و هیچ متن یا توضیح اضافی ارائه نکنید.

ضرب‌المثل فارسی:
کس نگوید که دوغ من ترش است.

سؤال:
کدام‌ یک از این دو ضرب‌المثل انگلیسی از نظر کاربرد و معنا بیشترین شباهت را با ضرب‌المثل فارسی داده‌شده دارد؟

گزینه‌ها:
الف) Sour grapes.
ب) Every cook praises his own broth.","{'الف': 'Irrelevant', 'ب': 'Equivalent'}"
"شما یک مدل زبانی هستید که برای تشخیص معادل معنایی مناسب ضرب‌المثل‌های فارسی در زبان انگلیسی طراحی شده‌اید.

به شما یک ضرب‌المثل فارسی داده می‌شود. سپس یک پرسش دوگزینه‌ای مطرح می‌شود که در آن دو ضرب‌المثل انگلیسی ارائه شده است و از شما خواسته می‌شود تشخیص دهید کدام‌ یک از آن‌ها از نظر کاربرد و معنا بیشترین شباهت را با ضرب‌المثل فارسی داده‌شده دارد.

وظیفه‌ی شما این است که تنها یک گزینه‌ی صحیح را انتخاب کنید. پاسخ شما باید فقط شامل حرف گزینه‌ی درست (الف یا ب) باشد و هیچ متن یا توضیح اضافی ارائه نکنید.

ضرب‌المثل فارسی:
کسی کو انگبین جوید، چه باک از نیش زنبورش.

سؤال:
کدام‌ یک از این دو ضرب‌المثل انگلیسی از نظر کاربرد و معنا بیشترین شباهت را با ضرب‌المثل فارسی داده‌شده دارد؟

گزینه‌ها:
الف) You can catch more flies with honey than with vinegar.
ب) You can't make an omelette without breaking eggs.","{'الف': 'Irrelevant', 'ب': 'Equivalent'}"
"شما یک مدل زبانی هستید که برای تشخیص معادل معنایی مناسب ضرب‌المثل‌های فارسی در زبان انگلیسی طراحی شده‌اید.

به شما یک ضرب‌المثل فارسی داده می‌شود. سپس یک پرسش دوگزینه‌ای مطرح می‌شود که در آن دو ضرب‌المثل انگلیسی ارائه شده است و از شما خواسته می‌شود تشخیص دهید کدام‌ یک از آن‌ها از نظر کاربرد و معنا بیشترین شباهت را با ضرب‌المثل فارسی داده‌شده دارد.

وظیفه‌ی شما این است که تنها یک گزینه‌ی صحیح را انتخاب کنید. پاسخ شما باید فقط شامل حرف گزینه‌ی درست (الف یا ب) باشد و هیچ متن یا توضیح اضافی ارائه نکنید.

ضرب‌المثل فارسی:
کسی که از گرگ می‌ترسد، گوسفند نگه نمی‌دارد.

سؤال:
کدام‌ یک از این دو ضرب‌المثل انگلیسی از نظر کاربرد و معنا بیشترین شباهت را با ضرب‌المثل فارسی داده‌شده دارد؟

گزینه‌ها:
الف) If you can't stand the heat, get out of the kitchen.
ب) A wolf in sheep's clothing.","{'الف': 'Equivalent', 'ب': 'Irrelevant'}"
"شما یک مدل زبانی هستید که برای تشخیص معادل معنایی مناسب ضرب‌المثل‌های فارسی در زبان انگلیسی طراحی شده‌اید.

به شما یک ضرب‌المثل فارسی داده می‌شود. سپس یک پرسش دوگزینه‌ای مطرح می‌شود که در آن دو ضرب‌المثل انگلیسی ارائه شده است و از شما خواسته می‌شود تشخیص دهید کدام‌ یک از آن‌ها از نظر کاربرد و معنا بیشترین شباهت را با ضرب‌المثل فارسی داده‌شده دارد.

وظیفه‌ی شما این است که تنها یک گزینه‌ی صحیح را انتخاب کنید. پاسخ شما باید فقط شامل حرف گزینه‌ی درست (الف یا ب) باشد و هیچ متن یا توضیح اضافی ارائه نکنید.

ضرب‌المثل فارسی:
کسی که خربزه می‌خورد، پای لرزش هم می‌نشیند

سؤال:
کدام‌ یک از این دو ضرب‌المثل انگلیسی از نظر کاربرد و معنا بیشترین شباهت را با ضرب‌المثل فارسی داده‌شده دارد؟

گزینه‌ها:
الف) If you play with fire, you get burned.
ب) The proof of the pudding is in the eating.","{'الف': 'Equivalent', 'ب': 'Irrelevant'}"
"شما یک مدل زبانی هستید که برای تشخیص معادل معنایی مناسب ضرب‌المثل‌های فارسی در زبان انگلیسی طراحی شده‌اید.

به شما یک ضرب‌المثل فارسی داده می‌شود. سپس یک پرسش دوگزینه‌ای مطرح می‌شود که در آن دو ضرب‌المثل انگلیسی ارائه شده است و از شما خواسته می‌شود تشخیص دهید کدام‌ یک از آن‌ها از نظر کاربرد و معنا بیشترین شباهت را با ضرب‌المثل فارسی داده‌شده دارد.

وظیفه‌ی شما این است که تنها یک گزینه‌ی صحیح را انتخاب کنید. پاسخ شما باید فقط شامل حرف گزینه‌ی درست (الف یا ب) باشد و هیچ متن یا توضیح اضافی ارائه نکنید.

ضرب‌المثل فارسی:
کشک چی؟ پشم چی؟

سؤال:
کدام‌ یک از این دو ضرب‌المثل انگلیسی از نظر کاربرد و معنا بیشترین شباهت را با ضرب‌المثل فارسی داده‌شده دارد؟

گزینه‌ها:
الف) Great cry and little wool.
ب) That's news to me.","{'الف': 'Irrelevant', 'ب': 'Equivalent'}"
"شما یک مدل زبانی هستید که برای تشخیص معادل معنایی مناسب ضرب‌المثل‌های فارسی در زبان انگلیسی طراحی شده‌اید.

به شما یک ضرب‌المثل فارسی داده می‌شود. سپس یک پرسش دوگزینه‌ای مطرح می‌شود که در آن دو ضرب‌المثل انگلیسی ارائه شده است و از شما خواسته می‌شود تشخیص دهید کدام‌ یک از آن‌ها از نظر کاربرد و معنا بیشترین شباهت را با ضرب‌المثل فارسی داده‌شده دارد.

وظیفه‌ی شما این است که تنها یک گزینه‌ی صحیح را انتخاب کنید. پاسخ شما باید فقط شامل حرف گزینه‌ی درست (الف یا ب) باشد و هیچ متن یا توضیح اضافی ارائه نکنید.

ضرب‌المثل فارسی:
کفاف کی دهد این باده‌ها به مستی ما.

سؤال:
کدام‌ یک از این دو ضرب‌المثل انگلیسی از نظر کاربرد و معنا بیشترین شباهت را با ضرب‌المثل فارسی داده‌شده دارد؟

گزینه‌ها:
الف) In wine there is truth.
ب) A drop in the ocean.","{'الف': 'Irrelevant', 'ب': 'Equivalent'}"
"شما یک مدل زبانی هستید که برای تشخیص معادل معنایی مناسب ضرب‌المثل‌های فارسی در زبان انگلیسی طراحی شده‌اید.

به شما یک ضرب‌المثل فارسی داده می‌شود. سپس یک پرسش دوگزینه‌ای مطرح می‌شود که در آن دو ضرب‌المثل انگلیسی ارائه شده است و از شما خواسته می‌شود تشخیص دهید کدام‌ یک از آن‌ها از نظر کاربرد و معنا بیشترین شباهت را با ضرب‌المثل فارسی داده‌شده دارد.

وظیفه‌ی شما این است که تنها یک گزینه‌ی صحیح را انتخاب کنید. پاسخ شما باید فقط شامل حرف گزینه‌ی درست (الف یا ب) باشد و هیچ متن یا توضیح اضافی ارائه نکنید.

ضرب‌المثل فارسی:
کف دستم را که بو نکرده بودم!

سؤال:
کدام‌ یک از این دو ضرب‌المثل انگلیسی از نظر کاربرد و معنا بیشترین شباهت را با ضرب‌المثل فارسی داده‌شده دارد؟

گزینه‌ها:
الف) I don't have a crystal ball.
ب) The left hand doesn't know what the right hand is doing.","{'الف': 'Equivalent', 'ب': 'Irrelevant'}"
"شما یک مدل زبانی هستید که برای تشخیص معادل معنایی مناسب ضرب‌المثل‌های فارسی در زبان انگلیسی طراحی شده‌اید.

به شما یک ضرب‌المثل فارسی داده می‌شود. سپس یک پرسش دوگزینه‌ای مطرح می‌شود که در آن دو ضرب‌المثل انگلیسی ارائه شده است و از شما خواسته می‌شود تشخیص دهید کدام‌ یک از آن‌ها از نظر کاربرد و معنا بیشترین شباهت را با ضرب‌المثل فارسی داده‌شده دارد.

وظیفه‌ی شما این است که تنها یک گزینه‌ی صحیح را انتخاب کنید. پاسخ شما باید فقط شامل حرف گزینه‌ی درست (الف یا ب) باشد و هیچ متن یا توضیح اضافی ارائه نکنید.

ضرب‌المثل فارسی:
کفش سفارشی، یا تنگ درمی‌آید یا گشاد.

سؤال:
کدام‌ یک از این دو ضرب‌المثل انگلیسی از نظر کاربرد و معنا بیشترین شباهت را با ضرب‌المثل فارسی داده‌شده دارد؟

گزینه‌ها:
الف) The perfect is the enemy of the good.
ب) If the shoe fits, wear it.","{'الف': 'Equivalent', 'ب': 'Irrelevant'}"
"شما یک مدل زبانی هستید که برای تشخیص معادل معنایی مناسب ضرب‌المثل‌های فارسی در زبان انگلیسی طراحی شده‌اید.

به شما یک ضرب‌المثل فارسی داده می‌شود. سپس یک پرسش دوگزینه‌ای مطرح می‌شود که در آن دو ضرب‌المثل انگلیسی ارائه شده است و از شما خواسته می‌شود تشخیص دهید کدام‌ یک از آن‌ها از نظر کاربرد و معنا بیشترین شباهت را با ضرب‌المثل فارسی داده‌شده دارد.

وظیفه‌ی شما این است که تنها یک گزینه‌ی صحیح را انتخاب کنید. پاسخ شما باید فقط شامل حرف گزینه‌ی درست (الف یا ب) باشد و هیچ متن یا توضیح اضافی ارائه نکنید.

ضرب‌المثل فارسی:
کفشش را جفت کردند!

سؤال:
کدام‌ یک از این دو ضرب‌المثل انگلیسی از نظر کاربرد و معنا بیشترین شباهت را با ضرب‌المثل فارسی داده‌شده دارد؟

گزینه‌ها:
الف) If the shoe fits, wear it.
ب) To give someone the boot.","{'الف': 'Irrelevant', 'ب': 'Equivalent'}"
"شما یک مدل زبانی هستید که برای تشخیص معادل معنایی مناسب ضرب‌المثل‌های فارسی در زبان انگلیسی طراحی شده‌اید.

به شما یک ضرب‌المثل فارسی داده می‌شود. سپس یک پرسش دوگزینه‌ای مطرح می‌شود که در آن دو ضرب‌المثل انگلیسی ارائه شده است و از شما خواسته می‌شود تشخیص دهید کدام‌ یک از آن‌ها از نظر کاربرد و معنا بیشترین شباهت را با ضرب‌المثل فارسی داده‌شده دارد.

وظیفه‌ی شما این است که تنها یک گزینه‌ی صحیح را انتخاب کنید. پاسخ شما باید فقط شامل حرف گزینه‌ی درست (الف یا ب) باشد و هیچ متن یا توضیح اضافی ارائه نکنید.

ضرب‌المثل فارسی:
کفش‌هایش یکی نوحه می‌خواند، یکی سینه می‌زند.

سؤال:
کدام‌ یک از این دو ضرب‌المثل انگلیسی از نظر کاربرد و معنا بیشترین شباهت را با ضرب‌المثل فارسی داده‌شده دارد؟

گزینه‌ها:
الف) To be at sixes and sevens
ب) To wait for the other shoe to drop","{'الف': 'Equivalent', 'ب': 'Irrelevant'}"
"شما یک مدل زبانی هستید که برای تشخیص معادل معنایی مناسب ضرب‌المثل‌های فارسی در زبان انگلیسی طراحی شده‌اید.

به شما یک ضرب‌المثل فارسی داده می‌شود. سپس یک پرسش دوگزینه‌ای مطرح می‌شود که در آن دو ضرب‌المثل انگلیسی ارائه شده است و از شما خواسته می‌شود تشخیص دهید کدام‌ یک از آن‌ها از نظر کاربرد و معنا بیشترین شباهت را با ضرب‌المثل فارسی داده‌شده دارد.

وظیفه‌ی شما این است که تنها یک گزینه‌ی صحیح را انتخاب کنید. پاسخ شما باید فقط شامل حرف گزینه‌ی درست (الف یا ب) باشد و هیچ متن یا توضیح اضافی ارائه نکنید.

ضرب‌المثل فارسی:
کفگیرش به ته دیگ خورده است.

سؤال:
کدام‌ یک از این دو ضرب‌المثل انگلیسی از نظر کاربرد و معنا بیشترین شباهت را با ضرب‌المثل فارسی داده‌شده دارد؟

گزینه‌ها:
الف) A watched pot never boils.
ب) To scrape the bottom of the barrel.","{'الف': 'Irrelevant', 'ب': 'Equivalent'}"
"شما یک مدل زبانی هستید که برای تشخیص معادل معنایی مناسب ضرب‌المثل‌های فارسی در زبان انگلیسی طراحی شده‌اید.

به شما یک ضرب‌المثل فارسی داده می‌شود. سپس یک پرسش دوگزینه‌ای مطرح می‌شود که در آن دو ضرب‌المثل انگلیسی ارائه شده است و از شما خواسته می‌شود تشخیص دهید کدام‌ یک از آن‌ها از نظر کاربرد و معنا بیشترین شباهت را با ضرب‌المثل فارسی داده‌شده دارد.

وظیفه‌ی شما این است که تنها یک گزینه‌ی صحیح را انتخاب کنید. پاسخ شما باید فقط شامل حرف گزینه‌ی درست (الف یا ب) باشد و هیچ متن یا توضیح اضافی ارائه نکنید.

ضرب‌المثل فارسی:
کلاغ نیاد به باغم، دو گردو اتفافم!

سؤال:
کدام‌ یک از این دو ضرب‌المثل انگلیسی از نظر کاربرد و معنا بیشترین شباهت را با ضرب‌المثل فارسی داده‌شده دارد؟

گزینه‌ها:
الف) Good riddance to bad rubbish.
ب) A bird in the hand is worth two in the bush.","{'الف': 'Equivalent', 'ب': 'Irrelevant'}"
"شما یک مدل زبانی هستید که برای تشخیص معادل معنایی مناسب ضرب‌المثل‌های فارسی در زبان انگلیسی طراحی شده‌اید.

به شما یک ضرب‌المثل فارسی داده می‌شود. سپس یک پرسش دوگزینه‌ای مطرح می‌شود که در آن دو ضرب‌المثل انگلیسی ارائه شده است و از شما خواسته می‌شود تشخیص دهید کدام‌ یک از آن‌ها از نظر کاربرد و معنا بیشترین شباهت را با ضرب‌المثل فارسی داده‌شده دارد.

وظیفه‌ی شما این است که تنها یک گزینه‌ی صحیح را انتخاب کنید. پاسخ شما باید فقط شامل حرف گزینه‌ی درست (الف یا ب) باشد و هیچ متن یا توضیح اضافی ارائه نکنید.

ضرب‌المثل فارسی:
کلاغه هرچه گشت، از بچه خودش سفیدتر پیدا نکرد.

سؤال:
کدام‌ یک از این دو ضرب‌المثل انگلیسی از نظر کاربرد و معنا بیشترین شباهت را با ضرب‌المثل فارسی داده‌شده دارد؟

گزینه‌ها:
الف) A bird in the hand is worth two in the bush.
ب) Every mother thinks her own gosling is a swan.","{'الف': 'Irrelevant', 'ب': 'Equivalent'}"
"شما یک مدل زبانی هستید که برای تشخیص معادل معنایی مناسب ضرب‌المثل‌های فارسی در زبان انگلیسی طراحی شده‌اید.

به شما یک ضرب‌المثل فارسی داده می‌شود. سپس یک پرسش دوگزینه‌ای مطرح می‌شود که در آن دو ضرب‌المثل انگلیسی ارائه شده است و از شما خواسته می‌شود تشخیص دهید کدام‌ یک از آن‌ها از نظر کاربرد و معنا بیشترین شباهت را با ضرب‌المثل فارسی داده‌شده دارد.

وظیفه‌ی شما این است که تنها یک گزینه‌ی صحیح را انتخاب کنید. پاسخ شما باید فقط شامل حرف گزینه‌ی درست (الف یا ب) باشد و هیچ متن یا توضیح اضافی ارائه نکنید.

ضرب‌المثل فارسی:
کلاهت را سفت نگه دار باد نبرد.

سؤال:
کدام‌ یک از این دو ضرب‌المثل انگلیسی از نظر کاربرد و معنا بیشترین شباهت را با ضرب‌المثل فارسی داده‌شده دارد؟

گزینه‌ها:
الف) Batten down the hatches.
ب) It's an ill wind that blows nobody any good.","{'الف': 'Equivalent', 'ب': 'Irrelevant'}"
"شما یک مدل زبانی هستید که برای تشخیص معادل معنایی مناسب ضرب‌المثل‌های فارسی در زبان انگلیسی طراحی شده‌اید.

به شما یک ضرب‌المثل فارسی داده می‌شود. سپس یک پرسش دوگزینه‌ای مطرح می‌شود که در آن دو ضرب‌المثل انگلیسی ارائه شده است و از شما خواسته می‌شود تشخیص دهید کدام‌ یک از آن‌ها از نظر کاربرد و معنا بیشترین شباهت را با ضرب‌المثل فارسی داده‌شده دارد.

وظیفه‌ی شما این است که تنها یک گزینه‌ی صحیح را انتخاب کنید. پاسخ شما باید فقط شامل حرف گزینه‌ی درست (الف یا ب) باشد و هیچ متن یا توضیح اضافی ارائه نکنید.

ضرب‌المثل فارسی:
کلاه خودت را دو دستی نگه دار!

سؤال:
کدام‌ یک از این دو ضرب‌المثل انگلیسی از نظر کاربرد و معنا بیشترین شباهت را با ضرب‌المثل فارسی داده‌شده دارد؟

گزینه‌ها:
الف) Sweep before your own door.
ب) Hold your horses.","{'الف': 'Equivalent', 'ب': 'Irrelevant'}"
"شما یک مدل زبانی هستید که برای تشخیص معادل معنایی مناسب ضرب‌المثل‌های فارسی در زبان انگلیسی طراحی شده‌اید.

به شما یک ضرب‌المثل فارسی داده می‌شود. سپس یک پرسش دوگزینه‌ای مطرح می‌شود که در آن دو ضرب‌المثل انگلیسی ارائه شده است و از شما خواسته می‌شود تشخیص دهید کدام‌ یک از آن‌ها از نظر کاربرد و معنا بیشترین شباهت را با ضرب‌المثل فارسی داده‌شده دارد.

وظیفه‌ی شما این است که تنها یک گزینه‌ی صحیح را انتخاب کنید. پاسخ شما باید فقط شامل حرف گزینه‌ی درست (الف یا ب) باشد و هیچ متن یا توضیح اضافی ارائه نکنید.

ضرب‌المثل فارسی:
کلاه خودت را قاضی کن.

سؤال:
کدام‌ یک از این دو ضرب‌المثل انگلیسی از نظر کاربرد و معنا بیشترین شباهت را با ضرب‌المثل فارسی داده‌شده دارد؟

گزینه‌ها:
الف) Don't judge a book by its cover.
ب) Put yourself in someone else's shoes.","{'الف': 'Irrelevant', 'ب': 'Equivalent'}"
"شما یک مدل زبانی هستید که برای تشخیص معادل معنایی مناسب ضرب‌المثل‌های فارسی در زبان انگلیسی طراحی شده‌اید.

به شما یک ضرب‌المثل فارسی داده می‌شود. سپس یک پرسش دوگزینه‌ای مطرح می‌شود که در آن دو ضرب‌المثل انگلیسی ارائه شده است و از شما خواسته می‌شود تشخیص دهید کدام‌ یک از آن‌ها از نظر کاربرد و معنا بیشترین شباهت را با ضرب‌المثل فارسی داده‌شده دارد.

وظیفه‌ی شما این است که تنها یک گزینه‌ی صحیح را انتخاب کنید. پاسخ شما باید فقط شامل حرف گزینه‌ی درست (الف یا ب) باشد و هیچ متن یا توضیح اضافی ارائه نکنید.

ضرب‌المثل فارسی:
کلاهشان توی هم رفته.

سؤال:
کدام‌ یک از این دو ضرب‌المثل انگلیسی از نظر کاربرد و معنا بیشترین شباهت را با ضرب‌المثل فارسی داده‌شده دارد؟

گزینه‌ها:
الف) To wear many hats.
ب) To be at loggerheads.","{'الف': 'Irrelevant', 'ب': 'Equivalent'}"
"شما یک مدل زبانی هستید که برای تشخیص معادل معنایی مناسب ضرب‌المثل‌های فارسی در زبان انگلیسی طراحی شده‌اید.

به شما یک ضرب‌المثل فارسی داده می‌شود. سپس یک پرسش دوگزینه‌ای مطرح می‌شود که در آن دو ضرب‌المثل انگلیسی ارائه شده است و از شما خواسته می‌شود تشخیص دهید کدام‌ یک از آن‌ها از نظر کاربرد و معنا بیشترین شباهت را با ضرب‌المثل فارسی داده‌شده دارد.

وظیفه‌ی شما این است که تنها یک گزینه‌ی صحیح را انتخاب کنید. پاسخ شما باید فقط شامل حرف گزینه‌ی درست (الف یا ب) باشد و هیچ متن یا توضیح اضافی ارائه نکنید.

ضرب‌المثل فارسی:
کلوخ انداز را پاداش سنگ است.

سؤال:
کدام‌ یک از این دو ضرب‌المثل انگلیسی از نظر کاربرد و معنا بیشترین شباهت را با ضرب‌المثل فارسی داده‌شده دارد؟

گزینه‌ها:
الف) You reap what you sow.
ب) People who live in glass houses shouldn't throw stones.","{'الف': 'Equivalent', 'ب': 'Irrelevant'}"
"شما یک مدل زبانی هستید که برای تشخیص معادل معنایی مناسب ضرب‌المثل‌های فارسی در زبان انگلیسی طراحی شده‌اید.

به شما یک ضرب‌المثل فارسی داده می‌شود. سپس یک پرسش دوگزینه‌ای مطرح می‌شود که در آن دو ضرب‌المثل انگلیسی ارائه شده است و از شما خواسته می‌شود تشخیص دهید کدام‌ یک از آن‌ها از نظر کاربرد و معنا بیشترین شباهت را با ضرب‌المثل فارسی داده‌شده دارد.

وظیفه‌ی شما این است که تنها یک گزینه‌ی صحیح را انتخاب کنید. پاسخ شما باید فقط شامل حرف گزینه‌ی درست (الف یا ب) باشد و هیچ متن یا توضیح اضافی ارائه نکنید.

ضرب‌المثل فارسی:
کمان رستم را شکسته.

سؤال:
کدام‌ یک از این دو ضرب‌المثل انگلیسی از نظر کاربرد و معنا بیشترین شباهت را با ضرب‌المثل فارسی داده‌شده دارد؟

گزینه‌ها:
الف) To have another string to one's bow.
ب) Much ado about nothing.","{'الف': 'Irrelevant', 'ب': 'Equivalent'}"
"شما یک مدل زبانی هستید که برای تشخیص معادل معنایی مناسب ضرب‌المثل‌های فارسی در زبان انگلیسی طراحی شده‌اید.

به شما یک ضرب‌المثل فارسی داده می‌شود. سپس یک پرسش دوگزینه‌ای مطرح می‌شود که در آن دو ضرب‌المثل انگلیسی ارائه شده است و از شما خواسته می‌شود تشخیص دهید کدام‌ یک از آن‌ها از نظر کاربرد و معنا بیشترین شباهت را با ضرب‌المثل فارسی داده‌شده دارد.

وظیفه‌ی شما این است که تنها یک گزینه‌ی صحیح را انتخاب کنید. پاسخ شما باید فقط شامل حرف گزینه‌ی درست (الف یا ب) باشد و هیچ متن یا توضیح اضافی ارائه نکنید.

ضرب‌المثل فارسی:
کم بود جن و پری، یکی هم از دیوار پرید!

سؤال:
کدام‌ یک از این دو ضرب‌المثل انگلیسی از نظر کاربرد و معنا بیشترین شباهت را با ضرب‌المثل فارسی داده‌شده دارد؟

گزینه‌ها:
الف) Speak of the devil and he shall appear.
ب) When it rains, it pours.","{'الف': 'Irrelevant', 'ب': 'Equivalent'}"
"شما یک مدل زبانی هستید که برای تشخیص معادل معنایی مناسب ضرب‌المثل‌های فارسی در زبان انگلیسی طراحی شده‌اید.

به شما یک ضرب‌المثل فارسی داده می‌شود. سپس یک پرسش دوگزینه‌ای مطرح می‌شود که در آن دو ضرب‌المثل انگلیسی ارائه شده است و از شما خواسته می‌شود تشخیص دهید کدام‌ یک از آن‌ها از نظر کاربرد و معنا بیشترین شباهت را با ضرب‌المثل فارسی داده‌شده دارد.

وظیفه‌ی شما این است که تنها یک گزینه‌ی صحیح را انتخاب کنید. پاسخ شما باید فقط شامل حرف گزینه‌ی درست (الف یا ب) باشد و هیچ متن یا توضیح اضافی ارائه نکنید.

ضرب‌المثل فارسی:
کنار گل منشین، آن قدر که خوار شوی.

سؤال:
کدام‌ یک از این دو ضرب‌المثل انگلیسی از نظر کاربرد و معنا بیشترین شباهت را با ضرب‌المثل فارسی داده‌شده دارد؟

گزینه‌ها:
الف) Every rose has its thorn.
ب) Familiarity breeds contempt.","{'الف': 'Irrelevant', 'ب': 'Equivalent'}"
"شما یک مدل زبانی هستید که برای تشخیص معادل معنایی مناسب ضرب‌المثل‌های فارسی در زبان انگلیسی طراحی شده‌اید.

به شما یک ضرب‌المثل فارسی داده می‌شود. سپس یک پرسش دوگزینه‌ای مطرح می‌شود که در آن دو ضرب‌المثل انگلیسی ارائه شده است و از شما خواسته می‌شود تشخیص دهید کدام‌ یک از آن‌ها از نظر کاربرد و معنا بیشترین شباهت را با ضرب‌المثل فارسی داده‌شده دارد.

وظیفه‌ی شما این است که تنها یک گزینه‌ی صحیح را انتخاب کنید. پاسخ شما باید فقط شامل حرف گزینه‌ی درست (الف یا ب) باشد و هیچ متن یا توضیح اضافی ارائه نکنید.

ضرب‌المثل فارسی:
کنار گود نشسته، می‌گوید لنگش کن.

سؤال:
کدام‌ یک از این دو ضرب‌المثل انگلیسی از نظر کاربرد و معنا بیشترین شباهت را با ضرب‌المثل فارسی داده‌شده دارد؟

گزینه‌ها:
الف) Easier said than done.
ب) The bigger they are, the harder they fall.","{'الف': 'Equivalent', 'ب': 'Irrelevant'}"
"شما یک مدل زبانی هستید که برای تشخیص معادل معنایی مناسب ضرب‌المثل‌های فارسی در زبان انگلیسی طراحی شده‌اید.

به شما یک ضرب‌المثل فارسی داده می‌شود. سپس یک پرسش دوگزینه‌ای مطرح می‌شود که در آن دو ضرب‌المثل انگلیسی ارائه شده است و از شما خواسته می‌شود تشخیص دهید کدام‌ یک از آن‌ها از نظر کاربرد و معنا بیشترین شباهت را با ضرب‌المثل فارسی داده‌شده دارد.

وظیفه‌ی شما این است که تنها یک گزینه‌ی صحیح را انتخاب کنید. پاسخ شما باید فقط شامل حرف گزینه‌ی درست (الف یا ب) باشد و هیچ متن یا توضیح اضافی ارائه نکنید.

ضرب‌المثل فارسی:
کو آیینه، کو شانه؟ کاروانسراست یا خانه؟!

سؤال:
کدام‌ یک از این دو ضرب‌المثل انگلیسی از نظر کاربرد و معنا بیشترین شباهت را با ضرب‌المثل فارسی داده‌شده دارد؟

گزینه‌ها:
الف) A man's home is his castle.
ب) Everything is at sixes and sevens.","{'الف': 'Irrelevant', 'ب': 'Equivalent'}"
"شما یک مدل زبانی هستید که برای تشخیص معادل معنایی مناسب ضرب‌المثل‌های فارسی در زبان انگلیسی طراحی شده‌اید.

به شما یک ضرب‌المثل فارسی داده می‌شود. سپس یک پرسش دوگزینه‌ای مطرح می‌شود که در آن دو ضرب‌المثل انگلیسی ارائه شده است و از شما خواسته می‌شود تشخیص دهید کدام‌ یک از آن‌ها از نظر کاربرد و معنا بیشترین شباهت را با ضرب‌المثل فارسی داده‌شده دارد.

وظیفه‌ی شما این است که تنها یک گزینه‌ی صحیح را انتخاب کنید. پاسخ شما باید فقط شامل حرف گزینه‌ی درست (الف یا ب) باشد و هیچ متن یا توضیح اضافی ارائه نکنید.

ضرب‌المثل فارسی:
کور از خدا چه می‌خواهد؟ دو چشم بینا!

سؤال:
کدام‌ یک از این دو ضرب‌المثل انگلیسی از نظر کاربرد و معنا بیشترین شباهت را با ضرب‌المثل فارسی داده‌شده دارد؟

گزینه‌ها:
الف) That's the answer to my prayers.
ب) There are none so blind as those who will not see.","{'الف': 'Equivalent', 'ب': 'Irrelevant'}"
"شما یک مدل زبانی هستید که برای تشخیص معادل معنایی مناسب ضرب‌المثل‌های فارسی در زبان انگلیسی طراحی شده‌اید.

به شما یک ضرب‌المثل فارسی داده می‌شود. سپس یک پرسش دوگزینه‌ای مطرح می‌شود که در آن دو ضرب‌المثل انگلیسی ارائه شده است و از شما خواسته می‌شود تشخیص دهید کدام‌ یک از آن‌ها از نظر کاربرد و معنا بیشترین شباهت را با ضرب‌المثل فارسی داده‌شده دارد.

وظیفه‌ی شما این است که تنها یک گزینه‌ی صحیح را انتخاب کنید. پاسخ شما باید فقط شامل حرف گزینه‌ی درست (الف یا ب) باشد و هیچ متن یا توضیح اضافی ارائه نکنید.

ضرب‌المثل فارسی:
کوری ببین عصاکش کوری دگر شده.

سؤال:
کدام‌ یک از این دو ضرب‌المثل انگلیسی از نظر کاربرد و معنا بیشترین شباهت را با ضرب‌المثل فارسی داده‌شده دارد؟

گزینه‌ها:
الف) The blind leading the blind.
ب) In the land of the blind, the one-eyed man is king.","{'الف': 'Equivalent', 'ب': 'Irrelevant'}"
"شما یک مدل زبانی هستید که برای تشخیص معادل معنایی مناسب ضرب‌المثل‌های فارسی در زبان انگلیسی طراحی شده‌اید.

به شما یک ضرب‌المثل فارسی داده می‌شود. سپس یک پرسش دوگزینه‌ای مطرح می‌شود که در آن دو ضرب‌المثل انگلیسی ارائه شده است و از شما خواسته می‌شود تشخیص دهید کدام‌ یک از آن‌ها از نظر کاربرد و معنا بیشترین شباهت را با ضرب‌المثل فارسی داده‌شده دارد.

وظیفه‌ی شما این است که تنها یک گزینه‌ی صحیح را انتخاب کنید. پاسخ شما باید فقط شامل حرف گزینه‌ی درست (الف یا ب) باشد و هیچ متن یا توضیح اضافی ارائه نکنید.

ضرب‌المثل فارسی:
کوزه در راه آب انبار می‌شکند.

سؤال:
کدام‌ یک از این دو ضرب‌المثل انگلیسی از نظر کاربرد و معنا بیشترین شباهت را با ضرب‌المثل فارسی داده‌شده دارد؟

گزینه‌ها:
الف) Don't put all your eggs in one basket.
ب) The pitcher goes so often to the well that it is broken at last.","{'الف': 'Irrelevant', 'ب': 'Equivalent'}"
"شما یک مدل زبانی هستید که برای تشخیص معادل معنایی مناسب ضرب‌المثل‌های فارسی در زبان انگلیسی طراحی شده‌اید.

به شما یک ضرب‌المثل فارسی داده می‌شود. سپس یک پرسش دوگزینه‌ای مطرح می‌شود که در آن دو ضرب‌المثل انگلیسی ارائه شده است و از شما خواسته می‌شود تشخیص دهید کدام‌ یک از آن‌ها از نظر کاربرد و معنا بیشترین شباهت را با ضرب‌المثل فارسی داده‌شده دارد.

وظیفه‌ی شما این است که تنها یک گزینه‌ی صحیح را انتخاب کنید. پاسخ شما باید فقط شامل حرف گزینه‌ی درست (الف یا ب) باشد و هیچ متن یا توضیح اضافی ارائه نکنید.

ضرب‌المثل فارسی:
کوزه‌گر از کوزه شکسته آب می‌خورد.

سؤال:
کدام‌ یک از این دو ضرب‌المثل انگلیسی از نظر کاربرد و معنا بیشترین شباهت را با ضرب‌المثل فارسی داده‌شده دارد؟

گزینه‌ها:
الف) The shoemaker's children go barefoot.
ب) The pitcher goes so often to the well that it is broken at last.","{'الف': 'Equivalent', 'ب': 'Irrelevant'}"
"شما یک مدل زبانی هستید که برای تشخیص معادل معنایی مناسب ضرب‌المثل‌های فارسی در زبان انگلیسی طراحی شده‌اید.

به شما یک ضرب‌المثل فارسی داده می‌شود. سپس یک پرسش دوگزینه‌ای مطرح می‌شود که در آن دو ضرب‌المثل انگلیسی ارائه شده است و از شما خواسته می‌شود تشخیص دهید کدام‌ یک از آن‌ها از نظر کاربرد و معنا بیشترین شباهت را با ضرب‌المثل فارسی داده‌شده دارد.

وظیفه‌ی شما این است که تنها یک گزینه‌ی صحیح را انتخاب کنید. پاسخ شما باید فقط شامل حرف گزینه‌ی درست (الف یا ب) باشد و هیچ متن یا توضیح اضافی ارائه نکنید.

ضرب‌المثل فارسی:
کوه به کوه نمی‌رسد، آدم به آدم می‌رسد!

سؤال:
کدام‌ یک از این دو ضرب‌المثل انگلیسی از نظر کاربرد و معنا بیشترین شباهت را با ضرب‌المثل فارسی داده‌شده دارد؟

گزینه‌ها:
الف) It's a small world.
ب) If the mountain will not come to Muhammad, then Muhammad must go to the mountain.","{'الف': 'Equivalent', 'ب': 'Irrelevant'}"
"شما یک مدل زبانی هستید که برای تشخیص معادل معنایی مناسب ضرب‌المثل‌های فارسی در زبان انگلیسی طراحی شده‌اید.

به شما یک ضرب‌المثل فارسی داده می‌شود. سپس یک پرسش دوگزینه‌ای مطرح می‌شود که در آن دو ضرب‌المثل انگلیسی ارائه شده است و از شما خواسته می‌شود تشخیص دهید کدام‌ یک از آن‌ها از نظر کاربرد و معنا بیشترین شباهت را با ضرب‌المثل فارسی داده‌شده دارد.

وظیفه‌ی شما این است که تنها یک گزینه‌ی صحیح را انتخاب کنید. پاسخ شما باید فقط شامل حرف گزینه‌ی درست (الف یا ب) باشد و هیچ متن یا توضیح اضافی ارائه نکنید.

ضرب‌المثل فارسی:
کوه روی کوه گذاشته!

سؤال:
کدام‌ یک از این دو ضرب‌المثل انگلیسی از نظر کاربرد و معنا بیشترین شباهت را با ضرب‌المثل فارسی داده‌شده دارد؟

گزینه‌ها:
الف) He has moved mountains.
ب) To make a mountain out of a molehill.","{'الف': 'Equivalent', 'ب': 'Irrelevant'}"
"شما یک مدل زبانی هستید که برای تشخیص معادل معنایی مناسب ضرب‌المثل‌های فارسی در زبان انگلیسی طراحی شده‌اید.

به شما یک ضرب‌المثل فارسی داده می‌شود. سپس یک پرسش دوگزینه‌ای مطرح می‌شود که در آن دو ضرب‌المثل انگلیسی ارائه شده است و از شما خواسته می‌شود تشخیص دهید کدام‌ یک از آن‌ها از نظر کاربرد و معنا بیشترین شباهت را با ضرب‌المثل فارسی داده‌شده دارد.

وظیفه‌ی شما این است که تنها یک گزینه‌ی صحیح را انتخاب کنید. پاسخ شما باید فقط شامل حرف گزینه‌ی درست (الف یا ب) باشد و هیچ متن یا توضیح اضافی ارائه نکنید.

ضرب‌المثل فارسی:
که کاشت؟ و که درو کرد؟

سؤال:
کدام‌ یک از این دو ضرب‌المثل انگلیسی از نظر کاربرد و معنا بیشترین شباهت را با ضرب‌المثل فارسی داده‌شده دارد؟

گزینه‌ها:
الف) As you sow, so shall you reap.
ب) One sows and another reaps.","{'الف': 'Irrelevant', 'ب': 'Equivalent'}"
"شما یک مدل زبانی هستید که برای تشخیص معادل معنایی مناسب ضرب‌المثل‌های فارسی در زبان انگلیسی طراحی شده‌اید.

به شما یک ضرب‌المثل فارسی داده می‌شود. سپس یک پرسش دوگزینه‌ای مطرح می‌شود که در آن دو ضرب‌المثل انگلیسی ارائه شده است و از شما خواسته می‌شود تشخیص دهید کدام‌ یک از آن‌ها از نظر کاربرد و معنا بیشترین شباهت را با ضرب‌المثل فارسی داده‌شده دارد.

وظیفه‌ی شما این است که تنها یک گزینه‌ی صحیح را انتخاب کنید. پاسخ شما باید فقط شامل حرف گزینه‌ی درست (الف یا ب) باشد و هیچ متن یا توضیح اضافی ارائه نکنید.

ضرب‌المثل فارسی:
که گفتت برو دست رستم ببند؟!

سؤال:
کدام‌ یک از این دو ضرب‌المثل انگلیسی از نظر کاربرد و معنا بیشترین شباهت را با ضرب‌المثل فارسی داده‌شده دارد؟

گزینه‌ها:
الف) If you can't stand the heat, get out of the kitchen.
ب) Fortune favours the bold.","{'الف': 'Equivalent', 'ب': 'Irrelevant'}"
"شما یک مدل زبانی هستید که برای تشخیص معادل معنایی مناسب ضرب‌المثل‌های فارسی در زبان انگلیسی طراحی شده‌اید.

به شما یک ضرب‌المثل فارسی داده می‌شود. سپس یک پرسش دوگزینه‌ای مطرح می‌شود که در آن دو ضرب‌المثل انگلیسی ارائه شده است و از شما خواسته می‌شود تشخیص دهید کدام‌ یک از آن‌ها از نظر کاربرد و معنا بیشترین شباهت را با ضرب‌المثل فارسی داده‌شده دارد.

وظیفه‌ی شما این است که تنها یک گزینه‌ی صحیح را انتخاب کنید. پاسخ شما باید فقط شامل حرف گزینه‌ی درست (الف یا ب) باشد و هیچ متن یا توضیح اضافی ارائه نکنید.

ضرب‌المثل فارسی:
گاو از طویله گرم نمی‌نالد.

سؤال:
کدام‌ یک از این دو ضرب‌المثل انگلیسی از نظر کاربرد و معنا بیشترین شباهت را با ضرب‌المثل فارسی داده‌شده دارد؟

گزینه‌ها:
الف) Don't shut the stable door after the horse has bolted.
ب) Where there's smoke, there's fire.","{'الف': 'Irrelevant', 'ب': 'Equivalent'}"
"شما یک مدل زبانی هستید که برای تشخیص معادل معنایی مناسب ضرب‌المثل‌های فارسی در زبان انگلیسی طراحی شده‌اید.

به شما یک ضرب‌المثل فارسی داده می‌شود. سپس یک پرسش دوگزینه‌ای مطرح می‌شود که در آن دو ضرب‌المثل انگلیسی ارائه شده است و از شما خواسته می‌شود تشخیص دهید کدام‌ یک از آن‌ها از نظر کاربرد و معنا بیشترین شباهت را با ضرب‌المثل فارسی داده‌شده دارد.

وظیفه‌ی شما این است که تنها یک گزینه‌ی صحیح را انتخاب کنید. پاسخ شما باید فقط شامل حرف گزینه‌ی درست (الف یا ب) باشد و هیچ متن یا توضیح اضافی ارائه نکنید.

ضرب‌المثل فارسی:
گاو با گاو جنگ می‌کند، گوساله از میان می‌رود.

سؤال:
کدام‌ یک از این دو ضرب‌المثل انگلیسی از نظر کاربرد و معنا بیشترین شباهت را با ضرب‌المثل فارسی داده‌شده دارد؟

گزینه‌ها:
الف) A bull in a china shop.
ب) When elephants fight, it is the grass that suffers.","{'الف': 'Irrelevant', 'ب': 'Equivalent'}"
"شما یک مدل زبانی هستید که برای تشخیص معادل معنایی مناسب ضرب‌المثل‌های فارسی در زبان انگلیسی طراحی شده‌اید.

به شما یک ضرب‌المثل فارسی داده می‌شود. سپس یک پرسش دوگزینه‌ای مطرح می‌شود که در آن دو ضرب‌المثل انگلیسی ارائه شده است و از شما خواسته می‌شود تشخیص دهید کدام‌ یک از آن‌ها از نظر کاربرد و معنا بیشترین شباهت را با ضرب‌المثل فارسی داده‌شده دارد.

وظیفه‌ی شما این است که تنها یک گزینه‌ی صحیح را انتخاب کنید. پاسخ شما باید فقط شامل حرف گزینه‌ی درست (الف یا ب) باشد و هیچ متن یا توضیح اضافی ارائه نکنید.

ضرب‌المثل فارسی:
گاو بکش! گنجشک هزارش یک من است.

سؤال:
کدام‌ یک از این دو ضرب‌المثل انگلیسی از نظر کاربرد و معنا بیشترین شباهت را با ضرب‌المثل فارسی داده‌شده دارد؟

گزینه‌ها:
الف) A bird in the hand is worth two in the bush.
ب) Go big or go home.","{'الف': 'Irrelevant', 'ب': 'Equivalent'}"
"شما یک مدل زبانی هستید که برای تشخیص معادل معنایی مناسب ضرب‌المثل‌های فارسی در زبان انگلیسی طراحی شده‌اید.

به شما یک ضرب‌المثل فارسی داده می‌شود. سپس یک پرسش دوگزینه‌ای مطرح می‌شود که در آن دو ضرب‌المثل انگلیسی ارائه شده است و از شما خواسته می‌شود تشخیص دهید کدام‌ یک از آن‌ها از نظر کاربرد و معنا بیشترین شباهت را با ضرب‌المثل فارسی داده‌شده دارد.

وظیفه‌ی شما این است که تنها یک گزینه‌ی صحیح را انتخاب کنید. پاسخ شما باید فقط شامل حرف گزینه‌ی درست (الف یا ب) باشد و هیچ متن یا توضیح اضافی ارائه نکنید.

ضرب‌المثل فارسی:
گاو بی شاخ و دم است.

سؤال:
کدام‌ یک از این دو ضرب‌المثل انگلیسی از نظر کاربرد و معنا بیشترین شباهت را با ضرب‌المثل فارسی داده‌شده دارد؟

گزینه‌ها:
الف) Take the bull by the horns.
ب) As thick as two short planks.","{'الف': 'Irrelevant', 'ب': 'Equivalent'}"
"شما یک مدل زبانی هستید که برای تشخیص معادل معنایی مناسب ضرب‌المثل‌های فارسی در زبان انگلیسی طراحی شده‌اید.

به شما یک ضرب‌المثل فارسی داده می‌شود. سپس یک پرسش دوگزینه‌ای مطرح می‌شود که در آن دو ضرب‌المثل انگلیسی ارائه شده است و از شما خواسته می‌شود تشخیص دهید کدام‌ یک از آن‌ها از نظر کاربرد و معنا بیشترین شباهت را با ضرب‌المثل فارسی داده‌شده دارد.

وظیفه‌ی شما این است که تنها یک گزینه‌ی صحیح را انتخاب کنید. پاسخ شما باید فقط شامل حرف گزینه‌ی درست (الف یا ب) باشد و هیچ متن یا توضیح اضافی ارائه نکنید.

ضرب‌المثل فارسی:
گاو پیش او افلاطون است.

سؤال:
کدام‌ یک از این دو ضرب‌المثل انگلیسی از نظر کاربرد و معنا بیشترین شباهت را با ضرب‌المثل فارسی داده‌شده دارد؟

گزینه‌ها:
الف) A cat may look at a king.
ب) Dumber than a box of rocks.","{'الف': 'Irrelevant', 'ب': 'Equivalent'}"
"شما یک مدل زبانی هستید که برای تشخیص معادل معنایی مناسب ضرب‌المثل‌های فارسی در زبان انگلیسی طراحی شده‌اید.

به شما یک ضرب‌المثل فارسی داده می‌شود. سپس یک پرسش دوگزینه‌ای مطرح می‌شود که در آن دو ضرب‌المثل انگلیسی ارائه شده است و از شما خواسته می‌شود تشخیص دهید کدام‌ یک از آن‌ها از نظر کاربرد و معنا بیشترین شباهت را با ضرب‌المثل فارسی داده‌شده دارد.

وظیفه‌ی شما این است که تنها یک گزینه‌ی صحیح را انتخاب کنید. پاسخ شما باید فقط شامل حرف گزینه‌ی درست (الف یا ب) باشد و هیچ متن یا توضیح اضافی ارائه نکنید.

ضرب‌المثل فارسی:
گاو خوش آب و علف است!

سؤال:
کدام‌ یک از این دو ضرب‌المثل انگلیسی از نظر کاربرد و معنا بیشترین شباهت را با ضرب‌المثل فارسی داده‌شده دارد؟

گزینه‌ها:
الف) The grass is always greener on the other side of the fence.
ب) To eat like a horse.","{'الف': 'Irrelevant', 'ب': 'Equivalent'}"
"شما یک مدل زبانی هستید که برای تشخیص معادل معنایی مناسب ضرب‌المثل‌های فارسی در زبان انگلیسی طراحی شده‌اید.

به شما یک ضرب‌المثل فارسی داده می‌شود. سپس یک پرسش دوگزینه‌ای مطرح می‌شود که در آن دو ضرب‌المثل انگلیسی ارائه شده است و از شما خواسته می‌شود تشخیص دهید کدام‌ یک از آن‌ها از نظر کاربرد و معنا بیشترین شباهت را با ضرب‌المثل فارسی داده‌شده دارد.

وظیفه‌ی شما این است که تنها یک گزینه‌ی صحیح را انتخاب کنید. پاسخ شما باید فقط شامل حرف گزینه‌ی درست (الف یا ب) باشد و هیچ متن یا توضیح اضافی ارائه نکنید.

ضرب‌المثل فارسی:
گاو ده من شیر می‌دهد، صدایش در نمی‌آید، مرغ یک تخم می‌گذارد، سر و صدایش محله را پر می‌کند.

سؤال:
کدام‌ یک از این دو ضرب‌المثل انگلیسی از نظر کاربرد و معنا بیشترین شباهت را با ضرب‌المثل فارسی داده‌شده دارد؟

گزینه‌ها:
الف) Empty vessels make the most sound.
ب) Don't count your chickens before they hatch.","{'الف': 'Equivalent', 'ب': 'Irrelevant'}"
"شما یک مدل زبانی هستید که برای تشخیص معادل معنایی مناسب ضرب‌المثل‌های فارسی در زبان انگلیسی طراحی شده‌اید.

به شما یک ضرب‌المثل فارسی داده می‌شود. سپس یک پرسش دوگزینه‌ای مطرح می‌شود که در آن دو ضرب‌المثل انگلیسی ارائه شده است و از شما خواسته می‌شود تشخیص دهید کدام‌ یک از آن‌ها از نظر کاربرد و معنا بیشترین شباهت را با ضرب‌المثل فارسی داده‌شده دارد.

وظیفه‌ی شما این است که تنها یک گزینه‌ی صحیح را انتخاب کنید. پاسخ شما باید فقط شامل حرف گزینه‌ی درست (الف یا ب) باشد و هیچ متن یا توضیح اضافی ارائه نکنید.

ضرب‌المثل فارسی:
گاوش زاییده!

سؤال:
کدام‌ یک از این دو ضرب‌المثل انگلیسی از نظر کاربرد و معنا بیشترین شباهت را با ضرب‌المثل فارسی داده‌شده دارد؟

گزینه‌ها:
الف) The fat is in the fire.
ب) Why buy the cow when you can get the milk for free?","{'الف': 'Equivalent', 'ب': 'Irrelevant'}"
"شما یک مدل زبانی هستید که برای تشخیص معادل معنایی مناسب ضرب‌المثل‌های فارسی در زبان انگلیسی طراحی شده‌اید.

به شما یک ضرب‌المثل فارسی داده می‌شود. سپس یک پرسش دوگزینه‌ای مطرح می‌شود که در آن دو ضرب‌المثل انگلیسی ارائه شده است و از شما خواسته می‌شود تشخیص دهید کدام‌ یک از آن‌ها از نظر کاربرد و معنا بیشترین شباهت را با ضرب‌المثل فارسی داده‌شده دارد.

وظیفه‌ی شما این است که تنها یک گزینه‌ی صحیح را انتخاب کنید. پاسخ شما باید فقط شامل حرف گزینه‌ی درست (الف یا ب) باشد و هیچ متن یا توضیح اضافی ارائه نکنید.

ضرب‌المثل فارسی:
گاهی از سوراخ سوزن تو می‌رود، گاهی از دروازه هم بیرون نمی‌آید.

سؤال:
کدام‌ یک از این دو ضرب‌المثل انگلیسی از نظر کاربرد و معنا بیشترین شباهت را با ضرب‌المثل فارسی داده‌شده دارد؟

گزینه‌ها:
الف) It is easier for a camel to go through the eye of a needle than for a rich man to enter the kingdom of God.
ب) He/She blows hot and cold.","{'الف': 'Irrelevant', 'ب': 'Equivalent'}"
"شما یک مدل زبانی هستید که برای تشخیص معادل معنایی مناسب ضرب‌المثل‌های فارسی در زبان انگلیسی طراحی شده‌اید.

به شما یک ضرب‌المثل فارسی داده می‌شود. سپس یک پرسش دوگزینه‌ای مطرح می‌شود که در آن دو ضرب‌المثل انگلیسی ارائه شده است و از شما خواسته می‌شود تشخیص دهید کدام‌ یک از آن‌ها از نظر کاربرد و معنا بیشترین شباهت را با ضرب‌المثل فارسی داده‌شده دارد.

وظیفه‌ی شما این است که تنها یک گزینه‌ی صحیح را انتخاب کنید. پاسخ شما باید فقط شامل حرف گزینه‌ی درست (الف یا ب) باشد و هیچ متن یا توضیح اضافی ارائه نکنید.

ضرب‌المثل فارسی:
گاهی به نعل می‌زند گاهی به میخ.

سؤال:
کدام‌ یک از این دو ضرب‌المثل انگلیسی از نظر کاربرد و معنا بیشترین شباهت را با ضرب‌المثل فارسی داده‌شده دارد؟

گزینه‌ها:
الف) Strike while the iron is hot.
ب) Run with the hare and hunt with the hounds.","{'الف': 'Irrelevant', 'ب': 'Equivalent'}"
"شما یک مدل زبانی هستید که برای تشخیص معادل معنایی مناسب ضرب‌المثل‌های فارسی در زبان انگلیسی طراحی شده‌اید.

به شما یک ضرب‌المثل فارسی داده می‌شود. سپس یک پرسش دوگزینه‌ای مطرح می‌شود که در آن دو ضرب‌المثل انگلیسی ارائه شده است و از شما خواسته می‌شود تشخیص دهید کدام‌ یک از آن‌ها از نظر کاربرد و معنا بیشترین شباهت را با ضرب‌المثل فارسی داده‌شده دارد.

وظیفه‌ی شما این است که تنها یک گزینه‌ی صحیح را انتخاب کنید. پاسخ شما باید فقط شامل حرف گزینه‌ی درست (الف یا ب) باشد و هیچ متن یا توضیح اضافی ارائه نکنید.

ضرب‌المثل فارسی:
گدا را که رو بدهی، صاحبخانه می‌شود.

سؤال:
کدام‌ یک از این دو ضرب‌المثل انگلیسی از نظر کاربرد و معنا بیشترین شباهت را با ضرب‌المثل فارسی داده‌شده دارد؟

گزینه‌ها:
الف) Give them an inch, and they'll take a mile.
ب) Beggars can't be choosers.","{'الف': 'Equivalent', 'ب': 'Irrelevant'}"
"شما یک مدل زبانی هستید که برای تشخیص معادل معنایی مناسب ضرب‌المثل‌های فارسی در زبان انگلیسی طراحی شده‌اید.

به شما یک ضرب‌المثل فارسی داده می‌شود. سپس یک پرسش دوگزینه‌ای مطرح می‌شود که در آن دو ضرب‌المثل انگلیسی ارائه شده است و از شما خواسته می‌شود تشخیص دهید کدام‌ یک از آن‌ها از نظر کاربرد و معنا بیشترین شباهت را با ضرب‌المثل فارسی داده‌شده دارد.

وظیفه‌ی شما این است که تنها یک گزینه‌ی صحیح را انتخاب کنید. پاسخ شما باید فقط شامل حرف گزینه‌ی درست (الف یا ب) باشد و هیچ متن یا توضیح اضافی ارائه نکنید.

ضرب‌المثل فارسی:
گدا را گفتند خوش آمد، توبره را کشید، پیش آمد.

سؤال:
کدام‌ یک از این دو ضرب‌المثل انگلیسی از نظر کاربرد و معنا بیشترین شباهت را با ضرب‌المثل فارسی داده‌شده دارد؟

گزینه‌ها:
الف) Give him an inch, and he'll take a mile.
ب) Beggars can't be choosers.","{'الف': 'Equivalent', 'ب': 'Irrelevant'}"
"شما یک مدل زبانی هستید که برای تشخیص معادل معنایی مناسب ضرب‌المثل‌های فارسی در زبان انگلیسی طراحی شده‌اید.

به شما یک ضرب‌المثل فارسی داده می‌شود. سپس یک پرسش دوگزینه‌ای مطرح می‌شود که در آن دو ضرب‌المثل انگلیسی ارائه شده است و از شما خواسته می‌شود تشخیص دهید کدام‌ یک از آن‌ها از نظر کاربرد و معنا بیشترین شباهت را با ضرب‌المثل فارسی داده‌شده دارد.

وظیفه‌ی شما این است که تنها یک گزینه‌ی صحیح را انتخاب کنید. پاسخ شما باید فقط شامل حرف گزینه‌ی درست (الف یا ب) باشد و هیچ متن یا توضیح اضافی ارائه نکنید.

ضرب‌المثل فارسی:
گذر پوست به دبّاغ خانه می‌افتد.

سؤال:
کدام‌ یک از این دو ضرب‌المثل انگلیسی از نظر کاربرد و معنا بیشترین شباهت را با ضرب‌المثل فارسی داده‌شده دارد؟

گزینه‌ها:
الف) There's more than one way to skin a cat.
ب) Chickens come home to roost.","{'الف': 'Irrelevant', 'ب': 'Equivalent'}"
"شما یک مدل زبانی هستید که برای تشخیص معادل معنایی مناسب ضرب‌المثل‌های فارسی در زبان انگلیسی طراحی شده‌اید.

به شما یک ضرب‌المثل فارسی داده می‌شود. سپس یک پرسش دوگزینه‌ای مطرح می‌شود که در آن دو ضرب‌المثل انگلیسی ارائه شده است و از شما خواسته می‌شود تشخیص دهید کدام‌ یک از آن‌ها از نظر کاربرد و معنا بیشترین شباهت را با ضرب‌المثل فارسی داده‌شده دارد.

وظیفه‌ی شما این است که تنها یک گزینه‌ی صحیح را انتخاب کنید. پاسخ شما باید فقط شامل حرف گزینه‌ی درست (الف یا ب) باشد و هیچ متن یا توضیح اضافی ارائه نکنید.

ضرب‌المثل فارسی:
گربه گشنیز می‌خورد، گرسنه همه چیز.

سؤال:
کدام‌ یک از این دو ضرب‌المثل انگلیسی از نظر کاربرد و معنا بیشترین شباهت را با ضرب‌المثل فارسی داده‌شده دارد؟

گزینه‌ها:
الف) Curiosity killed the cat.
ب) Beggars can't be choosers.","{'الف': 'Irrelevant', 'ب': 'Equivalent'}"
"شما یک مدل زبانی هستید که برای تشخیص معادل معنایی مناسب ضرب‌المثل‌های فارسی در زبان انگلیسی طراحی شده‌اید.

به شما یک ضرب‌المثل فارسی داده می‌شود. سپس یک پرسش دوگزینه‌ای مطرح می‌شود که در آن دو ضرب‌المثل انگلیسی ارائه شده است و از شما خواسته می‌شود تشخیص دهید کدام‌ یک از آن‌ها از نظر کاربرد و معنا بیشترین شباهت را با ضرب‌المثل فارسی داده‌شده دارد.

وظیفه‌ی شما این است که تنها یک گزینه‌ی صحیح را انتخاب کنید. پاسخ شما باید فقط شامل حرف گزینه‌ی درست (الف یا ب) باشد و هیچ متن یا توضیح اضافی ارائه نکنید.

ضرب‌المثل فارسی:
گربه هفت بار جای بچه‌اش را عوض می‌کند.

سؤال:
کدام‌ یک از این دو ضرب‌المثل انگلیسی از نظر کاربرد و معنا بیشترین شباهت را با ضرب‌المثل فارسی داده‌شده دارد؟

گزینه‌ها:
الف) Better safe than sorry.
ب) A cat has nine lives.","{'الف': 'Equivalent', 'ب': 'Irrelevant'}"
"شما یک مدل زبانی هستید که برای تشخیص معادل معنایی مناسب ضرب‌المثل‌های فارسی در زبان انگلیسی طراحی شده‌اید.

به شما یک ضرب‌المثل فارسی داده می‌شود. سپس یک پرسش دوگزینه‌ای مطرح می‌شود که در آن دو ضرب‌المثل انگلیسی ارائه شده است و از شما خواسته می‌شود تشخیص دهید کدام‌ یک از آن‌ها از نظر کاربرد و معنا بیشترین شباهت را با ضرب‌المثل فارسی داده‌شده دارد.

وظیفه‌ی شما این است که تنها یک گزینه‌ی صحیح را انتخاب کنید. پاسخ شما باید فقط شامل حرف گزینه‌ی درست (الف یا ب) باشد و هیچ متن یا توضیح اضافی ارائه نکنید.

ضرب‌المثل فارسی:
گر تو بهتر می‌زنی، بستان بزن.

سؤال:
کدام‌ یک از این دو ضرب‌المثل انگلیسی از نظر کاربرد و معنا بیشترین شباهت را با ضرب‌المثل فارسی داده‌شده دارد؟

گزینه‌ها:
الف) Put up or shut up.
ب) Strike while the iron is hot.","{'الف': 'Equivalent', 'ب': 'Irrelevant'}"
"شما یک مدل زبانی هستید که برای تشخیص معادل معنایی مناسب ضرب‌المثل‌های فارسی در زبان انگلیسی طراحی شده‌اید.

به شما یک ضرب‌المثل فارسی داده می‌شود. سپس یک پرسش دوگزینه‌ای مطرح می‌شود که در آن دو ضرب‌المثل انگلیسی ارائه شده است و از شما خواسته می‌شود تشخیص دهید کدام‌ یک از آن‌ها از نظر کاربرد و معنا بیشترین شباهت را با ضرب‌المثل فارسی داده‌شده دارد.

وظیفه‌ی شما این است که تنها یک گزینه‌ی صحیح را انتخاب کنید. پاسخ شما باید فقط شامل حرف گزینه‌ی درست (الف یا ب) باشد و هیچ متن یا توضیح اضافی ارائه نکنید.

ضرب‌المثل فارسی:
گر تو نمی‌پسندی، تغییر ده قضا را!

سؤال:
کدام‌ یک از این دو ضرب‌المثل انگلیسی از نظر کاربرد و معنا بیشترین شباهت را با ضرب‌المثل فارسی داده‌شده دارد؟

گزینه‌ها:
الف) If you can't stand the heat, get out of the kitchen.
ب) What will be, will be.","{'الف': 'Irrelevant', 'ب': 'Equivalent'}"
"شما یک مدل زبانی هستید که برای تشخیص معادل معنایی مناسب ضرب‌المثل‌های فارسی در زبان انگلیسی طراحی شده‌اید.

به شما یک ضرب‌المثل فارسی داده می‌شود. سپس یک پرسش دوگزینه‌ای مطرح می‌شود که در آن دو ضرب‌المثل انگلیسی ارائه شده است و از شما خواسته می‌شود تشخیص دهید کدام‌ یک از آن‌ها از نظر کاربرد و معنا بیشترین شباهت را با ضرب‌المثل فارسی داده‌شده دارد.

وظیفه‌ی شما این است که تنها یک گزینه‌ی صحیح را انتخاب کنید. پاسخ شما باید فقط شامل حرف گزینه‌ی درست (الف یا ب) باشد و هیچ متن یا توضیح اضافی ارائه نکنید.

ضرب‌المثل فارسی:
گردن راستگو چهار وجب است.

سؤال:
کدام‌ یک از این دو ضرب‌المثل انگلیسی از نظر کاربرد و معنا بیشترین شباهت را با ضرب‌المثل فارسی داده‌شده دارد؟

گزینه‌ها:
الف) A clear conscience fears no accusation.
ب) Pride comes before a fall.","{'الف': 'Equivalent', 'ب': 'Irrelevant'}"
"شما یک مدل زبانی هستید که برای تشخیص معادل معنایی مناسب ضرب‌المثل‌های فارسی در زبان انگلیسی طراحی شده‌اید.

به شما یک ضرب‌المثل فارسی داده می‌شود. سپس یک پرسش دوگزینه‌ای مطرح می‌شود که در آن دو ضرب‌المثل انگلیسی ارائه شده است و از شما خواسته می‌شود تشخیص دهید کدام‌ یک از آن‌ها از نظر کاربرد و معنا بیشترین شباهت را با ضرب‌المثل فارسی داده‌شده دارد.

وظیفه‌ی شما این است که تنها یک گزینه‌ی صحیح را انتخاب کنید. پاسخ شما باید فقط شامل حرف گزینه‌ی درست (الف یا ب) باشد و هیچ متن یا توضیح اضافی ارائه نکنید.

ضرب‌المثل فارسی:
گرم می‌گیرد، سرد پس می‌دهد!

سؤال:
کدام‌ یک از این دو ضرب‌المثل انگلیسی از نظر کاربرد و معنا بیشترین شباهت را با ضرب‌المثل فارسی داده‌شده دارد؟

گزینه‌ها:
الف) Eaten bread is soon forgotten.
ب) Cold hands, warm heart.","{'الف': 'Equivalent', 'ب': 'Irrelevant'}"
"شما یک مدل زبانی هستید که برای تشخیص معادل معنایی مناسب ضرب‌المثل‌های فارسی در زبان انگلیسی طراحی شده‌اید.

به شما یک ضرب‌المثل فارسی داده می‌شود. سپس یک پرسش دوگزینه‌ای مطرح می‌شود که در آن دو ضرب‌المثل انگلیسی ارائه شده است و از شما خواسته می‌شود تشخیص دهید کدام‌ یک از آن‌ها از نظر کاربرد و معنا بیشترین شباهت را با ضرب‌المثل فارسی داده‌شده دارد.

وظیفه‌ی شما این است که تنها یک گزینه‌ی صحیح را انتخاب کنید. پاسخ شما باید فقط شامل حرف گزینه‌ی درست (الف یا ب) باشد و هیچ متن یا توضیح اضافی ارائه نکنید.

ضرب‌المثل فارسی:
گره‌ای را که با دست باز می‌شود، نباید با دندان باز کرد.

سؤال:
کدام‌ یک از این دو ضرب‌المثل انگلیسی از نظر کاربرد و معنا بیشترین شباهت را با ضرب‌المثل فارسی داده‌شده دارد؟

گزینه‌ها:
الف) Don't crack a nut with a sledgehammer.
ب) Don't bite the hand that feeds you.","{'الف': 'Equivalent', 'ب': 'Irrelevant'}"
"شما یک مدل زبانی هستید که برای تشخیص معادل معنایی مناسب ضرب‌المثل‌های فارسی در زبان انگلیسی طراحی شده‌اید.

به شما یک ضرب‌المثل فارسی داده می‌شود. سپس یک پرسش دوگزینه‌ای مطرح می‌شود که در آن دو ضرب‌المثل انگلیسی ارائه شده است و از شما خواسته می‌شود تشخیص دهید کدام‌ یک از آن‌ها از نظر کاربرد و معنا بیشترین شباهت را با ضرب‌المثل فارسی داده‌شده دارد.

وظیفه‌ی شما این است که تنها یک گزینه‌ی صحیح را انتخاب کنید. پاسخ شما باید فقط شامل حرف گزینه‌ی درست (الف یا ب) باشد و هیچ متن یا توضیح اضافی ارائه نکنید.

ضرب‌المثل فارسی:
گز نکرده، پاره نکن!

سؤال:
کدام‌ یک از این دو ضرب‌المثل انگلیسی از نظر کاربرد و معنا بیشترین شباهت را با ضرب‌المثل فارسی داده‌شده دارد؟

گزینه‌ها:
الف) Look before you leap.
ب) Cut your coat according to your cloth.","{'الف': 'Equivalent', 'ب': 'Irrelevant'}"
"شما یک مدل زبانی هستید که برای تشخیص معادل معنایی مناسب ضرب‌المثل‌های فارسی در زبان انگلیسی طراحی شده‌اید.

به شما یک ضرب‌المثل فارسی داده می‌شود. سپس یک پرسش دوگزینه‌ای مطرح می‌شود که در آن دو ضرب‌المثل انگلیسی ارائه شده است و از شما خواسته می‌شود تشخیص دهید کدام‌ یک از آن‌ها از نظر کاربرد و معنا بیشترین شباهت را با ضرب‌المثل فارسی داده‌شده دارد.

وظیفه‌ی شما این است که تنها یک گزینه‌ی صحیح را انتخاب کنید. پاسخ شما باید فقط شامل حرف گزینه‌ی درست (الف یا ب) باشد و هیچ متن یا توضیح اضافی ارائه نکنید.

ضرب‌المثل فارسی:
گفت و گوی شیر علی، خفت و خور میر علی!

سؤال:
کدام‌ یک از این دو ضرب‌المثل انگلیسی از نظر کاربرد و معنا بیشترین شباهت را با ضرب‌المثل فارسی داده‌شده دارد؟

گزینه‌ها:
الف) One sows, another reaps.
ب) Robbing Peter to pay Paul.","{'الف': 'Equivalent', 'ب': 'Irrelevant'}"
"شما یک مدل زبانی هستید که برای تشخیص معادل معنایی مناسب ضرب‌المثل‌های فارسی در زبان انگلیسی طراحی شده‌اید.

به شما یک ضرب‌المثل فارسی داده می‌شود. سپس یک پرسش دوگزینه‌ای مطرح می‌شود که در آن دو ضرب‌المثل انگلیسی ارائه شده است و از شما خواسته می‌شود تشخیص دهید کدام‌ یک از آن‌ها از نظر کاربرد و معنا بیشترین شباهت را با ضرب‌المثل فارسی داده‌شده دارد.

وظیفه‌ی شما این است که تنها یک گزینه‌ی صحیح را انتخاب کنید. پاسخ شما باید فقط شامل حرف گزینه‌ی درست (الف یا ب) باشد و هیچ متن یا توضیح اضافی ارائه نکنید.

ضرب‌المثل فارسی:
گل پژمرده دیگر تازه از شبنم نمی‌گردد.

سؤال:
کدام‌ یک از این دو ضرب‌المثل انگلیسی از نظر کاربرد و معنا بیشترین شباهت را با ضرب‌المثل فارسی داده‌شده دارد؟

گزینه‌ها:
الف) April showers bring May flowers.
ب) You can't put lipstick on a pig.","{'الف': 'Irrelevant', 'ب': 'Equivalent'}"
"شما یک مدل زبانی هستید که برای تشخیص معادل معنایی مناسب ضرب‌المثل‌های فارسی در زبان انگلیسی طراحی شده‌اید.

به شما یک ضرب‌المثل فارسی داده می‌شود. سپس یک پرسش دوگزینه‌ای مطرح می‌شود که در آن دو ضرب‌المثل انگلیسی ارائه شده است و از شما خواسته می‌شود تشخیص دهید کدام‌ یک از آن‌ها از نظر کاربرد و معنا بیشترین شباهت را با ضرب‌المثل فارسی داده‌شده دارد.

وظیفه‌ی شما این است که تنها یک گزینه‌ی صحیح را انتخاب کنید. پاسخ شما باید فقط شامل حرف گزینه‌ی درست (الف یا ب) باشد و هیچ متن یا توضیح اضافی ارائه نکنید.

ضرب‌المثل فارسی:
گل زن و شوهر را از یک تغار برداشته‌اند.

سؤال:
کدام‌ یک از این دو ضرب‌المثل انگلیسی از نظر کاربرد و معنا بیشترین شباهت را با ضرب‌المثل فارسی داده‌شده دارد؟

گزینه‌ها:
الف) The potter's hand is on the clay.
ب) A match made in heaven.","{'الف': 'Irrelevant', 'ب': 'Equivalent'}"
"شما یک مدل زبانی هستید که برای تشخیص معادل معنایی مناسب ضرب‌المثل‌های فارسی در زبان انگلیسی طراحی شده‌اید.

به شما یک ضرب‌المثل فارسی داده می‌شود. سپس یک پرسش دوگزینه‌ای مطرح می‌شود که در آن دو ضرب‌المثل انگلیسی ارائه شده است و از شما خواسته می‌شود تشخیص دهید کدام‌ یک از آن‌ها از نظر کاربرد و معنا بیشترین شباهت را با ضرب‌المثل فارسی داده‌شده دارد.

وظیفه‌ی شما این است که تنها یک گزینه‌ی صحیح را انتخاب کنید. پاسخ شما باید فقط شامل حرف گزینه‌ی درست (الف یا ب) باشد و هیچ متن یا توضیح اضافی ارائه نکنید.

ضرب‌المثل فارسی:
گل کاغذی بو نمی‌دهد!

سؤال:
کدام‌ یک از این دو ضرب‌المثل انگلیسی از نظر کاربرد و معنا بیشترین شباهت را با ضرب‌المثل فارسی داده‌شده دارد؟

گزینه‌ها:
الف) A rose by any other name would smell as sweet.
ب) All that glitters is not gold.","{'الف': 'Irrelevant', 'ب': 'Equivalent'}"
"شما یک مدل زبانی هستید که برای تشخیص معادل معنایی مناسب ضرب‌المثل‌های فارسی در زبان انگلیسی طراحی شده‌اید.

به شما یک ضرب‌المثل فارسی داده می‌شود. سپس یک پرسش دوگزینه‌ای مطرح می‌شود که در آن دو ضرب‌المثل انگلیسی ارائه شده است و از شما خواسته می‌شود تشخیص دهید کدام‌ یک از آن‌ها از نظر کاربرد و معنا بیشترین شباهت را با ضرب‌المثل فارسی داده‌شده دارد.

وظیفه‌ی شما این است که تنها یک گزینه‌ی صحیح را انتخاب کنید. پاسخ شما باید فقط شامل حرف گزینه‌ی درست (الف یا ب) باشد و هیچ متن یا توضیح اضافی ارائه نکنید.

ضرب‌المثل فارسی:
گل که شکفت و چهره شد، دست به دست می‌رود.

سؤال:
کدام‌ یک از این دو ضرب‌المثل انگلیسی از نظر کاربرد و معنا بیشترین شباهت را با ضرب‌المثل فارسی داده‌شده دارد؟

گزینه‌ها:
الف) A bird in the hand is worth two in the bush.
ب) Success has many fathers, while failure is an orphan.","{'الف': 'Irrelevant', 'ب': 'Equivalent'}"
"شما یک مدل زبانی هستید که برای تشخیص معادل معنایی مناسب ضرب‌المثل‌های فارسی در زبان انگلیسی طراحی شده‌اید.

به شما یک ضرب‌المثل فارسی داده می‌شود. سپس یک پرسش دوگزینه‌ای مطرح می‌شود که در آن دو ضرب‌المثل انگلیسی ارائه شده است و از شما خواسته می‌شود تشخیص دهید کدام‌ یک از آن‌ها از نظر کاربرد و معنا بیشترین شباهت را با ضرب‌المثل فارسی داده‌شده دارد.

وظیفه‌ی شما این است که تنها یک گزینه‌ی صحیح را انتخاب کنید. پاسخ شما باید فقط شامل حرف گزینه‌ی درست (الف یا ب) باشد و هیچ متن یا توضیح اضافی ارائه نکنید.

ضرب‌المثل فارسی:
گلو هفت بند دارد.

سؤال:
کدام‌ یک از این دو ضرب‌المثل انگلیسی از نظر کاربرد و معنا بیشترین شباهت را با ضرب‌المثل فارسی داده‌شده دارد؟

گزینه‌ها:
الف) Think before you speak.
ب) A cat has nine lives.","{'الف': 'Equivalent', 'ب': 'Irrelevant'}"
"شما یک مدل زبانی هستید که برای تشخیص معادل معنایی مناسب ضرب‌المثل‌های فارسی در زبان انگلیسی طراحی شده‌اید.

به شما یک ضرب‌المثل فارسی داده می‌شود. سپس یک پرسش دوگزینه‌ای مطرح می‌شود که در آن دو ضرب‌المثل انگلیسی ارائه شده است و از شما خواسته می‌شود تشخیص دهید کدام‌ یک از آن‌ها از نظر کاربرد و معنا بیشترین شباهت را با ضرب‌المثل فارسی داده‌شده دارد.

وظیفه‌ی شما این است که تنها یک گزینه‌ی صحیح را انتخاب کنید. پاسخ شما باید فقط شامل حرف گزینه‌ی درست (الف یا ب) باشد و هیچ متن یا توضیح اضافی ارائه نکنید.

ضرب‌المثل فارسی:
گله دست گرگ افتاده است.

سؤال:
کدام‌ یک از این دو ضرب‌المثل انگلیسی از نظر کاربرد و معنا بیشترین شباهت را با ضرب‌المثل فارسی داده‌شده دارد؟

گزینه‌ها:
الف) To put the fox in charge of the henhouse.
ب) Keep the wolf from the door.","{'الف': 'Equivalent', 'ب': 'Irrelevant'}"
"شما یک مدل زبانی هستید که برای تشخیص معادل معنایی مناسب ضرب‌المثل‌های فارسی در زبان انگلیسی طراحی شده‌اید.

به شما یک ضرب‌المثل فارسی داده می‌شود. سپس یک پرسش دوگزینه‌ای مطرح می‌شود که در آن دو ضرب‌المثل انگلیسی ارائه شده است و از شما خواسته می‌شود تشخیص دهید کدام‌ یک از آن‌ها از نظر کاربرد و معنا بیشترین شباهت را با ضرب‌المثل فارسی داده‌شده دارد.

وظیفه‌ی شما این است که تنها یک گزینه‌ی صحیح را انتخاب کنید. پاسخ شما باید فقط شامل حرف گزینه‌ی درست (الف یا ب) باشد و هیچ متن یا توضیح اضافی ارائه نکنید.

ضرب‌المثل فارسی:
گلیم خودش را می‌تواند از آب بیرون بکشد.

سؤال:
کدام‌ یک از این دو ضرب‌المثل انگلیسی از نظر کاربرد و معنا بیشترین شباهت را با ضرب‌المثل فارسی داده‌شده دارد؟

گزینه‌ها:
الف) Paddle your own canoe.
ب) You can lead a horse to water, but you can't make it drink.","{'الف': 'Equivalent', 'ب': 'Irrelevant'}"
"شما یک مدل زبانی هستید که برای تشخیص معادل معنایی مناسب ضرب‌المثل‌های فارسی در زبان انگلیسی طراحی شده‌اید.

به شما یک ضرب‌المثل فارسی داده می‌شود. سپس یک پرسش دوگزینه‌ای مطرح می‌شود که در آن دو ضرب‌المثل انگلیسی ارائه شده است و از شما خواسته می‌شود تشخیص دهید کدام‌ یک از آن‌ها از نظر کاربرد و معنا بیشترین شباهت را با ضرب‌المثل فارسی داده‌شده دارد.

وظیفه‌ی شما این است که تنها یک گزینه‌ی صحیح را انتخاب کنید. پاسخ شما باید فقط شامل حرف گزینه‌ی درست (الف یا ب) باشد و هیچ متن یا توضیح اضافی ارائه نکنید.

ضرب‌المثل فارسی:
گنج جایی است که اژدها رویش خوابیده!

سؤال:
کدام‌ یک از این دو ضرب‌المثل انگلیسی از نظر کاربرد و معنا بیشترین شباهت را با ضرب‌المثل فارسی داده‌شده دارد؟

گزینه‌ها:
الف) No pain, no gain.
ب) Let sleeping dogs lie.","{'الف': 'Equivalent', 'ب': 'Irrelevant'}"
"شما یک مدل زبانی هستید که برای تشخیص معادل معنایی مناسب ضرب‌المثل‌های فارسی در زبان انگلیسی طراحی شده‌اید.

به شما یک ضرب‌المثل فارسی داده می‌شود. سپس یک پرسش دوگزینه‌ای مطرح می‌شود که در آن دو ضرب‌المثل انگلیسی ارائه شده است و از شما خواسته می‌شود تشخیص دهید کدام‌ یک از آن‌ها از نظر کاربرد و معنا بیشترین شباهت را با ضرب‌المثل فارسی داده‌شده دارد.

وظیفه‌ی شما این است که تنها یک گزینه‌ی صحیح را انتخاب کنید. پاسخ شما باید فقط شامل حرف گزینه‌ی درست (الف یا ب) باشد و هیچ متن یا توضیح اضافی ارائه نکنید.

ضرب‌المثل فارسی:
گنجشک امسال به گنجشک پارسال، آواز خواندن یاد می‌دهد!

سؤال:
کدام‌ یک از این دو ضرب‌المثل انگلیسی از نظر کاربرد و معنا بیشترین شباهت را با ضرب‌المثل فارسی داده‌شده دارد؟

گزینه‌ها:
الف) You can't teach an old dog new tricks.
ب) Don't teach your grandmother to suck eggs.","{'الف': 'Irrelevant', 'ب': 'Equivalent'}"
"شما یک مدل زبانی هستید که برای تشخیص معادل معنایی مناسب ضرب‌المثل‌های فارسی در زبان انگلیسی طراحی شده‌اید.

به شما یک ضرب‌المثل فارسی داده می‌شود. سپس یک پرسش دوگزینه‌ای مطرح می‌شود که در آن دو ضرب‌المثل انگلیسی ارائه شده است و از شما خواسته می‌شود تشخیص دهید کدام‌ یک از آن‌ها از نظر کاربرد و معنا بیشترین شباهت را با ضرب‌المثل فارسی داده‌شده دارد.

وظیفه‌ی شما این است که تنها یک گزینه‌ی صحیح را انتخاب کنید. پاسخ شما باید فقط شامل حرف گزینه‌ی درست (الف یا ب) باشد و هیچ متن یا توضیح اضافی ارائه نکنید.

ضرب‌المثل فارسی:
گندم نمای جو فروش.

سؤال:
کدام‌ یک از این دو ضرب‌المثل انگلیسی از نظر کاربرد و معنا بیشترین شباهت را با ضرب‌المثل فارسی داده‌شده دارد؟

گزینه‌ها:
الف) You reap what you sow.
ب) A wolf in sheep's clothing.","{'الف': 'Irrelevant', 'ب': 'Equivalent'}"
"شما یک مدل زبانی هستید که برای تشخیص معادل معنایی مناسب ضرب‌المثل‌های فارسی در زبان انگلیسی طراحی شده‌اید.

به شما یک ضرب‌المثل فارسی داده می‌شود. سپس یک پرسش دوگزینه‌ای مطرح می‌شود که در آن دو ضرب‌المثل انگلیسی ارائه شده است و از شما خواسته می‌شود تشخیص دهید کدام‌ یک از آن‌ها از نظر کاربرد و معنا بیشترین شباهت را با ضرب‌المثل فارسی داده‌شده دارد.

وظیفه‌ی شما این است که تنها یک گزینه‌ی صحیح را انتخاب کنید. پاسخ شما باید فقط شامل حرف گزینه‌ی درست (الف یا ب) باشد و هیچ متن یا توضیح اضافی ارائه نکنید.

ضرب‌المثل فارسی:
گوشت را باید از بغل گاو برید.

سؤال:
کدام‌ یک از این دو ضرب‌المثل انگلیسی از نظر کاربرد و معنا بیشترین شباهت را با ضرب‌المثل فارسی داده‌شده دارد؟

گزینه‌ها:
الف) Don't kick a man when he's down.
ب) Why buy the cow when you can get the milk for free?","{'الف': 'Equivalent', 'ب': 'Irrelevant'}"
"شما یک مدل زبانی هستید که برای تشخیص معادل معنایی مناسب ضرب‌المثل‌های فارسی در زبان انگلیسی طراحی شده‌اید.

به شما یک ضرب‌المثل فارسی داده می‌شود. سپس یک پرسش دوگزینه‌ای مطرح می‌شود که در آن دو ضرب‌المثل انگلیسی ارائه شده است و از شما خواسته می‌شود تشخیص دهید کدام‌ یک از آن‌ها از نظر کاربرد و معنا بیشترین شباهت را با ضرب‌المثل فارسی داده‌شده دارد.

وظیفه‌ی شما این است که تنها یک گزینه‌ی صحیح را انتخاب کنید. پاسخ شما باید فقط شامل حرف گزینه‌ی درست (الف یا ب) باشد و هیچ متن یا توضیح اضافی ارائه نکنید.

ضرب‌المثل فارسی:
گوشت را به دست گربه داد.

سؤال:
کدام‌ یک از این دو ضرب‌المثل انگلیسی از نظر کاربرد و معنا بیشترین شباهت را با ضرب‌المثل فارسی داده‌شده دارد؟

گزینه‌ها:
الف) Curiosity killed the cat.
ب) To set the fox to guard the henhouse.","{'الف': 'Irrelevant', 'ب': 'Equivalent'}"
"شما یک مدل زبانی هستید که برای تشخیص معادل معنایی مناسب ضرب‌المثل‌های فارسی در زبان انگلیسی طراحی شده‌اید.

به شما یک ضرب‌المثل فارسی داده می‌شود. سپس یک پرسش دوگزینه‌ای مطرح می‌شود که در آن دو ضرب‌المثل انگلیسی ارائه شده است و از شما خواسته می‌شود تشخیص دهید کدام‌ یک از آن‌ها از نظر کاربرد و معنا بیشترین شباهت را با ضرب‌المثل فارسی داده‌شده دارد.

وظیفه‌ی شما این است که تنها یک گزینه‌ی صحیح را انتخاب کنید. پاسخ شما باید فقط شامل حرف گزینه‌ی درست (الف یا ب) باشد و هیچ متن یا توضیح اضافی ارائه نکنید.

ضرب‌المثل فارسی:
گوشت را که خوردند، استخوان به گردن نیاویزند.

سؤال:
کدام‌ یک از این دو ضرب‌المثل انگلیسی از نظر کاربرد و معنا بیشترین شباهت را با ضرب‌المثل فارسی داده‌شده دارد؟

گزینه‌ها:
الف) The nearer the bone, the sweeter the meat.
ب) Don't wash your dirty linen in public.","{'الف': 'Irrelevant', 'ب': 'Equivalent'}"
"شما یک مدل زبانی هستید که برای تشخیص معادل معنایی مناسب ضرب‌المثل‌های فارسی در زبان انگلیسی طراحی شده‌اید.

به شما یک ضرب‌المثل فارسی داده می‌شود. سپس یک پرسش دوگزینه‌ای مطرح می‌شود که در آن دو ضرب‌المثل انگلیسی ارائه شده است و از شما خواسته می‌شود تشخیص دهید کدام‌ یک از آن‌ها از نظر کاربرد و معنا بیشترین شباهت را با ضرب‌المثل فارسی داده‌شده دارد.

وظیفه‌ی شما این است که تنها یک گزینه‌ی صحیح را انتخاب کنید. پاسخ شما باید فقط شامل حرف گزینه‌ی درست (الف یا ب) باشد و هیچ متن یا توضیح اضافی ارائه نکنید.

ضرب‌المثل فارسی:
گوشت نیاورده را کوفته اتابکی نمی‌خواهند.

سؤال:
کدام‌ یک از این دو ضرب‌المثل انگلیسی از نظر کاربرد و معنا بیشترین شباهت را با ضرب‌المثل فارسی داده‌شده دارد؟

گزینه‌ها:
الف) Beggars can't be choosers.
ب) One man's meat is another man's poison.","{'الف': 'Equivalent', 'ب': 'Irrelevant'}"
"شما یک مدل زبانی هستید که برای تشخیص معادل معنایی مناسب ضرب‌المثل‌های فارسی در زبان انگلیسی طراحی شده‌اید.

به شما یک ضرب‌المثل فارسی داده می‌شود. سپس یک پرسش دوگزینه‌ای مطرح می‌شود که در آن دو ضرب‌المثل انگلیسی ارائه شده است و از شما خواسته می‌شود تشخیص دهید کدام‌ یک از آن‌ها از نظر کاربرد و معنا بیشترین شباهت را با ضرب‌المثل فارسی داده‌شده دارد.

وظیفه‌ی شما این است که تنها یک گزینه‌ی صحیح را انتخاب کنید. پاسخ شما باید فقط شامل حرف گزینه‌ی درست (الف یا ب) باشد و هیچ متن یا توضیح اضافی ارائه نکنید.

ضرب‌المثل فارسی:
گوش عزیز است، گوشواره هم عزیز است.

سؤال:
کدام‌ یک از این دو ضرب‌المثل انگلیسی از نظر کاربرد و معنا بیشترین شباهت را با ضرب‌المثل فارسی داده‌شده دارد؟

گزینه‌ها:
الف) Love me, love my dog.
ب) Beauty is in the eye of the beholder.","{'الف': 'Equivalent', 'ب': 'Irrelevant'}"
"شما یک مدل زبانی هستید که برای تشخیص معادل معنایی مناسب ضرب‌المثل‌های فارسی در زبان انگلیسی طراحی شده‌اید.

به شما یک ضرب‌المثل فارسی داده می‌شود. سپس یک پرسش دوگزینه‌ای مطرح می‌شود که در آن دو ضرب‌المثل انگلیسی ارائه شده است و از شما خواسته می‌شود تشخیص دهید کدام‌ یک از آن‌ها از نظر کاربرد و معنا بیشترین شباهت را با ضرب‌المثل فارسی داده‌شده دارد.

وظیفه‌ی شما این است که تنها یک گزینه‌ی صحیح را انتخاب کنید. پاسخ شما باید فقط شامل حرف گزینه‌ی درست (الف یا ب) باشد و هیچ متن یا توضیح اضافی ارائه نکنید.

ضرب‌المثل فارسی:
گوشواره‌ای که از همسایه بدزدی، باید روز قیامت به گوش کنی.

سؤال:
کدام‌ یک از این دو ضرب‌المثل انگلیسی از نظر کاربرد و معنا بیشترین شباهت را با ضرب‌المثل فارسی داده‌شده دارد؟

گزینه‌ها:
الف) Good fences make good neighbors.
ب) Ill-gotten gains never prosper.","{'الف': 'Irrelevant', 'ب': 'Equivalent'}"
"شما یک مدل زبانی هستید که برای تشخیص معادل معنایی مناسب ضرب‌المثل‌های فارسی در زبان انگلیسی طراحی شده‌اید.

به شما یک ضرب‌المثل فارسی داده می‌شود. سپس یک پرسش دوگزینه‌ای مطرح می‌شود که در آن دو ضرب‌المثل انگلیسی ارائه شده است و از شما خواسته می‌شود تشخیص دهید کدام‌ یک از آن‌ها از نظر کاربرد و معنا بیشترین شباهت را با ضرب‌المثل فارسی داده‌شده دارد.

وظیفه‌ی شما این است که تنها یک گزینه‌ی صحیح را انتخاب کنید. پاسخ شما باید فقط شامل حرف گزینه‌ی درست (الف یا ب) باشد و هیچ متن یا توضیح اضافی ارائه نکنید.

ضرب‌المثل فارسی:
گوینده زیاد است، شنونده باید عاقل باشد.

سؤال:
کدام‌ یک از این دو ضرب‌المثل انگلیسی از نظر کاربرد و معنا بیشترین شباهت را با ضرب‌المثل فارسی داده‌شده دارد؟

گزینه‌ها:
الف) Take it with a grain of salt.
ب) Speech is silver, silence is golden.","{'الف': 'Equivalent', 'ب': 'Irrelevant'}"
"شما یک مدل زبانی هستید که برای تشخیص معادل معنایی مناسب ضرب‌المثل‌های فارسی در زبان انگلیسی طراحی شده‌اید.

به شما یک ضرب‌المثل فارسی داده می‌شود. سپس یک پرسش دوگزینه‌ای مطرح می‌شود که در آن دو ضرب‌المثل انگلیسی ارائه شده است و از شما خواسته می‌شود تشخیص دهید کدام‌ یک از آن‌ها از نظر کاربرد و معنا بیشترین شباهت را با ضرب‌المثل فارسی داده‌شده دارد.

وظیفه‌ی شما این است که تنها یک گزینه‌ی صحیح را انتخاب کنید. پاسخ شما باید فقط شامل حرف گزینه‌ی درست (الف یا ب) باشد و هیچ متن یا توضیح اضافی ارائه نکنید.

ضرب‌المثل فارسی:
گیوه‌اش را ور کشید.

سؤال:
کدام‌ یک از این دو ضرب‌المثل انگلیسی از نظر کاربرد و معنا بیشترین شباهت را با ضرب‌المثل فارسی داده‌شده دارد؟

گزینه‌ها:
الف) To roll up one's sleeves.
ب) To pull oneself up by one's bootstraps.","{'الف': 'Equivalent', 'ب': 'Irrelevant'}"
"شما یک مدل زبانی هستید که برای تشخیص معادل معنایی مناسب ضرب‌المثل‌های فارسی در زبان انگلیسی طراحی شده‌اید.

به شما یک ضرب‌المثل فارسی داده می‌شود. سپس یک پرسش دوگزینه‌ای مطرح می‌شود که در آن دو ضرب‌المثل انگلیسی ارائه شده است و از شما خواسته می‌شود تشخیص دهید کدام‌ یک از آن‌ها از نظر کاربرد و معنا بیشترین شباهت را با ضرب‌المثل فارسی داده‌شده دارد.

وظیفه‌ی شما این است که تنها یک گزینه‌ی صحیح را انتخاب کنید. پاسخ شما باید فقط شامل حرف گزینه‌ی درست (الف یا ب) باشد و هیچ متن یا توضیح اضافی ارائه نکنید.

ضرب‌المثل فارسی:
لالایی می‌دانی، چرا خوابت نمی‌برد!؟

سؤال:
کدام‌ یک از این دو ضرب‌المثل انگلیسی از نظر کاربرد و معنا بیشترین شباهت را با ضرب‌المثل فارسی داده‌شده دارد؟

گزینه‌ها:
الف) Physician, heal thyself.
ب) Let sleeping dogs lie.","{'الف': 'Equivalent', 'ب': 'Irrelevant'}"
"شما یک مدل زبانی هستید که برای تشخیص معادل معنایی مناسب ضرب‌المثل‌های فارسی در زبان انگلیسی طراحی شده‌اید.

به شما یک ضرب‌المثل فارسی داده می‌شود. سپس یک پرسش دوگزینه‌ای مطرح می‌شود که در آن دو ضرب‌المثل انگلیسی ارائه شده است و از شما خواسته می‌شود تشخیص دهید کدام‌ یک از آن‌ها از نظر کاربرد و معنا بیشترین شباهت را با ضرب‌المثل فارسی داده‌شده دارد.

وظیفه‌ی شما این است که تنها یک گزینه‌ی صحیح را انتخاب کنید. پاسخ شما باید فقط شامل حرف گزینه‌ی درست (الف یا ب) باشد و هیچ متن یا توضیح اضافی ارائه نکنید.

ضرب‌المثل فارسی:
لباس بعد از عید، به درد گل منار می‌خورد

سؤال:
کدام‌ یک از این دو ضرب‌المثل انگلیسی از نظر کاربرد و معنا بیشترین شباهت را با ضرب‌المثل فارسی داده‌شده دارد؟

گزینه‌ها:
الف) Closing the stable door after the horse has bolted.
ب) Clothes make the man.","{'الف': 'Equivalent', 'ب': 'Irrelevant'}"
"شما یک مدل زبانی هستید که برای تشخیص معادل معنایی مناسب ضرب‌المثل‌های فارسی در زبان انگلیسی طراحی شده‌اید.

به شما یک ضرب‌المثل فارسی داده می‌شود. سپس یک پرسش دوگزینه‌ای مطرح می‌شود که در آن دو ضرب‌المثل انگلیسی ارائه شده است و از شما خواسته می‌شود تشخیص دهید کدام‌ یک از آن‌ها از نظر کاربرد و معنا بیشترین شباهت را با ضرب‌المثل فارسی داده‌شده دارد.

وظیفه‌ی شما این است که تنها یک گزینه‌ی صحیح را انتخاب کنید. پاسخ شما باید فقط شامل حرف گزینه‌ی درست (الف یا ب) باشد و هیچ متن یا توضیح اضافی ارائه نکنید.

ضرب‌المثل فارسی:
لباس درد، به اندازه تحمل ماست.

سؤال:
کدام‌ یک از این دو ضرب‌المثل انگلیسی از نظر کاربرد و معنا بیشترین شباهت را با ضرب‌المثل فارسی داده‌شده دارد؟

گزینه‌ها:
الف) God never gives you more than you can handle.
ب) Cut your coat according to your cloth.","{'الف': 'Equivalent', 'ب': 'Irrelevant'}"
"شما یک مدل زبانی هستید که برای تشخیص معادل معنایی مناسب ضرب‌المثل‌های فارسی در زبان انگلیسی طراحی شده‌اید.

به شما یک ضرب‌المثل فارسی داده می‌شود. سپس یک پرسش دوگزینه‌ای مطرح می‌شود که در آن دو ضرب‌المثل انگلیسی ارائه شده است و از شما خواسته می‌شود تشخیص دهید کدام‌ یک از آن‌ها از نظر کاربرد و معنا بیشترین شباهت را با ضرب‌المثل فارسی داده‌شده دارد.

وظیفه‌ی شما این است که تنها یک گزینه‌ی صحیح را انتخاب کنید. پاسخ شما باید فقط شامل حرف گزینه‌ی درست (الف یا ب) باشد و هیچ متن یا توضیح اضافی ارائه نکنید.

ضرب‌المثل فارسی:
لب بود که دندان آمد.

سؤال:
کدام‌ یک از این دو ضرب‌المثل انگلیسی از نظر کاربرد و معنا بیشترین شباهت را با ضرب‌المثل فارسی داده‌شده دارد؟

گزینه‌ها:
الف) An eye for an eye, a tooth for a tooth.
ب) You have to walk before you can run.","{'الف': 'Irrelevant', 'ب': 'Equivalent'}"
"شما یک مدل زبانی هستید که برای تشخیص معادل معنایی مناسب ضرب‌المثل‌های فارسی در زبان انگلیسی طراحی شده‌اید.

به شما یک ضرب‌المثل فارسی داده می‌شود. سپس یک پرسش دوگزینه‌ای مطرح می‌شود که در آن دو ضرب‌المثل انگلیسی ارائه شده است و از شما خواسته می‌شود تشخیص دهید کدام‌ یک از آن‌ها از نظر کاربرد و معنا بیشترین شباهت را با ضرب‌المثل فارسی داده‌شده دارد.

وظیفه‌ی شما این است که تنها یک گزینه‌ی صحیح را انتخاب کنید. پاسخ شما باید فقط شامل حرف گزینه‌ی درست (الف یا ب) باشد و هیچ متن یا توضیح اضافی ارائه نکنید.

ضرب‌المثل فارسی:
لب دریا که برود، آبش خشک می‌شود.

سؤال:
کدام‌ یک از این دو ضرب‌المثل انگلیسی از نظر کاربرد و معنا بیشترین شباهت را با ضرب‌المثل فارسی داده‌شده دارد؟

گزینه‌ها:
الف) You never miss the water till the well runs dry.
ب) Everything he touches turns to dust.","{'الف': 'Irrelevant', 'ب': 'Equivalent'}"
"شما یک مدل زبانی هستید که برای تشخیص معادل معنایی مناسب ضرب‌المثل‌های فارسی در زبان انگلیسی طراحی شده‌اید.

به شما یک ضرب‌المثل فارسی داده می‌شود. سپس یک پرسش دوگزینه‌ای مطرح می‌شود که در آن دو ضرب‌المثل انگلیسی ارائه شده است و از شما خواسته می‌شود تشخیص دهید کدام‌ یک از آن‌ها از نظر کاربرد و معنا بیشترین شباهت را با ضرب‌المثل فارسی داده‌شده دارد.

وظیفه‌ی شما این است که تنها یک گزینه‌ی صحیح را انتخاب کنید. پاسخ شما باید فقط شامل حرف گزینه‌ی درست (الف یا ب) باشد و هیچ متن یا توضیح اضافی ارائه نکنید.

ضرب‌المثل فارسی:
لحافم آسمان، فرشم زمین است

سؤال:
کدام‌ یک از این دو ضرب‌المثل انگلیسی از نظر کاربرد و معنا بیشترین شباهت را با ضرب‌المثل فارسی داده‌شده دارد؟

گزینه‌ها:
الف) Not to have a roof over one's head.
ب) As above, so below","{'الف': 'Equivalent', 'ب': 'Irrelevant'}"
"شما یک مدل زبانی هستید که برای تشخیص معادل معنایی مناسب ضرب‌المثل‌های فارسی در زبان انگلیسی طراحی شده‌اید.

به شما یک ضرب‌المثل فارسی داده می‌شود. سپس یک پرسش دوگزینه‌ای مطرح می‌شود که در آن دو ضرب‌المثل انگلیسی ارائه شده است و از شما خواسته می‌شود تشخیص دهید کدام‌ یک از آن‌ها از نظر کاربرد و معنا بیشترین شباهت را با ضرب‌المثل فارسی داده‌شده دارد.

وظیفه‌ی شما این است که تنها یک گزینه‌ی صحیح را انتخاب کنید. پاسخ شما باید فقط شامل حرف گزینه‌ی درست (الف یا ب) باشد و هیچ متن یا توضیح اضافی ارائه نکنید.

ضرب‌المثل فارسی:
لقمان را حکمت آموختن، غلط است.

سؤال:
کدام‌ یک از این دو ضرب‌المثل انگلیسی از نظر کاربرد و معنا بیشترین شباهت را با ضرب‌المثل فارسی داده‌شده دارد؟

گزینه‌ها:
الف) To teach your grandmother to suck eggs.
ب) You can't teach an old dog new tricks.","{'الف': 'Equivalent', 'ب': 'Irrelevant'}"
"شما یک مدل زبانی هستید که برای تشخیص معادل معنایی مناسب ضرب‌المثل‌های فارسی در زبان انگلیسی طراحی شده‌اید.

به شما یک ضرب‌المثل فارسی داده می‌شود. سپس یک پرسش دوگزینه‌ای مطرح می‌شود که در آن دو ضرب‌المثل انگلیسی ارائه شده است و از شما خواسته می‌شود تشخیص دهید کدام‌ یک از آن‌ها از نظر کاربرد و معنا بیشترین شباهت را با ضرب‌المثل فارسی داده‌شده دارد.

وظیفه‌ی شما این است که تنها یک گزینه‌ی صحیح را انتخاب کنید. پاسخ شما باید فقط شامل حرف گزینه‌ی درست (الف یا ب) باشد و هیچ متن یا توضیح اضافی ارائه نکنید.

ضرب‌المثل فارسی:
لقمان را گفتند: «ادب از که آموختی؟» گفت: «از بی‌ادبان.»

سؤال:
کدام‌ یک از این دو ضرب‌المثل انگلیسی از نظر کاربرد و معنا بیشترین شباهت را با ضرب‌المثل فارسی داده‌شده دارد؟

گزینه‌ها:
الف) A wise man learns by the mistakes of others, a fool by his own.
ب) Manners maketh man.","{'الف': 'Equivalent', 'ب': 'Irrelevant'}"
"شما یک مدل زبانی هستید که برای تشخیص معادل معنایی مناسب ضرب‌المثل‌های فارسی در زبان انگلیسی طراحی شده‌اید.

به شما یک ضرب‌المثل فارسی داده می‌شود. سپس یک پرسش دوگزینه‌ای مطرح می‌شود که در آن دو ضرب‌المثل انگلیسی ارائه شده است و از شما خواسته می‌شود تشخیص دهید کدام‌ یک از آن‌ها از نظر کاربرد و معنا بیشترین شباهت را با ضرب‌المثل فارسی داده‌شده دارد.

وظیفه‌ی شما این است که تنها یک گزینه‌ی صحیح را انتخاب کنید. پاسخ شما باید فقط شامل حرف گزینه‌ی درست (الف یا ب) باشد و هیچ متن یا توضیح اضافی ارائه نکنید.

ضرب‌المثل فارسی:
لقمه بزرگ، گلو را می‌گیرد.

سؤال:
کدام‌ یک از این دو ضرب‌المثل انگلیسی از نظر کاربرد و معنا بیشترین شباهت را با ضرب‌المثل فارسی داده‌شده دارد؟

گزینه‌ها:
الف) Big fish eat little fish.
ب) Don't bite off more than you can chew.","{'الف': 'Irrelevant', 'ب': 'Equivalent'}"
"شما یک مدل زبانی هستید که برای تشخیص معادل معنایی مناسب ضرب‌المثل‌های فارسی در زبان انگلیسی طراحی شده‌اید.

به شما یک ضرب‌المثل فارسی داده می‌شود. سپس یک پرسش دوگزینه‌ای مطرح می‌شود که در آن دو ضرب‌المثل انگلیسی ارائه شده است و از شما خواسته می‌شود تشخیص دهید کدام‌ یک از آن‌ها از نظر کاربرد و معنا بیشترین شباهت را با ضرب‌المثل فارسی داده‌شده دارد.

وظیفه‌ی شما این است که تنها یک گزینه‌ی صحیح را انتخاب کنید. پاسخ شما باید فقط شامل حرف گزینه‌ی درست (الف یا ب) باشد و هیچ متن یا توضیح اضافی ارائه نکنید.

ضرب‌المثل فارسی:
لقمه خودش از گلویش پایین نمی‌رود.

سؤال:
کدام‌ یک از این دو ضرب‌المثل انگلیسی از نظر کاربرد و معنا بیشترین شباهت را با ضرب‌المثل فارسی داده‌شده دارد؟

گزینه‌ها:
الف) Don't bite off more than you can chew.
ب) He is a dog in the manger.","{'الف': 'Irrelevant', 'ب': 'Equivalent'}"
"شما یک مدل زبانی هستید که برای تشخیص معادل معنایی مناسب ضرب‌المثل‌های فارسی در زبان انگلیسی طراحی شده‌اید.

به شما یک ضرب‌المثل فارسی داده می‌شود. سپس یک پرسش دوگزینه‌ای مطرح می‌شود که در آن دو ضرب‌المثل انگلیسی ارائه شده است و از شما خواسته می‌شود تشخیص دهید کدام‌ یک از آن‌ها از نظر کاربرد و معنا بیشترین شباهت را با ضرب‌المثل فارسی داده‌شده دارد.

وظیفه‌ی شما این است که تنها یک گزینه‌ی صحیح را انتخاب کنید. پاسخ شما باید فقط شامل حرف گزینه‌ی درست (الف یا ب) باشد و هیچ متن یا توضیح اضافی ارائه نکنید.

ضرب‌المثل فارسی:
لقمه را از پشت سر به دهان می‌گذارد.

سؤال:
کدام‌ یک از این دو ضرب‌المثل انگلیسی از نظر کاربرد و معنا بیشترین شباهت را با ضرب‌المثل فارسی داده‌شده دارد؟

گزینه‌ها:
الف) Don't bite the hand that feeds you.
ب) To go around Robin Hood's barn.","{'الف': 'Irrelevant', 'ب': 'Equivalent'}"
"شما یک مدل زبانی هستید که برای تشخیص معادل معنایی مناسب ضرب‌المثل‌های فارسی در زبان انگلیسی طراحی شده‌اید.

به شما یک ضرب‌المثل فارسی داده می‌شود. سپس یک پرسش دوگزینه‌ای مطرح می‌شود که در آن دو ضرب‌المثل انگلیسی ارائه شده است و از شما خواسته می‌شود تشخیص دهید کدام‌ یک از آن‌ها از نظر کاربرد و معنا بیشترین شباهت را با ضرب‌المثل فارسی داده‌شده دارد.

وظیفه‌ی شما این است که تنها یک گزینه‌ی صحیح را انتخاب کنید. پاسخ شما باید فقط شامل حرف گزینه‌ی درست (الف یا ب) باشد و هیچ متن یا توضیح اضافی ارائه نکنید.

ضرب‌المثل فارسی:
لقمه را به اندازه دهانت بردار.

سؤال:
کدام‌ یک از این دو ضرب‌المثل انگلیسی از نظر کاربرد و معنا بیشترین شباهت را با ضرب‌المثل فارسی داده‌شده دارد؟

گزینه‌ها:
الف) Don't bite the hand that feeds you.
ب) Don't bite off more than you can chew.","{'الف': 'Irrelevant', 'ب': 'Equivalent'}"
"شما یک مدل زبانی هستید که برای تشخیص معادل معنایی مناسب ضرب‌المثل‌های فارسی در زبان انگلیسی طراحی شده‌اید.

به شما یک ضرب‌المثل فارسی داده می‌شود. سپس یک پرسش دوگزینه‌ای مطرح می‌شود که در آن دو ضرب‌المثل انگلیسی ارائه شده است و از شما خواسته می‌شود تشخیص دهید کدام‌ یک از آن‌ها از نظر کاربرد و معنا بیشترین شباهت را با ضرب‌المثل فارسی داده‌شده دارد.

وظیفه‌ی شما این است که تنها یک گزینه‌ی صحیح را انتخاب کنید. پاسخ شما باید فقط شامل حرف گزینه‌ی درست (الف یا ب) باشد و هیچ متن یا توضیح اضافی ارائه نکنید.

ضرب‌المثل فارسی:
لگد به گور حاتم زده!

سؤال:
کدام‌ یک از این دو ضرب‌المثل انگلیسی از نظر کاربرد و معنا بیشترین شباهت را با ضرب‌المثل فارسی داده‌شده دارد؟

گزینه‌ها:
الف) To dig one's own grave.
ب) He would skin a flint.","{'الف': 'Irrelevant', 'ب': 'Equivalent'}"
"شما یک مدل زبانی هستید که برای تشخیص معادل معنایی مناسب ضرب‌المثل‌های فارسی در زبان انگلیسی طراحی شده‌اید.

به شما یک ضرب‌المثل فارسی داده می‌شود. سپس یک پرسش دوگزینه‌ای مطرح می‌شود که در آن دو ضرب‌المثل انگلیسی ارائه شده است و از شما خواسته می‌شود تشخیص دهید کدام‌ یک از آن‌ها از نظر کاربرد و معنا بیشترین شباهت را با ضرب‌المثل فارسی داده‌شده دارد.

وظیفه‌ی شما این است که تنها یک گزینه‌ی صحیح را انتخاب کنید. پاسخ شما باید فقط شامل حرف گزینه‌ی درست (الف یا ب) باشد و هیچ متن یا توضیح اضافی ارائه نکنید.

ضرب‌المثل فارسی:
لنگ ملا نصرالدین است.

سؤال:
کدام‌ یک از این دو ضرب‌المثل انگلیسی از نظر کاربرد و معنا بیشترین شباهت را با ضرب‌المثل فارسی داده‌شده دارد؟

گزینه‌ها:
الف) The clothes make the man.
ب) If all you have is a hammer, everything looks like a nail.","{'الف': 'Irrelevant', 'ب': 'Equivalent'}"
"شما یک مدل زبانی هستید که برای تشخیص معادل معنایی مناسب ضرب‌المثل‌های فارسی در زبان انگلیسی طراحی شده‌اید.

به شما یک ضرب‌المثل فارسی داده می‌شود. سپس یک پرسش دوگزینه‌ای مطرح می‌شود که در آن دو ضرب‌المثل انگلیسی ارائه شده است و از شما خواسته می‌شود تشخیص دهید کدام‌ یک از آن‌ها از نظر کاربرد و معنا بیشترین شباهت را با ضرب‌المثل فارسی داده‌شده دارد.

وظیفه‌ی شما این است که تنها یک گزینه‌ی صحیح را انتخاب کنید. پاسخ شما باید فقط شامل حرف گزینه‌ی درست (الف یا ب) باشد و هیچ متن یا توضیح اضافی ارائه نکنید.

ضرب‌المثل فارسی:
لنگه کفش کهنه در بیابان نعمت است.

سؤال:
کدام‌ یک از این دو ضرب‌المثل انگلیسی از نظر کاربرد و معنا بیشترین شباهت را با ضرب‌المثل فارسی داده‌شده دارد؟

گزینه‌ها:
الف) If the shoe fits, wear it.
ب) Any port in a storm.","{'الف': 'Irrelevant', 'ب': 'Equivalent'}"
"شما یک مدل زبانی هستید که برای تشخیص معادل معنایی مناسب ضرب‌المثل‌های فارسی در زبان انگلیسی طراحی شده‌اید.

به شما یک ضرب‌المثل فارسی داده می‌شود. سپس یک پرسش دوگزینه‌ای مطرح می‌شود که در آن دو ضرب‌المثل انگلیسی ارائه شده است و از شما خواسته می‌شود تشخیص دهید کدام‌ یک از آن‌ها از نظر کاربرد و معنا بیشترین شباهت را با ضرب‌المثل فارسی داده‌شده دارد.

وظیفه‌ی شما این است که تنها یک گزینه‌ی صحیح را انتخاب کنید. پاسخ شما باید فقط شامل حرف گزینه‌ی درست (الف یا ب) باشد و هیچ متن یا توضیح اضافی ارائه نکنید.

ضرب‌المثل فارسی:
لنگه گیوه را بر سر نیزه چه کار؟!

سؤال:
کدام‌ یک از این دو ضرب‌المثل انگلیسی از نظر کاربرد و معنا بیشترین شباهت را با ضرب‌المثل فارسی داده‌شده دارد؟

گزینه‌ها:
الف) A square peg in a round hole.
ب) The pen is mightier than the sword.","{'الف': 'Equivalent', 'ب': 'Irrelevant'}"
"شما یک مدل زبانی هستید که برای تشخیص معادل معنایی مناسب ضرب‌المثل‌های فارسی در زبان انگلیسی طراحی شده‌اید.

به شما یک ضرب‌المثل فارسی داده می‌شود. سپس یک پرسش دوگزینه‌ای مطرح می‌شود که در آن دو ضرب‌المثل انگلیسی ارائه شده است و از شما خواسته می‌شود تشخیص دهید کدام‌ یک از آن‌ها از نظر کاربرد و معنا بیشترین شباهت را با ضرب‌المثل فارسی داده‌شده دارد.

وظیفه‌ی شما این است که تنها یک گزینه‌ی صحیح را انتخاب کنید. پاسخ شما باید فقط شامل حرف گزینه‌ی درست (الف یا ب) باشد و هیچ متن یا توضیح اضافی ارائه نکنید.

ضرب‌المثل فارسی:
لیلی را باید از چشم مجنون دید.

سؤال:
کدام‌ یک از این دو ضرب‌المثل انگلیسی از نظر کاربرد و معنا بیشترین شباهت را با ضرب‌المثل فارسی داده‌شده دارد؟

گزینه‌ها:
الف) Beauty is in the eye of the beholder.
ب) The eyes are the window to the soul.","{'الف': 'Equivalent', 'ب': 'Irrelevant'}"
"شما یک مدل زبانی هستید که برای تشخیص معادل معنایی مناسب ضرب‌المثل‌های فارسی در زبان انگلیسی طراحی شده‌اید.

به شما یک ضرب‌المثل فارسی داده می‌شود. سپس یک پرسش دوگزینه‌ای مطرح می‌شود که در آن دو ضرب‌المثل انگلیسی ارائه شده است و از شما خواسته می‌شود تشخیص دهید کدام‌ یک از آن‌ها از نظر کاربرد و معنا بیشترین شباهت را با ضرب‌المثل فارسی داده‌شده دارد.

وظیفه‌ی شما این است که تنها یک گزینه‌ی صحیح را انتخاب کنید. پاسخ شما باید فقط شامل حرف گزینه‌ی درست (الف یا ب) باشد و هیچ متن یا توضیح اضافی ارائه نکنید.

ضرب‌المثل فارسی:
ما این ور جوی، تو آن ور جوی.

سؤال:
کدام‌ یک از این دو ضرب‌المثل انگلیسی از نظر کاربرد و معنا بیشترین شباهت را با ضرب‌المثل فارسی داده‌شده دارد؟

گزینه‌ها:
الف) The grass is always greener on the other side.
ب) We go our separate ways.","{'الف': 'Irrelevant', 'ب': 'Equivalent'}"
"شما یک مدل زبانی هستید که برای تشخیص معادل معنایی مناسب ضرب‌المثل‌های فارسی در زبان انگلیسی طراحی شده‌اید.

به شما یک ضرب‌المثل فارسی داده می‌شود. سپس یک پرسش دوگزینه‌ای مطرح می‌شود که در آن دو ضرب‌المثل انگلیسی ارائه شده است و از شما خواسته می‌شود تشخیص دهید کدام‌ یک از آن‌ها از نظر کاربرد و معنا بیشترین شباهت را با ضرب‌المثل فارسی داده‌شده دارد.

وظیفه‌ی شما این است که تنها یک گزینه‌ی صحیح را انتخاب کنید. پاسخ شما باید فقط شامل حرف گزینه‌ی درست (الف یا ب) باشد و هیچ متن یا توضیح اضافی ارائه نکنید.

ضرب‌المثل فارسی:
ماتم‌زده را به نوحه‌گر حاجت نیست.

سؤال:
کدام‌ یک از این دو ضرب‌المثل انگلیسی از نظر کاربرد و معنا بیشترین شباهت را با ضرب‌المثل فارسی داده‌شده دارد؟

گزینه‌ها:
الف) Misery loves company.
ب) Don't add insult to injury.","{'الف': 'Irrelevant', 'ب': 'Equivalent'}"
"شما یک مدل زبانی هستید که برای تشخیص معادل معنایی مناسب ضرب‌المثل‌های فارسی در زبان انگلیسی طراحی شده‌اید.

به شما یک ضرب‌المثل فارسی داده می‌شود. سپس یک پرسش دوگزینه‌ای مطرح می‌شود که در آن دو ضرب‌المثل انگلیسی ارائه شده است و از شما خواسته می‌شود تشخیص دهید کدام‌ یک از آن‌ها از نظر کاربرد و معنا بیشترین شباهت را با ضرب‌المثل فارسی داده‌شده دارد.

وظیفه‌ی شما این است که تنها یک گزینه‌ی صحیح را انتخاب کنید. پاسخ شما باید فقط شامل حرف گزینه‌ی درست (الف یا ب) باشد و هیچ متن یا توضیح اضافی ارائه نکنید.

ضرب‌المثل فارسی:
ما تو را کردیم پدر، تو ما را نکن در به در!

سؤال:
کدام‌ یک از این دو ضرب‌المثل انگلیسی از نظر کاربرد و معنا بیشترین شباهت را با ضرب‌المثل فارسی داده‌شده دارد؟

گزینه‌ها:
الف) Like father, like son.
ب) Don't bite the hand that feeds you.","{'الف': 'Irrelevant', 'ب': 'Equivalent'}"
"شما یک مدل زبانی هستید که برای تشخیص معادل معنایی مناسب ضرب‌المثل‌های فارسی در زبان انگلیسی طراحی شده‌اید.

به شما یک ضرب‌المثل فارسی داده می‌شود. سپس یک پرسش دوگزینه‌ای مطرح می‌شود که در آن دو ضرب‌المثل انگلیسی ارائه شده است و از شما خواسته می‌شود تشخیص دهید کدام‌ یک از آن‌ها از نظر کاربرد و معنا بیشترین شباهت را با ضرب‌المثل فارسی داده‌شده دارد.

وظیفه‌ی شما این است که تنها یک گزینه‌ی صحیح را انتخاب کنید. پاسخ شما باید فقط شامل حرف گزینه‌ی درست (الف یا ب) باشد و هیچ متن یا توضیح اضافی ارائه نکنید.

ضرب‌المثل فارسی:
مادر عاشق بی‌عاره!

سؤال:
کدام‌ یک از این دو ضرب‌المثل انگلیسی از نظر کاربرد و معنا بیشترین شباهت را با ضرب‌المثل فارسی داده‌شده دارد؟

گزینه‌ها:
الف) A mother's love knows no bounds.
ب) All's fair in love and war.","{'الف': 'Equivalent', 'ب': 'Irrelevant'}"
"شما یک مدل زبانی هستید که برای تشخیص معادل معنایی مناسب ضرب‌المثل‌های فارسی در زبان انگلیسی طراحی شده‌اید.

به شما یک ضرب‌المثل فارسی داده می‌شود. سپس یک پرسش دوگزینه‌ای مطرح می‌شود که در آن دو ضرب‌المثل انگلیسی ارائه شده است و از شما خواسته می‌شود تشخیص دهید کدام‌ یک از آن‌ها از نظر کاربرد و معنا بیشترین شباهت را با ضرب‌المثل فارسی داده‌شده دارد.

وظیفه‌ی شما این است که تنها یک گزینه‌ی صحیح را انتخاب کنید. پاسخ شما باید فقط شامل حرف گزینه‌ی درست (الف یا ب) باشد و هیچ متن یا توضیح اضافی ارائه نکنید.

ضرب‌المثل فارسی:
مادر که نشد، باید با زن‌بابا ساخت.

سؤال:
کدام‌ یک از این دو ضرب‌المثل انگلیسی از نظر کاربرد و معنا بیشترین شباهت را با ضرب‌المثل فارسی داده‌شده دارد؟

گزینه‌ها:
الف) Beggars can't be choosers.
ب) Like father, like son.","{'الف': 'Equivalent', 'ب': 'Irrelevant'}"
"شما یک مدل زبانی هستید که برای تشخیص معادل معنایی مناسب ضرب‌المثل‌های فارسی در زبان انگلیسی طراحی شده‌اید.

به شما یک ضرب‌المثل فارسی داده می‌شود. سپس یک پرسش دوگزینه‌ای مطرح می‌شود که در آن دو ضرب‌المثل انگلیسی ارائه شده است و از شما خواسته می‌شود تشخیص دهید کدام‌ یک از آن‌ها از نظر کاربرد و معنا بیشترین شباهت را با ضرب‌المثل فارسی داده‌شده دارد.

وظیفه‌ی شما این است که تنها یک گزینه‌ی صحیح را انتخاب کنید. پاسخ شما باید فقط شامل حرف گزینه‌ی درست (الف یا ب) باشد و هیچ متن یا توضیح اضافی ارائه نکنید.

ضرب‌المثل فارسی:
ما را به خیر و شما را به سلامت!

سؤال:
کدام‌ یک از این دو ضرب‌المثل انگلیسی از نظر کاربرد و معنا بیشترین شباهت را با ضرب‌المثل فارسی داده‌شده دارد؟

گزینه‌ها:
الف) All's well that ends well.
ب) You go your way, and I'll go mine.","{'الف': 'Irrelevant', 'ب': 'Equivalent'}"
"شما یک مدل زبانی هستید که برای تشخیص معادل معنایی مناسب ضرب‌المثل‌های فارسی در زبان انگلیسی طراحی شده‌اید.

به شما یک ضرب‌المثل فارسی داده می‌شود. سپس یک پرسش دوگزینه‌ای مطرح می‌شود که در آن دو ضرب‌المثل انگلیسی ارائه شده است و از شما خواسته می‌شود تشخیص دهید کدام‌ یک از آن‌ها از نظر کاربرد و معنا بیشترین شباهت را با ضرب‌المثل فارسی داده‌شده دارد.

وظیفه‌ی شما این است که تنها یک گزینه‌ی صحیح را انتخاب کنید. پاسخ شما باید فقط شامل حرف گزینه‌ی درست (الف یا ب) باشد و هیچ متن یا توضیح اضافی ارائه نکنید.

ضرب‌المثل فارسی:
ما را چه از این قصه، که گاو آمد و خر رفت.

سؤال:
کدام‌ یک از این دو ضرب‌المثل انگلیسی از نظر کاربرد و معنا بیشترین شباهت را با ضرب‌المثل فارسی داده‌شده دارد؟

گزینه‌ها:
الف) It's no skin off my nose.
ب) Shut the stable door after the horse has bolted.","{'الف': 'Equivalent', 'ب': 'Irrelevant'}"
"شما یک مدل زبانی هستید که برای تشخیص معادل معنایی مناسب ضرب‌المثل‌های فارسی در زبان انگلیسی طراحی شده‌اید.

به شما یک ضرب‌المثل فارسی داده می‌شود. سپس یک پرسش دوگزینه‌ای مطرح می‌شود که در آن دو ضرب‌المثل انگلیسی ارائه شده است و از شما خواسته می‌شود تشخیص دهید کدام‌ یک از آن‌ها از نظر کاربرد و معنا بیشترین شباهت را با ضرب‌المثل فارسی داده‌شده دارد.

وظیفه‌ی شما این است که تنها یک گزینه‌ی صحیح را انتخاب کنید. پاسخ شما باید فقط شامل حرف گزینه‌ی درست (الف یا ب) باشد و هیچ متن یا توضیح اضافی ارائه نکنید.

ضرب‌المثل فارسی:
ما را از پونه بدش می‌آید در لانه‌اش سبز می‌شود.

سؤال:
کدام‌ یک از این دو ضرب‌المثل انگلیسی از نظر کاربرد و معنا بیشترین شباهت را با ضرب‌المثل فارسی داده‌شده دارد؟

گزینه‌ها:
الف) A bad penny always turns up.
ب) The grass is always greener on the other side of the fence.","{'الف': 'Equivalent', 'ب': 'Irrelevant'}"
"شما یک مدل زبانی هستید که برای تشخیص معادل معنایی مناسب ضرب‌المثل‌های فارسی در زبان انگلیسی طراحی شده‌اید.

به شما یک ضرب‌المثل فارسی داده می‌شود. سپس یک پرسش دوگزینه‌ای مطرح می‌شود که در آن دو ضرب‌المثل انگلیسی ارائه شده است و از شما خواسته می‌شود تشخیص دهید کدام‌ یک از آن‌ها از نظر کاربرد و معنا بیشترین شباهت را با ضرب‌المثل فارسی داده‌شده دارد.

وظیفه‌ی شما این است که تنها یک گزینه‌ی صحیح را انتخاب کنید. پاسخ شما باید فقط شامل حرف گزینه‌ی درست (الف یا ب) باشد و هیچ متن یا توضیح اضافی ارائه نکنید.

ضرب‌المثل فارسی:
ما را فیلم می‌کنی؟ ما خودمان چهل سال است آپاراتچی هستیم!

سؤال:
کدام‌ یک از این دو ضرب‌المثل انگلیسی از نظر کاربرد و معنا بیشترین شباهت را با ضرب‌المثل فارسی داده‌شده دارد؟

گزینه‌ها:
الف) Don't try to teach your grandmother to suck eggs.
ب) The show must go on.","{'الف': 'Equivalent', 'ب': 'Irrelevant'}"
"شما یک مدل زبانی هستید که برای تشخیص معادل معنایی مناسب ضرب‌المثل‌های فارسی در زبان انگلیسی طراحی شده‌اید.

به شما یک ضرب‌المثل فارسی داده می‌شود. سپس یک پرسش دوگزینه‌ای مطرح می‌شود که در آن دو ضرب‌المثل انگلیسی ارائه شده است و از شما خواسته می‌شود تشخیص دهید کدام‌ یک از آن‌ها از نظر کاربرد و معنا بیشترین شباهت را با ضرب‌المثل فارسی داده‌شده دارد.

وظیفه‌ی شما این است که تنها یک گزینه‌ی صحیح را انتخاب کنید. پاسخ شما باید فقط شامل حرف گزینه‌ی درست (الف یا ب) باشد و هیچ متن یا توضیح اضافی ارائه نکنید.

ضرب‌المثل فارسی:
مار پوست می‌گذارد؛ اما خوی خود را نمی‌گذارد.

سؤال:
کدام‌ یک از این دو ضرب‌المثل انگلیسی از نظر کاربرد و معنا بیشترین شباهت را با ضرب‌المثل فارسی داده‌شده دارد؟

گزینه‌ها:
الف) A snake in the grass.
ب) A leopard cannot change its spots.","{'الف': 'Irrelevant', 'ب': 'Equivalent'}"
"شما یک مدل زبانی هستید که برای تشخیص معادل معنایی مناسب ضرب‌المثل‌های فارسی در زبان انگلیسی طراحی شده‌اید.

به شما یک ضرب‌المثل فارسی داده می‌شود. سپس یک پرسش دوگزینه‌ای مطرح می‌شود که در آن دو ضرب‌المثل انگلیسی ارائه شده است و از شما خواسته می‌شود تشخیص دهید کدام‌ یک از آن‌ها از نظر کاربرد و معنا بیشترین شباهت را با ضرب‌المثل فارسی داده‌شده دارد.

وظیفه‌ی شما این است که تنها یک گزینه‌ی صحیح را انتخاب کنید. پاسخ شما باید فقط شامل حرف گزینه‌ی درست (الف یا ب) باشد و هیچ متن یا توضیح اضافی ارائه نکنید.

ضرب‌المثل فارسی:
مار تا راست نشود، به سوراخ نمی‌رود.

سؤال:
کدام‌ یک از این دو ضرب‌المثل انگلیسی از نظر کاربرد و معنا بیشترین شباهت را با ضرب‌المثل فارسی داده‌شده دارد؟

گزینه‌ها:
الف) Honesty is the best policy.
ب) A square peg in a round hole.","{'الف': 'Equivalent', 'ب': 'Irrelevant'}"
"شما یک مدل زبانی هستید که برای تشخیص معادل معنایی مناسب ضرب‌المثل‌های فارسی در زبان انگلیسی طراحی شده‌اید.

به شما یک ضرب‌المثل فارسی داده می‌شود. سپس یک پرسش دوگزینه‌ای مطرح می‌شود که در آن دو ضرب‌المثل انگلیسی ارائه شده است و از شما خواسته می‌شود تشخیص دهید کدام‌ یک از آن‌ها از نظر کاربرد و معنا بیشترین شباهت را با ضرب‌المثل فارسی داده‌شده دارد.

وظیفه‌ی شما این است که تنها یک گزینه‌ی صحیح را انتخاب کنید. پاسخ شما باید فقط شامل حرف گزینه‌ی درست (الف یا ب) باشد و هیچ متن یا توضیح اضافی ارائه نکنید.

ضرب‌المثل فارسی:
مار رنگین و کودک نادان.

سؤال:
کدام‌ یک از این دو ضرب‌المثل انگلیسی از نظر کاربرد و معنا بیشترین شباهت را با ضرب‌المثل فارسی داده‌شده دارد؟

گزینه‌ها:
الف) Curiosity killed the cat.
ب) A wolf in sheep's clothing.","{'الف': 'Irrelevant', 'ب': 'Equivalent'}"
"شما یک مدل زبانی هستید که برای تشخیص معادل معنایی مناسب ضرب‌المثل‌های فارسی در زبان انگلیسی طراحی شده‌اید.

به شما یک ضرب‌المثل فارسی داده می‌شود. سپس یک پرسش دوگزینه‌ای مطرح می‌شود که در آن دو ضرب‌المثل انگلیسی ارائه شده است و از شما خواسته می‌شود تشخیص دهید کدام‌ یک از آن‌ها از نظر کاربرد و معنا بیشترین شباهت را با ضرب‌المثل فارسی داده‌شده دارد.

وظیفه‌ی شما این است که تنها یک گزینه‌ی صحیح را انتخاب کنید. پاسخ شما باید فقط شامل حرف گزینه‌ی درست (الف یا ب) باشد و هیچ متن یا توضیح اضافی ارائه نکنید.

ضرب‌المثل فارسی:
مار که پیر شد، قورباغه سوارش می‌شود.

سؤال:
کدام‌ یک از این دو ضرب‌المثل انگلیسی از نظر کاربرد و معنا بیشترین شباهت را با ضرب‌المثل فارسی داده‌شده دارد؟

گزینه‌ها:
الف) Hares may pull dead lions by the beard.
ب) A snake in the grass.","{'الف': 'Equivalent', 'ب': 'Irrelevant'}"
"شما یک مدل زبانی هستید که برای تشخیص معادل معنایی مناسب ضرب‌المثل‌های فارسی در زبان انگلیسی طراحی شده‌اید.

به شما یک ضرب‌المثل فارسی داده می‌شود. سپس یک پرسش دوگزینه‌ای مطرح می‌شود که در آن دو ضرب‌المثل انگلیسی ارائه شده است و از شما خواسته می‌شود تشخیص دهید کدام‌ یک از آن‌ها از نظر کاربرد و معنا بیشترین شباهت را با ضرب‌المثل فارسی داده‌شده دارد.

وظیفه‌ی شما این است که تنها یک گزینه‌ی صحیح را انتخاب کنید. پاسخ شما باید فقط شامل حرف گزینه‌ی درست (الف یا ب) باشد و هیچ متن یا توضیح اضافی ارائه نکنید.

ضرب‌المثل فارسی:
مار گزیده از ریسمان سیاه و سفید می‌ترسد.

سؤال:
کدام‌ یک از این دو ضرب‌المثل انگلیسی از نظر کاربرد و معنا بیشترین شباهت را با ضرب‌المثل فارسی داده‌شده دارد؟

گزینه‌ها:
الف) A snake in the grass.
ب) Once bitten, twice shy.","{'الف': 'Irrelevant', 'ب': 'Equivalent'}"
"شما یک مدل زبانی هستید که برای تشخیص معادل معنایی مناسب ضرب‌المثل‌های فارسی در زبان انگلیسی طراحی شده‌اید.

به شما یک ضرب‌المثل فارسی داده می‌شود. سپس یک پرسش دوگزینه‌ای مطرح می‌شود که در آن دو ضرب‌المثل انگلیسی ارائه شده است و از شما خواسته می‌شود تشخیص دهید کدام‌ یک از آن‌ها از نظر کاربرد و معنا بیشترین شباهت را با ضرب‌المثل فارسی داده‌شده دارد.

وظیفه‌ی شما این است که تنها یک گزینه‌ی صحیح را انتخاب کنید. پاسخ شما باید فقط شامل حرف گزینه‌ی درست (الف یا ب) باشد و هیچ متن یا توضیح اضافی ارائه نکنید.

ضرب‌المثل فارسی:
مار هم آدم خفته را نمی‌زند.

سؤال:
کدام‌ یک از این دو ضرب‌المثل انگلیسی از نظر کاربرد و معنا بیشترین شباهت را با ضرب‌المثل فارسی داده‌شده دارد؟

گزینه‌ها:
الف) Let sleeping dogs lie.
ب) Don't kick a man when he's down.","{'الف': 'Irrelevant', 'ب': 'Equivalent'}"
"شما یک مدل زبانی هستید که برای تشخیص معادل معنایی مناسب ضرب‌المثل‌های فارسی در زبان انگلیسی طراحی شده‌اید.

به شما یک ضرب‌المثل فارسی داده می‌شود. سپس یک پرسش دوگزینه‌ای مطرح می‌شود که در آن دو ضرب‌المثل انگلیسی ارائه شده است و از شما خواسته می‌شود تشخیص دهید کدام‌ یک از آن‌ها از نظر کاربرد و معنا بیشترین شباهت را با ضرب‌المثل فارسی داده‌شده دارد.

وظیفه‌ی شما این است که تنها یک گزینه‌ی صحیح را انتخاب کنید. پاسخ شما باید فقط شامل حرف گزینه‌ی درست (الف یا ب) باشد و هیچ متن یا توضیح اضافی ارائه نکنید.

ضرب‌المثل فارسی:
ماست بخور، کاسه‌اش را بگذار زیر سرت، بخواب.

سؤال:
کدام‌ یک از این دو ضرب‌المثل انگلیسی از نظر کاربرد و معنا بیشترین شباهت را با ضرب‌المثل فارسی داده‌شده دارد؟

گزینه‌ها:
الف) You've made your bed, now lie in it.
ب) Out like a light.","{'الف': 'Irrelevant', 'ب': 'Equivalent'}"
"شما یک مدل زبانی هستید که برای تشخیص معادل معنایی مناسب ضرب‌المثل‌های فارسی در زبان انگلیسی طراحی شده‌اید.

به شما یک ضرب‌المثل فارسی داده می‌شود. سپس یک پرسش دوگزینه‌ای مطرح می‌شود که در آن دو ضرب‌المثل انگلیسی ارائه شده است و از شما خواسته می‌شود تشخیص دهید کدام‌ یک از آن‌ها از نظر کاربرد و معنا بیشترین شباهت را با ضرب‌المثل فارسی داده‌شده دارد.

وظیفه‌ی شما این است که تنها یک گزینه‌ی صحیح را انتخاب کنید. پاسخ شما باید فقط شامل حرف گزینه‌ی درست (الف یا ب) باشد و هیچ متن یا توضیح اضافی ارائه نکنید.

ضرب‌المثل فارسی:
ماست را هم نمی‌برّد.

سؤال:
کدام‌ یک از این دو ضرب‌المثل انگلیسی از نظر کاربرد و معنا بیشترین شباهت را با ضرب‌المثل فارسی داده‌شده دارد؟

گزینه‌ها:
الف) It wouldn't cut hot butter.
ب) Don't cry over spilt milk.","{'الف': 'Equivalent', 'ب': 'Irrelevant'}"
"شما یک مدل زبانی هستید که برای تشخیص معادل معنایی مناسب ضرب‌المثل‌های فارسی در زبان انگلیسی طراحی شده‌اید.

به شما یک ضرب‌المثل فارسی داده می‌شود. سپس یک پرسش دوگزینه‌ای مطرح می‌شود که در آن دو ضرب‌المثل انگلیسی ارائه شده است و از شما خواسته می‌شود تشخیص دهید کدام‌ یک از آن‌ها از نظر کاربرد و معنا بیشترین شباهت را با ضرب‌المثل فارسی داده‌شده دارد.

وظیفه‌ی شما این است که تنها یک گزینه‌ی صحیح را انتخاب کنید. پاسخ شما باید فقط شامل حرف گزینه‌ی درست (الف یا ب) باشد و هیچ متن یا توضیح اضافی ارائه نکنید.

ضرب‌المثل فارسی:
ماشین مشدی ممدلی، نه بوق داره، نه صندلی.

سؤال:
کدام‌ یک از این دو ضرب‌المثل انگلیسی از نظر کاربرد و معنا بیشترین شباهت را با ضرب‌المثل فارسی داده‌شده دارد؟

گزینه‌ها:
الف) The squeaky wheel gets the grease.
ب) It's on its last legs.","{'الف': 'Irrelevant', 'ب': 'Equivalent'}"
"شما یک مدل زبانی هستید که برای تشخیص معادل معنایی مناسب ضرب‌المثل‌های فارسی در زبان انگلیسی طراحی شده‌اید.

به شما یک ضرب‌المثل فارسی داده می‌شود. سپس یک پرسش دوگزینه‌ای مطرح می‌شود که در آن دو ضرب‌المثل انگلیسی ارائه شده است و از شما خواسته می‌شود تشخیص دهید کدام‌ یک از آن‌ها از نظر کاربرد و معنا بیشترین شباهت را با ضرب‌المثل فارسی داده‌شده دارد.

وظیفه‌ی شما این است که تنها یک گزینه‌ی صحیح را انتخاب کنید. پاسخ شما باید فقط شامل حرف گزینه‌ی درست (الف یا ب) باشد و هیچ متن یا توضیح اضافی ارائه نکنید.

ضرب‌المثل فارسی:
ما که نمی‌پزیم چرب‌تر!

سؤال:
کدام‌ یک از این دو ضرب‌المثل انگلیسی از نظر کاربرد و معنا بیشترین شباهت را با ضرب‌المثل فارسی داده‌شده دارد؟

گزینه‌ها:
الف) Too many cooks spoil the broth.
ب) It's no skin off my nose.","{'الف': 'Irrelevant', 'ب': 'Equivalent'}"
"شما یک مدل زبانی هستید که برای تشخیص معادل معنایی مناسب ضرب‌المثل‌های فارسی در زبان انگلیسی طراحی شده‌اید.

به شما یک ضرب‌المثل فارسی داده می‌شود. سپس یک پرسش دوگزینه‌ای مطرح می‌شود که در آن دو ضرب‌المثل انگلیسی ارائه شده است و از شما خواسته می‌شود تشخیص دهید کدام‌ یک از آن‌ها از نظر کاربرد و معنا بیشترین شباهت را با ضرب‌المثل فارسی داده‌شده دارد.

وظیفه‌ی شما این است که تنها یک گزینه‌ی صحیح را انتخاب کنید. پاسخ شما باید فقط شامل حرف گزینه‌ی درست (الف یا ب) باشد و هیچ متن یا توضیح اضافی ارائه نکنید.

ضرب‌المثل فارسی:
مال آدم نخور، برای آدم بخور.

سؤال:
کدام‌ یک از این دو ضرب‌المثل انگلیسی از نظر کاربرد و معنا بیشترین شباهت را با ضرب‌المثل فارسی داده‌شده دارد؟

گزینه‌ها:
الف) A shroud has no pockets.
ب) One man's meat is another man's poison.","{'الف': 'Equivalent', 'ب': 'Irrelevant'}"
"شما یک مدل زبانی هستید که برای تشخیص معادل معنایی مناسب ضرب‌المثل‌های فارسی در زبان انگلیسی طراحی شده‌اید.

به شما یک ضرب‌المثل فارسی داده می‌شود. سپس یک پرسش دوگزینه‌ای مطرح می‌شود که در آن دو ضرب‌المثل انگلیسی ارائه شده است و از شما خواسته می‌شود تشخیص دهید کدام‌ یک از آن‌ها از نظر کاربرد و معنا بیشترین شباهت را با ضرب‌المثل فارسی داده‌شده دارد.

وظیفه‌ی شما این است که تنها یک گزینه‌ی صحیح را انتخاب کنید. پاسخ شما باید فقط شامل حرف گزینه‌ی درست (الف یا ب) باشد و هیچ متن یا توضیح اضافی ارائه نکنید.

ضرب‌المثل فارسی:
مال خودش را می‌خورد، حلیم کل عباس را هم می‌زند.

سؤال:
کدام‌ یک از این دو ضرب‌المثل انگلیسی از نظر کاربرد و معنا بیشترین شباهت را با ضرب‌المثل فارسی داده‌شده دارد؟

گزینه‌ها:
الف) He has a finger in every pie.
ب) The proof of the pudding is in the eating.","{'الف': 'Equivalent', 'ب': 'Irrelevant'}"
"شما یک مدل زبانی هستید که برای تشخیص معادل معنایی مناسب ضرب‌المثل‌های فارسی در زبان انگلیسی طراحی شده‌اید.

به شما یک ضرب‌المثل فارسی داده می‌شود. سپس یک پرسش دوگزینه‌ای مطرح می‌شود که در آن دو ضرب‌المثل انگلیسی ارائه شده است و از شما خواسته می‌شود تشخیص دهید کدام‌ یک از آن‌ها از نظر کاربرد و معنا بیشترین شباهت را با ضرب‌المثل فارسی داده‌شده دارد.

وظیفه‌ی شما این است که تنها یک گزینه‌ی صحیح را انتخاب کنید. پاسخ شما باید فقط شامل حرف گزینه‌ی درست (الف یا ب) باشد و هیچ متن یا توضیح اضافی ارائه نکنید.

ضرب‌المثل فارسی:
مال همه مال است، مال من بیت‌المال است؟

سؤال:
کدام‌ یک از این دو ضرب‌المثل انگلیسی از نظر کاربرد و معنا بیشترین شباهت را با ضرب‌المثل فارسی داده‌شده دارد؟

گزینه‌ها:
الف) All for one and one for all.
ب) What's yours is mine, and what's mine is mine.","{'الف': 'Irrelevant', 'ب': 'Equivalent'}"
"شما یک مدل زبانی هستید که برای تشخیص معادل معنایی مناسب ضرب‌المثل‌های فارسی در زبان انگلیسی طراحی شده‌اید.

به شما یک ضرب‌المثل فارسی داده می‌شود. سپس یک پرسش دوگزینه‌ای مطرح می‌شود که در آن دو ضرب‌المثل انگلیسی ارائه شده است و از شما خواسته می‌شود تشخیص دهید کدام‌ یک از آن‌ها از نظر کاربرد و معنا بیشترین شباهت را با ضرب‌المثل فارسی داده‌شده دارد.

وظیفه‌ی شما این است که تنها یک گزینه‌ی صحیح را انتخاب کنید. پاسخ شما باید فقط شامل حرف گزینه‌ی درست (الف یا ب) باشد و هیچ متن یا توضیح اضافی ارائه نکنید.

ضرب‌المثل فارسی:
ما می‌گیم شاه نمی‌خوایم، نخست‌وزیر عوض می‌شه!

سؤال:
کدام‌ یک از این دو ضرب‌المثل انگلیسی از نظر کاربرد و معنا بیشترین شباهت را با ضرب‌المثل فارسی داده‌شده دارد؟

گزینه‌ها:
الف) A new broom sweeps clean.
ب) Rearranging the deck chairs on the Titanic.","{'الف': 'Irrelevant', 'ب': 'Equivalent'}"
"شما یک مدل زبانی هستید که برای تشخیص معادل معنایی مناسب ضرب‌المثل‌های فارسی در زبان انگلیسی طراحی شده‌اید.

به شما یک ضرب‌المثل فارسی داده می‌شود. سپس یک پرسش دوگزینه‌ای مطرح می‌شود که در آن دو ضرب‌المثل انگلیسی ارائه شده است و از شما خواسته می‌شود تشخیص دهید کدام‌ یک از آن‌ها از نظر کاربرد و معنا بیشترین شباهت را با ضرب‌المثل فارسی داده‌شده دارد.

وظیفه‌ی شما این است که تنها یک گزینه‌ی صحیح را انتخاب کنید. پاسخ شما باید فقط شامل حرف گزینه‌ی درست (الف یا ب) باشد و هیچ متن یا توضیح اضافی ارائه نکنید.

ضرب‌المثل فارسی:
ماه زیر ابر نمی‌ماند.

سؤال:
کدام‌ یک از این دو ضرب‌المثل انگلیسی از نظر کاربرد و معنا بیشترین شباهت را با ضرب‌المثل فارسی داده‌شده دارد؟

گزینه‌ها:
الف) Truth will out.
ب) Every cloud has a silver lining.","{'الف': 'Equivalent', 'ب': 'Irrelevant'}"
"شما یک مدل زبانی هستید که برای تشخیص معادل معنایی مناسب ضرب‌المثل‌های فارسی در زبان انگلیسی طراحی شده‌اید.

به شما یک ضرب‌المثل فارسی داده می‌شود. سپس یک پرسش دوگزینه‌ای مطرح می‌شود که در آن دو ضرب‌المثل انگلیسی ارائه شده است و از شما خواسته می‌شود تشخیص دهید کدام‌ یک از آن‌ها از نظر کاربرد و معنا بیشترین شباهت را با ضرب‌المثل فارسی داده‌شده دارد.

وظیفه‌ی شما این است که تنها یک گزینه‌ی صحیح را انتخاب کنید. پاسخ شما باید فقط شامل حرف گزینه‌ی درست (الف یا ب) باشد و هیچ متن یا توضیح اضافی ارائه نکنید.

ضرب‌المثل فارسی:
ما هم خدایی داریم!

سؤال:
کدام‌ یک از این دو ضرب‌المثل انگلیسی از نظر کاربرد و معنا بیشترین شباهت را با ضرب‌المثل فارسی داده‌شده دارد؟

گزینه‌ها:
الف) Every dog has its day.
ب) God helps those who help themselves.","{'الف': 'Equivalent', 'ب': 'Irrelevant'}"
"شما یک مدل زبانی هستید که برای تشخیص معادل معنایی مناسب ضرب‌المثل‌های فارسی در زبان انگلیسی طراحی شده‌اید.

به شما یک ضرب‌المثل فارسی داده می‌شود. سپس یک پرسش دوگزینه‌ای مطرح می‌شود که در آن دو ضرب‌المثل انگلیسی ارائه شده است و از شما خواسته می‌شود تشخیص دهید کدام‌ یک از آن‌ها از نظر کاربرد و معنا بیشترین شباهت را با ضرب‌المثل فارسی داده‌شده دارد.

وظیفه‌ی شما این است که تنها یک گزینه‌ی صحیح را انتخاب کنید. پاسخ شما باید فقط شامل حرف گزینه‌ی درست (الف یا ب) باشد و هیچ متن یا توضیح اضافی ارائه نکنید.

ضرب‌المثل فارسی:
ماهی از تابه صید نتوان کرد.

سؤال:
کدام‌ یک از این دو ضرب‌المثل انگلیسی از نظر کاربرد و معنا بیشترین شباهت را با ضرب‌المثل فارسی داده‌شده دارد؟

گزینه‌ها:
الف) Don't put the cart before the horse.
ب) Out of the frying pan and into the fire.","{'الف': 'Equivalent', 'ب': 'Irrelevant'}"
"شما یک مدل زبانی هستید که برای تشخیص معادل معنایی مناسب ضرب‌المثل‌های فارسی در زبان انگلیسی طراحی شده‌اید.

به شما یک ضرب‌المثل فارسی داده می‌شود. سپس یک پرسش دوگزینه‌ای مطرح می‌شود که در آن دو ضرب‌المثل انگلیسی ارائه شده است و از شما خواسته می‌شود تشخیص دهید کدام‌ یک از آن‌ها از نظر کاربرد و معنا بیشترین شباهت را با ضرب‌المثل فارسی داده‌شده دارد.

وظیفه‌ی شما این است که تنها یک گزینه‌ی صحیح را انتخاب کنید. پاسخ شما باید فقط شامل حرف گزینه‌ی درست (الف یا ب) باشد و هیچ متن یا توضیح اضافی ارائه نکنید.

ضرب‌المثل فارسی:
ماهی را در دریا می‌فروشد.

سؤال:
کدام‌ یک از این دو ضرب‌المثل انگلیسی از نظر کاربرد و معنا بیشترین شباهت را با ضرب‌المثل فارسی داده‌شده دارد؟

گزینه‌ها:
الف) There are plenty of fish in the sea.
ب) Don't count your chickens before they hatch.","{'الف': 'Irrelevant', 'ب': 'Equivalent'}"
"شما یک مدل زبانی هستید که برای تشخیص معادل معنایی مناسب ضرب‌المثل‌های فارسی در زبان انگلیسی طراحی شده‌اید.

به شما یک ضرب‌المثل فارسی داده می‌شود. سپس یک پرسش دوگزینه‌ای مطرح می‌شود که در آن دو ضرب‌المثل انگلیسی ارائه شده است و از شما خواسته می‌شود تشخیص دهید کدام‌ یک از آن‌ها از نظر کاربرد و معنا بیشترین شباهت را با ضرب‌المثل فارسی داده‌شده دارد.

وظیفه‌ی شما این است که تنها یک گزینه‌ی صحیح را انتخاب کنید. پاسخ شما باید فقط شامل حرف گزینه‌ی درست (الف یا ب) باشد و هیچ متن یا توضیح اضافی ارائه نکنید.

ضرب‌المثل فارسی:
ماهی را هر وقت از آب بگیری، تازه است.

سؤال:
کدام‌ یک از این دو ضرب‌المثل انگلیسی از نظر کاربرد و معنا بیشترین شباهت را با ضرب‌المثل فارسی داده‌شده دارد؟

گزینه‌ها:
الف) There are plenty of fish in the sea.
ب) Better late than never.","{'الف': 'Irrelevant', 'ب': 'Equivalent'}"
"شما یک مدل زبانی هستید که برای تشخیص معادل معنایی مناسب ضرب‌المثل‌های فارسی در زبان انگلیسی طراحی شده‌اید.

به شما یک ضرب‌المثل فارسی داده می‌شود. سپس یک پرسش دوگزینه‌ای مطرح می‌شود که در آن دو ضرب‌المثل انگلیسی ارائه شده است و از شما خواسته می‌شود تشخیص دهید کدام‌ یک از آن‌ها از نظر کاربرد و معنا بیشترین شباهت را با ضرب‌المثل فارسی داده‌شده دارد.

وظیفه‌ی شما این است که تنها یک گزینه‌ی صحیح را انتخاب کنید. پاسخ شما باید فقط شامل حرف گزینه‌ی درست (الف یا ب) باشد و هیچ متن یا توضیح اضافی ارائه نکنید.

ضرب‌المثل فارسی:
مبارک خیلی خوشگل بود آبله هم درآورد!

سؤال:
کدام‌ یک از این دو ضرب‌المثل انگلیسی از نظر کاربرد و معنا بیشترین شباهت را با ضرب‌المثل فارسی داده‌شده دارد؟

گزینه‌ها:
الف) An apple a day keeps the doctor away.
ب) When it rains, it pours.","{'الف': 'Irrelevant', 'ب': 'Equivalent'}"
"شما یک مدل زبانی هستید که برای تشخیص معادل معنایی مناسب ضرب‌المثل‌های فارسی در زبان انگلیسی طراحی شده‌اید.

به شما یک ضرب‌المثل فارسی داده می‌شود. سپس یک پرسش دوگزینه‌ای مطرح می‌شود که در آن دو ضرب‌المثل انگلیسی ارائه شده است و از شما خواسته می‌شود تشخیص دهید کدام‌ یک از آن‌ها از نظر کاربرد و معنا بیشترین شباهت را با ضرب‌المثل فارسی داده‌شده دارد.

وظیفه‌ی شما این است که تنها یک گزینه‌ی صحیح را انتخاب کنید. پاسخ شما باید فقط شامل حرف گزینه‌ی درست (الف یا ب) باشد و هیچ متن یا توضیح اضافی ارائه نکنید.

ضرب‌المثل فارسی:
مترسک سر خرمن است.

سؤال:
کدام‌ یک از این دو ضرب‌المثل انگلیسی از نظر کاربرد و معنا بیشترین شباهت را با ضرب‌المثل فارسی داده‌شده دارد؟

گزینه‌ها:
الف) A man of straw.
ب) Straws show which way the wind blows.","{'الف': 'Equivalent', 'ب': 'Irrelevant'}"
"شما یک مدل زبانی هستید که برای تشخیص معادل معنایی مناسب ضرب‌المثل‌های فارسی در زبان انگلیسی طراحی شده‌اید.

به شما یک ضرب‌المثل فارسی داده می‌شود. سپس یک پرسش دوگزینه‌ای مطرح می‌شود که در آن دو ضرب‌المثل انگلیسی ارائه شده است و از شما خواسته می‌شود تشخیص دهید کدام‌ یک از آن‌ها از نظر کاربرد و معنا بیشترین شباهت را با ضرب‌المثل فارسی داده‌شده دارد.

وظیفه‌ی شما این است که تنها یک گزینه‌ی صحیح را انتخاب کنید. پاسخ شما باید فقط شامل حرف گزینه‌ی درست (الف یا ب) باشد و هیچ متن یا توضیح اضافی ارائه نکنید.

ضرب‌المثل فارسی:
متّه به خشخاش گذاشته!

سؤال:
کدام‌ یک از این دو ضرب‌المثل انگلیسی از نظر کاربرد و معنا بیشترین شباهت را با ضرب‌المثل فارسی داده‌شده دارد؟

گزینه‌ها:
الف) To split hairs.
ب) To find a needle in a haystack.","{'الف': 'Equivalent', 'ب': 'Irrelevant'}"
"شما یک مدل زبانی هستید که برای تشخیص معادل معنایی مناسب ضرب‌المثل‌های فارسی در زبان انگلیسی طراحی شده‌اید.

به شما یک ضرب‌المثل فارسی داده می‌شود. سپس یک پرسش دوگزینه‌ای مطرح می‌شود که در آن دو ضرب‌المثل انگلیسی ارائه شده است و از شما خواسته می‌شود تشخیص دهید کدام‌ یک از آن‌ها از نظر کاربرد و معنا بیشترین شباهت را با ضرب‌المثل فارسی داده‌شده دارد.

وظیفه‌ی شما این است که تنها یک گزینه‌ی صحیح را انتخاب کنید. پاسخ شما باید فقط شامل حرف گزینه‌ی درست (الف یا ب) باشد و هیچ متن یا توضیح اضافی ارائه نکنید.

ضرب‌المثل فارسی:
مثل اسب عصاری است.

سؤال:
کدام‌ یک از این دو ضرب‌المثل انگلیسی از نظر کاربرد و معنا بیشترین شباهت را با ضرب‌المثل فارسی داده‌شده دارد؟

گزینه‌ها:
الف) Spinning one's wheels.
ب) To work like a horse.","{'الف': 'Equivalent', 'ب': 'Irrelevant'}"
"شما یک مدل زبانی هستید که برای تشخیص معادل معنایی مناسب ضرب‌المثل‌های فارسی در زبان انگلیسی طراحی شده‌اید.

به شما یک ضرب‌المثل فارسی داده می‌شود. سپس یک پرسش دوگزینه‌ای مطرح می‌شود که در آن دو ضرب‌المثل انگلیسی ارائه شده است و از شما خواسته می‌شود تشخیص دهید کدام‌ یک از آن‌ها از نظر کاربرد و معنا بیشترین شباهت را با ضرب‌المثل فارسی داده‌شده دارد.

وظیفه‌ی شما این است که تنها یک گزینه‌ی صحیح را انتخاب کنید. پاسخ شما باید فقط شامل حرف گزینه‌ی درست (الف یا ب) باشد و هیچ متن یا توضیح اضافی ارائه نکنید.

ضرب‌المثل فارسی:
مثل بازار شام است.

سؤال:
کدام‌ یک از این دو ضرب‌المثل انگلیسی از نظر کاربرد و معنا بیشترین شباهت را با ضرب‌المثل فارسی داده‌شده دارد؟

گزینه‌ها:
الف) Let the buyer beware.
ب) It's a three-ring circus.","{'الف': 'Irrelevant', 'ب': 'Equivalent'}"
"شما یک مدل زبانی هستید که برای تشخیص معادل معنایی مناسب ضرب‌المثل‌های فارسی در زبان انگلیسی طراحی شده‌اید.

به شما یک ضرب‌المثل فارسی داده می‌شود. سپس یک پرسش دوگزینه‌ای مطرح می‌شود که در آن دو ضرب‌المثل انگلیسی ارائه شده است و از شما خواسته می‌شود تشخیص دهید کدام‌ یک از آن‌ها از نظر کاربرد و معنا بیشترین شباهت را با ضرب‌المثل فارسی داده‌شده دارد.

وظیفه‌ی شما این است که تنها یک گزینه‌ی صحیح را انتخاب کنید. پاسخ شما باید فقط شامل حرف گزینه‌ی درست (الف یا ب) باشد و هیچ متن یا توضیح اضافی ارائه نکنید.

ضرب‌المثل فارسی:
مثل بازار مسگرهاست.

سؤال:
کدام‌ یک از این دو ضرب‌المثل انگلیسی از نظر کاربرد و معنا بیشترین شباهت را با ضرب‌المثل فارسی داده‌شده دارد؟

گزینه‌ها:
الف) Strike while the iron is hot.
ب) It's a three-ring circus.","{'الف': 'Irrelevant', 'ب': 'Equivalent'}"
"شما یک مدل زبانی هستید که برای تشخیص معادل معنایی مناسب ضرب‌المثل‌های فارسی در زبان انگلیسی طراحی شده‌اید.

به شما یک ضرب‌المثل فارسی داده می‌شود. سپس یک پرسش دوگزینه‌ای مطرح می‌شود که در آن دو ضرب‌المثل انگلیسی ارائه شده است و از شما خواسته می‌شود تشخیص دهید کدام‌ یک از آن‌ها از نظر کاربرد و معنا بیشترین شباهت را با ضرب‌المثل فارسی داده‌شده دارد.

وظیفه‌ی شما این است که تنها یک گزینه‌ی صحیح را انتخاب کنید. پاسخ شما باید فقط شامل حرف گزینه‌ی درست (الف یا ب) باشد و هیچ متن یا توضیح اضافی ارائه نکنید.

ضرب‌المثل فارسی:
مثل پلنگ می‌ماند.

سؤال:
کدام‌ یک از این دو ضرب‌المثل انگلیسی از نظر کاربرد و معنا بیشترین شباهت را با ضرب‌المثل فارسی داده‌شده دارد؟

گزینه‌ها:
الف) A dog in the manger.
ب) A leopard can't change its spots.","{'الف': 'Equivalent', 'ب': 'Irrelevant'}"
"شما یک مدل زبانی هستید که برای تشخیص معادل معنایی مناسب ضرب‌المثل‌های فارسی در زبان انگلیسی طراحی شده‌اید.

به شما یک ضرب‌المثل فارسی داده می‌شود. سپس یک پرسش دوگزینه‌ای مطرح می‌شود که در آن دو ضرب‌المثل انگلیسی ارائه شده است و از شما خواسته می‌شود تشخیص دهید کدام‌ یک از آن‌ها از نظر کاربرد و معنا بیشترین شباهت را با ضرب‌المثل فارسی داده‌شده دارد.

وظیفه‌ی شما این است که تنها یک گزینه‌ی صحیح را انتخاب کنید. پاسخ شما باید فقط شامل حرف گزینه‌ی درست (الف یا ب) باشد و هیچ متن یا توضیح اضافی ارائه نکنید.

ضرب‌المثل فارسی:
مثل پیاز هفت پوست دارد.

سؤال:
کدام‌ یک از این دو ضرب‌المثل انگلیسی از نظر کاربرد و معنا بیشترین شباهت را با ضرب‌المثل فارسی داده‌شده دارد؟

گزینه‌ها:
الف) Still waters run deep.
ب) Beauty is only skin deep.","{'الف': 'Equivalent', 'ب': 'Irrelevant'}"
"شما یک مدل زبانی هستید که برای تشخیص معادل معنایی مناسب ضرب‌المثل‌های فارسی در زبان انگلیسی طراحی شده‌اید.

به شما یک ضرب‌المثل فارسی داده می‌شود. سپس یک پرسش دوگزینه‌ای مطرح می‌شود که در آن دو ضرب‌المثل انگلیسی ارائه شده است و از شما خواسته می‌شود تشخیص دهید کدام‌ یک از آن‌ها از نظر کاربرد و معنا بیشترین شباهت را با ضرب‌المثل فارسی داده‌شده دارد.

وظیفه‌ی شما این است که تنها یک گزینه‌ی صحیح را انتخاب کنید. پاسخ شما باید فقط شامل حرف گزینه‌ی درست (الف یا ب) باشد و هیچ متن یا توضیح اضافی ارائه نکنید.

ضرب‌المثل فارسی:
مثل پیراهن عثمان شده!

سؤال:
کدام‌ یک از این دو ضرب‌المثل انگلیسی از نظر کاربرد و معنا بیشترین شباهت را با ضرب‌المثل فارسی داده‌شده دارد؟

گزینه‌ها:
الف) To make a mountain out of a molehill.
ب) Cut your coat according to your cloth.","{'الف': 'Equivalent', 'ب': 'Irrelevant'}"
"شما یک مدل زبانی هستید که برای تشخیص معادل معنایی مناسب ضرب‌المثل‌های فارسی در زبان انگلیسی طراحی شده‌اید.

به شما یک ضرب‌المثل فارسی داده می‌شود. سپس یک پرسش دوگزینه‌ای مطرح می‌شود که در آن دو ضرب‌المثل انگلیسی ارائه شده است و از شما خواسته می‌شود تشخیص دهید کدام‌ یک از آن‌ها از نظر کاربرد و معنا بیشترین شباهت را با ضرب‌المثل فارسی داده‌شده دارد.

وظیفه‌ی شما این است که تنها یک گزینه‌ی صحیح را انتخاب کنید. پاسخ شما باید فقط شامل حرف گزینه‌ی درست (الف یا ب) باشد و هیچ متن یا توضیح اضافی ارائه نکنید.

ضرب‌المثل فارسی:
مثل خروس بی‌محل می‌ماند.

سؤال:
کدام‌ یک از این دو ضرب‌المثل انگلیسی از نظر کاربرد و معنا بیشترین شباهت را با ضرب‌المثل فارسی داده‌شده دارد؟

گزینه‌ها:
الف) To stick one's oar in.
ب) The chickens have come home to roost.","{'الف': 'Equivalent', 'ب': 'Irrelevant'}"
"شما یک مدل زبانی هستید که برای تشخیص معادل معنایی مناسب ضرب‌المثل‌های فارسی در زبان انگلیسی طراحی شده‌اید.

به شما یک ضرب‌المثل فارسی داده می‌شود. سپس یک پرسش دوگزینه‌ای مطرح می‌شود که در آن دو ضرب‌المثل انگلیسی ارائه شده است و از شما خواسته می‌شود تشخیص دهید کدام‌ یک از آن‌ها از نظر کاربرد و معنا بیشترین شباهت را با ضرب‌المثل فارسی داده‌شده دارد.

وظیفه‌ی شما این است که تنها یک گزینه‌ی صحیح را انتخاب کنید. پاسخ شما باید فقط شامل حرف گزینه‌ی درست (الف یا ب) باشد و هیچ متن یا توضیح اضافی ارائه نکنید.

ضرب‌المثل فارسی:
مثل دیوان بلخ است.

سؤال:
کدام‌ یک از این دو ضرب‌المثل انگلیسی از نظر کاربرد و معنا بیشترین شباهت را با ضرب‌المثل فارسی داده‌شده دارد؟

گزینه‌ها:
الف) There's method in my madness.
ب) Might makes right.","{'الف': 'Irrelevant', 'ب': 'Equivalent'}"
"شما یک مدل زبانی هستید که برای تشخیص معادل معنایی مناسب ضرب‌المثل‌های فارسی در زبان انگلیسی طراحی شده‌اید.

به شما یک ضرب‌المثل فارسی داده می‌شود. سپس یک پرسش دوگزینه‌ای مطرح می‌شود که در آن دو ضرب‌المثل انگلیسی ارائه شده است و از شما خواسته می‌شود تشخیص دهید کدام‌ یک از آن‌ها از نظر کاربرد و معنا بیشترین شباهت را با ضرب‌المثل فارسی داده‌شده دارد.

وظیفه‌ی شما این است که تنها یک گزینه‌ی صحیح را انتخاب کنید. پاسخ شما باید فقط شامل حرف گزینه‌ی درست (الف یا ب) باشد و هیچ متن یا توضیح اضافی ارائه نکنید.

ضرب‌المثل فارسی:
مثل ریگ ته جوی است.

سؤال:
کدام‌ یک از این دو ضرب‌المثل انگلیسی از نظر کاربرد و معنا بیشترین شباهت را با ضرب‌المثل فارسی داده‌شده دارد؟

گزینه‌ها:
الف) A rolling stone gathers no moss.
ب) He/She is part of the furniture.","{'الف': 'Irrelevant', 'ب': 'Equivalent'}"
"شما یک مدل زبانی هستید که برای تشخیص معادل معنایی مناسب ضرب‌المثل‌های فارسی در زبان انگلیسی طراحی شده‌اید.

به شما یک ضرب‌المثل فارسی داده می‌شود. سپس یک پرسش دوگزینه‌ای مطرح می‌شود که در آن دو ضرب‌المثل انگلیسی ارائه شده است و از شما خواسته می‌شود تشخیص دهید کدام‌ یک از آن‌ها از نظر کاربرد و معنا بیشترین شباهت را با ضرب‌المثل فارسی داده‌شده دارد.

وظیفه‌ی شما این است که تنها یک گزینه‌ی صحیح را انتخاب کنید. پاسخ شما باید فقط شامل حرف گزینه‌ی درست (الف یا ب) باشد و هیچ متن یا توضیح اضافی ارائه نکنید.

ضرب‌المثل فارسی:
مثل سوزن در انبار کاه!

سؤال:
کدام‌ یک از این دو ضرب‌المثل انگلیسی از نظر کاربرد و معنا بیشترین شباهت را با ضرب‌المثل فارسی داده‌شده دارد؟

گزینه‌ها:
الف) A stitch in time saves nine.
ب) Like a needle in a haystack.","{'الف': 'Irrelevant', 'ب': 'Equivalent'}"
"شما یک مدل زبانی هستید که برای تشخیص معادل معنایی مناسب ضرب‌المثل‌های فارسی در زبان انگلیسی طراحی شده‌اید.

به شما یک ضرب‌المثل فارسی داده می‌شود. سپس یک پرسش دوگزینه‌ای مطرح می‌شود که در آن دو ضرب‌المثل انگلیسی ارائه شده است و از شما خواسته می‌شود تشخیص دهید کدام‌ یک از آن‌ها از نظر کاربرد و معنا بیشترین شباهت را با ضرب‌المثل فارسی داده‌شده دارد.

وظیفه‌ی شما این است که تنها یک گزینه‌ی صحیح را انتخاب کنید. پاسخ شما باید فقط شامل حرف گزینه‌ی درست (الف یا ب) باشد و هیچ متن یا توضیح اضافی ارائه نکنید.

ضرب‌المثل فارسی:
مثل سیبی که از وسط نصف کرده باشند.

سؤال:
کدام‌ یک از این دو ضرب‌المثل انگلیسی از نظر کاربرد و معنا بیشترین شباهت را با ضرب‌المثل فارسی داده‌شده دارد؟

گزینه‌ها:
الف) An apple a day keeps the doctor away.
ب) Like two peas in a pod.","{'الف': 'Irrelevant', 'ب': 'Equivalent'}"
"شما یک مدل زبانی هستید که برای تشخیص معادل معنایی مناسب ضرب‌المثل‌های فارسی در زبان انگلیسی طراحی شده‌اید.

به شما یک ضرب‌المثل فارسی داده می‌شود. سپس یک پرسش دوگزینه‌ای مطرح می‌شود که در آن دو ضرب‌المثل انگلیسی ارائه شده است و از شما خواسته می‌شود تشخیص دهید کدام‌ یک از آن‌ها از نظر کاربرد و معنا بیشترین شباهت را با ضرب‌المثل فارسی داده‌شده دارد.

وظیفه‌ی شما این است که تنها یک گزینه‌ی صحیح را انتخاب کنید. پاسخ شما باید فقط شامل حرف گزینه‌ی درست (الف یا ب) باشد و هیچ متن یا توضیح اضافی ارائه نکنید.

ضرب‌المثل فارسی:
مثل کشتی بی‌لنگر می‌ماند!

سؤال:
کدام‌ یک از این دو ضرب‌المثل انگلیسی از نظر کاربرد و معنا بیشترین شباهت را با ضرب‌المثل فارسی داده‌شده دارد؟

گزینه‌ها:
الف) Loose lips sink ships.
ب) A rolling stone gathers no moss.","{'الف': 'Irrelevant', 'ب': 'Equivalent'}"
"شما یک مدل زبانی هستید که برای تشخیص معادل معنایی مناسب ضرب‌المثل‌های فارسی در زبان انگلیسی طراحی شده‌اید.

به شما یک ضرب‌المثل فارسی داده می‌شود. سپس یک پرسش دوگزینه‌ای مطرح می‌شود که در آن دو ضرب‌المثل انگلیسی ارائه شده است و از شما خواسته می‌شود تشخیص دهید کدام‌ یک از آن‌ها از نظر کاربرد و معنا بیشترین شباهت را با ضرب‌المثل فارسی داده‌شده دارد.

وظیفه‌ی شما این است که تنها یک گزینه‌ی صحیح را انتخاب کنید. پاسخ شما باید فقط شامل حرف گزینه‌ی درست (الف یا ب) باشد و هیچ متن یا توضیح اضافی ارائه نکنید.

ضرب‌المثل فارسی:
مثل مرغ می‌ماند، هم در عزا سرش را می‌برند، هم در عروسی.

سؤال:
کدام‌ یک از این دو ضرب‌المثل انگلیسی از نظر کاربرد و معنا بیشترین شباهت را با ضرب‌المثل فارسی داده‌شده دارد؟

گزینه‌ها:
الف) A willing horse is always overworked.
ب) Don't count your chickens before they hatch.","{'الف': 'Equivalent', 'ب': 'Irrelevant'}"
"شما یک مدل زبانی هستید که برای تشخیص معادل معنایی مناسب ضرب‌المثل‌های فارسی در زبان انگلیسی طراحی شده‌اید.

به شما یک ضرب‌المثل فارسی داده می‌شود. سپس یک پرسش دوگزینه‌ای مطرح می‌شود که در آن دو ضرب‌المثل انگلیسی ارائه شده است و از شما خواسته می‌شود تشخیص دهید کدام‌ یک از آن‌ها از نظر کاربرد و معنا بیشترین شباهت را با ضرب‌المثل فارسی داده‌شده دارد.

وظیفه‌ی شما این است که تنها یک گزینه‌ی صحیح را انتخاب کنید. پاسخ شما باید فقط شامل حرف گزینه‌ی درست (الف یا ب) باشد و هیچ متن یا توضیح اضافی ارائه نکنید.

ضرب‌المثل فارسی:
محبت در چشم است.

سؤال:
کدام‌ یک از این دو ضرب‌المثل انگلیسی از نظر کاربرد و معنا بیشترین شباهت را با ضرب‌المثل فارسی داده‌شده دارد؟

گزینه‌ها:
الف) Out of sight, out of mind.
ب) Beauty is in the eye of the beholder.","{'الف': 'Equivalent', 'ب': 'Irrelevant'}"
"شما یک مدل زبانی هستید که برای تشخیص معادل معنایی مناسب ضرب‌المثل‌های فارسی در زبان انگلیسی طراحی شده‌اید.

به شما یک ضرب‌المثل فارسی داده می‌شود. سپس یک پرسش دوگزینه‌ای مطرح می‌شود که در آن دو ضرب‌المثل انگلیسی ارائه شده است و از شما خواسته می‌شود تشخیص دهید کدام‌ یک از آن‌ها از نظر کاربرد و معنا بیشترین شباهت را با ضرب‌المثل فارسی داده‌شده دارد.

وظیفه‌ی شما این است که تنها یک گزینه‌ی صحیح را انتخاب کنید. پاسخ شما باید فقط شامل حرف گزینه‌ی درست (الف یا ب) باشد و هیچ متن یا توضیح اضافی ارائه نکنید.

ضرب‌المثل فارسی:
محنت در بازار است.

سؤال:
کدام‌ یک از این دو ضرب‌المثل انگلیسی از نظر کاربرد و معنا بیشترین شباهت را با ضرب‌المثل فارسی داده‌شده دارد؟

گزینه‌ها:
الف) What goes around, comes around.
ب) Let the buyer beware.","{'الف': 'Equivalent', 'ب': 'Irrelevant'}"
"شما یک مدل زبانی هستید که برای تشخیص معادل معنایی مناسب ضرب‌المثل‌های فارسی در زبان انگلیسی طراحی شده‌اید.

به شما یک ضرب‌المثل فارسی داده می‌شود. سپس یک پرسش دوگزینه‌ای مطرح می‌شود که در آن دو ضرب‌المثل انگلیسی ارائه شده است و از شما خواسته می‌شود تشخیص دهید کدام‌ یک از آن‌ها از نظر کاربرد و معنا بیشترین شباهت را با ضرب‌المثل فارسی داده‌شده دارد.

وظیفه‌ی شما این است که تنها یک گزینه‌ی صحیح را انتخاب کنید. پاسخ شما باید فقط شامل حرف گزینه‌ی درست (الف یا ب) باشد و هیچ متن یا توضیح اضافی ارائه نکنید.

ضرب‌المثل فارسی:
محض خالی نبودن عریضه.

سؤال:
کدام‌ یک از این دو ضرب‌المثل انگلیسی از نظر کاربرد و معنا بیشترین شباهت را با ضرب‌المثل فارسی داده‌شده دارد؟

گزینه‌ها:
الف) The pen is mightier than the sword.
ب) To beat around the bush.","{'الف': 'Irrelevant', 'ب': 'Equivalent'}"
"شما یک مدل زبانی هستید که برای تشخیص معادل معنایی مناسب ضرب‌المثل‌های فارسی در زبان انگلیسی طراحی شده‌اید.

به شما یک ضرب‌المثل فارسی داده می‌شود. سپس یک پرسش دوگزینه‌ای مطرح می‌شود که در آن دو ضرب‌المثل انگلیسی ارائه شده است و از شما خواسته می‌شود تشخیص دهید کدام‌ یک از آن‌ها از نظر کاربرد و معنا بیشترین شباهت را با ضرب‌المثل فارسی داده‌شده دارد.

وظیفه‌ی شما این است که تنها یک گزینه‌ی صحیح را انتخاب کنید. پاسخ شما باید فقط شامل حرف گزینه‌ی درست (الف یا ب) باشد و هیچ متن یا توضیح اضافی ارائه نکنید.

ضرب‌المثل فارسی:
مرا که توی قبر تو نمی‌گذارند.

سؤال:
کدام‌ یک از این دو ضرب‌المثل انگلیسی از نظر کاربرد و معنا بیشترین شباهت را با ضرب‌المثل فارسی داده‌شده دارد؟

گزینه‌ها:
الف) Every tub must stand on its own bottom.
ب) Six feet of earth make all men equal.","{'الف': 'Equivalent', 'ب': 'Irrelevant'}"
"شما یک مدل زبانی هستید که برای تشخیص معادل معنایی مناسب ضرب‌المثل‌های فارسی در زبان انگلیسی طراحی شده‌اید.

به شما یک ضرب‌المثل فارسی داده می‌شود. سپس یک پرسش دوگزینه‌ای مطرح می‌شود که در آن دو ضرب‌المثل انگلیسی ارائه شده است و از شما خواسته می‌شود تشخیص دهید کدام‌ یک از آن‌ها از نظر کاربرد و معنا بیشترین شباهت را با ضرب‌المثل فارسی داده‌شده دارد.

وظیفه‌ی شما این است که تنها یک گزینه‌ی صحیح را انتخاب کنید. پاسخ شما باید فقط شامل حرف گزینه‌ی درست (الف یا ب) باشد و هیچ متن یا توضیح اضافی ارائه نکنید.

ضرب‌المثل فارسی:
مرحوم هیچ کارش به آدمیزاد نمی‌برد!

سؤال:
کدام‌ یک از این دو ضرب‌المثل انگلیسی از نظر کاربرد و معنا بیشترین شباهت را با ضرب‌المثل فارسی داده‌شده دارد؟

گزینه‌ها:
الف) Dead men tell no tales.
ب) There's no rhyme or reason to what he does.","{'الف': 'Irrelevant', 'ب': 'Equivalent'}"
"شما یک مدل زبانی هستید که برای تشخیص معادل معنایی مناسب ضرب‌المثل‌های فارسی در زبان انگلیسی طراحی شده‌اید.

به شما یک ضرب‌المثل فارسی داده می‌شود. سپس یک پرسش دوگزینه‌ای مطرح می‌شود که در آن دو ضرب‌المثل انگلیسی ارائه شده است و از شما خواسته می‌شود تشخیص دهید کدام‌ یک از آن‌ها از نظر کاربرد و معنا بیشترین شباهت را با ضرب‌المثل فارسی داده‌شده دارد.

وظیفه‌ی شما این است که تنها یک گزینه‌ی صحیح را انتخاب کنید. پاسخ شما باید فقط شامل حرف گزینه‌ی درست (الف یا ب) باشد و هیچ متن یا توضیح اضافی ارائه نکنید.

ضرب‌المثل فارسی:
مرد آن است که لب ببندد و بازو بگشاید.

سؤال:
کدام‌ یک از این دو ضرب‌المثل انگلیسی از نظر کاربرد و معنا بیشترین شباهت را با ضرب‌المثل فارسی داده‌شده دارد؟

گزینه‌ها:
الف) Actions speak louder than words.
ب) A closed mouth catches no flies.","{'الف': 'Equivalent', 'ب': 'Irrelevant'}"
"شما یک مدل زبانی هستید که برای تشخیص معادل معنایی مناسب ضرب‌المثل‌های فارسی در زبان انگلیسی طراحی شده‌اید.

به شما یک ضرب‌المثل فارسی داده می‌شود. سپس یک پرسش دوگزینه‌ای مطرح می‌شود که در آن دو ضرب‌المثل انگلیسی ارائه شده است و از شما خواسته می‌شود تشخیص دهید کدام‌ یک از آن‌ها از نظر کاربرد و معنا بیشترین شباهت را با ضرب‌المثل فارسی داده‌شده دارد.

وظیفه‌ی شما این است که تنها یک گزینه‌ی صحیح را انتخاب کنید. پاسخ شما باید فقط شامل حرف گزینه‌ی درست (الف یا ب) باشد و هیچ متن یا توضیح اضافی ارائه نکنید.

ضرب‌المثل فارسی:
مرد باید نصف سرش را شانه کند و نصفش را نکند.

سؤال:
کدام‌ یک از این دو ضرب‌المثل انگلیسی از نظر کاربرد و معنا بیشترین شباهت را با ضرب‌المثل فارسی داده‌شده دارد؟

گزینه‌ها:
الف) The clothes make the man.
ب) The early bird catches the worm.","{'الف': 'Irrelevant', 'ب': 'Equivalent'}"
"شما یک مدل زبانی هستید که برای تشخیص معادل معنایی مناسب ضرب‌المثل‌های فارسی در زبان انگلیسی طراحی شده‌اید.

به شما یک ضرب‌المثل فارسی داده می‌شود. سپس یک پرسش دوگزینه‌ای مطرح می‌شود که در آن دو ضرب‌المثل انگلیسی ارائه شده است و از شما خواسته می‌شود تشخیص دهید کدام‌ یک از آن‌ها از نظر کاربرد و معنا بیشترین شباهت را با ضرب‌المثل فارسی داده‌شده دارد.

وظیفه‌ی شما این است که تنها یک گزینه‌ی صحیح را انتخاب کنید. پاسخ شما باید فقط شامل حرف گزینه‌ی درست (الف یا ب) باشد و هیچ متن یا توضیح اضافی ارائه نکنید.

ضرب‌المثل فارسی:
مردگان دانند قدر عمر و بس!

سؤال:
کدام‌ یک از این دو ضرب‌المثل انگلیسی از نظر کاربرد و معنا بیشترین شباهت را با ضرب‌المثل فارسی داده‌شده دارد؟

گزینه‌ها:
الف) Dead men tell no tales.
ب) We never know the value of water till the well is dry.","{'الف': 'Irrelevant', 'ب': 'Equivalent'}"
"شما یک مدل زبانی هستید که برای تشخیص معادل معنایی مناسب ضرب‌المثل‌های فارسی در زبان انگلیسی طراحی شده‌اید.

به شما یک ضرب‌المثل فارسی داده می‌شود. سپس یک پرسش دوگزینه‌ای مطرح می‌شود که در آن دو ضرب‌المثل انگلیسی ارائه شده است و از شما خواسته می‌شود تشخیص دهید کدام‌ یک از آن‌ها از نظر کاربرد و معنا بیشترین شباهت را با ضرب‌المثل فارسی داده‌شده دارد.

وظیفه‌ی شما این است که تنها یک گزینه‌ی صحیح را انتخاب کنید. پاسخ شما باید فقط شامل حرف گزینه‌ی درست (الف یا ب) باشد و هیچ متن یا توضیح اضافی ارائه نکنید.

ضرب‌المثل فارسی:
مردن مردن است، جان کندنش چیست!؟

سؤال:
کدام‌ یک از این دو ضرب‌المثل انگلیسی از نظر کاربرد و معنا بیشترین شباهت را با ضرب‌المثل فارسی داده‌شده دارد؟

گزینه‌ها:
الف) Bite the bullet.
ب) Dead men tell no tales.","{'الف': 'Equivalent', 'ب': 'Irrelevant'}"
"شما یک مدل زبانی هستید که برای تشخیص معادل معنایی مناسب ضرب‌المثل‌های فارسی در زبان انگلیسی طراحی شده‌اید.

به شما یک ضرب‌المثل فارسی داده می‌شود. سپس یک پرسش دوگزینه‌ای مطرح می‌شود که در آن دو ضرب‌المثل انگلیسی ارائه شده است و از شما خواسته می‌شود تشخیص دهید کدام‌ یک از آن‌ها از نظر کاربرد و معنا بیشترین شباهت را با ضرب‌المثل فارسی داده‌شده دارد.

وظیفه‌ی شما این است که تنها یک گزینه‌ی صحیح را انتخاب کنید. پاسخ شما باید فقط شامل حرف گزینه‌ی درست (الف یا ب) باشد و هیچ متن یا توضیح اضافی ارائه نکنید.

ضرب‌المثل فارسی:
مرده آن است که نامش به نکویی نبرند.

سؤال:
کدام‌ یک از این دو ضرب‌المثل انگلیسی از نظر کاربرد و معنا بیشترین شباهت را با ضرب‌المثل فارسی داده‌شده دارد؟

گزینه‌ها:
الف) A good name is better than riches.
ب) Dead men tell no tales.","{'الف': 'Equivalent', 'ب': 'Irrelevant'}"
"شما یک مدل زبانی هستید که برای تشخیص معادل معنایی مناسب ضرب‌المثل‌های فارسی در زبان انگلیسی طراحی شده‌اید.

به شما یک ضرب‌المثل فارسی داده می‌شود. سپس یک پرسش دوگزینه‌ای مطرح می‌شود که در آن دو ضرب‌المثل انگلیسی ارائه شده است و از شما خواسته می‌شود تشخیص دهید کدام‌ یک از آن‌ها از نظر کاربرد و معنا بیشترین شباهت را با ضرب‌المثل فارسی داده‌شده دارد.

وظیفه‌ی شما این است که تنها یک گزینه‌ی صحیح را انتخاب کنید. پاسخ شما باید فقط شامل حرف گزینه‌ی درست (الف یا ب) باشد و هیچ متن یا توضیح اضافی ارائه نکنید.

ضرب‌المثل فارسی:
مردشور، ضامن بهشت و دوزخ کسی نیست.

سؤال:
کدام‌ یک از این دو ضرب‌المثل انگلیسی از نظر کاربرد و معنا بیشترین شباهت را با ضرب‌المثل فارسی داده‌شده دارد؟

گزینه‌ها:
الف) Every man is the architect of his own fortune.
ب) The devil finds work for idle hands.","{'الف': 'Equivalent', 'ب': 'Irrelevant'}"
"شما یک مدل زبانی هستید که برای تشخیص معادل معنایی مناسب ضرب‌المثل‌های فارسی در زبان انگلیسی طراحی شده‌اید.

به شما یک ضرب‌المثل فارسی داده می‌شود. سپس یک پرسش دوگزینه‌ای مطرح می‌شود که در آن دو ضرب‌المثل انگلیسی ارائه شده است و از شما خواسته می‌شود تشخیص دهید کدام‌ یک از آن‌ها از نظر کاربرد و معنا بیشترین شباهت را با ضرب‌المثل فارسی داده‌شده دارد.

وظیفه‌ی شما این است که تنها یک گزینه‌ی صحیح را انتخاب کنید. پاسخ شما باید فقط شامل حرف گزینه‌ی درست (الف یا ب) باشد و هیچ متن یا توضیح اضافی ارائه نکنید.

ضرب‌المثل فارسی:
مرغ از قفس پرید.

سؤال:
کدام‌ یک از این دو ضرب‌المثل انگلیسی از نظر کاربرد و معنا بیشترین شباهت را با ضرب‌المثل فارسی داده‌شده دارد؟

گزینه‌ها:
الف) A bird in the hand is worth two in the bush.
ب) The bird has flown the coop.","{'الف': 'Irrelevant', 'ب': 'Equivalent'}"
"شما یک مدل زبانی هستید که برای تشخیص معادل معنایی مناسب ضرب‌المثل‌های فارسی در زبان انگلیسی طراحی شده‌اید.

به شما یک ضرب‌المثل فارسی داده می‌شود. سپس یک پرسش دوگزینه‌ای مطرح می‌شود که در آن دو ضرب‌المثل انگلیسی ارائه شده است و از شما خواسته می‌شود تشخیص دهید کدام‌ یک از آن‌ها از نظر کاربرد و معنا بیشترین شباهت را با ضرب‌المثل فارسی داده‌شده دارد.

وظیفه‌ی شما این است که تنها یک گزینه‌ی صحیح را انتخاب کنید. پاسخ شما باید فقط شامل حرف گزینه‌ی درست (الف یا ب) باشد و هیچ متن یا توضیح اضافی ارائه نکنید.

ضرب‌المثل فارسی:
از بیرون نقش و نگار، از درون ناله‌زار.

سؤال:
کدام‌ یک از این دو ضرب‌المثل انگلیسی از نظر کاربرد و معنا بیشترین شباهت را با ضرب‌المثل فارسی داده‌شده دارد؟

گزینه‌ها:
الف) Every cloud has a silver lining.
ب) All that glitters is not gold.","{'الف': 'Irrelevant', 'ب': 'Equivalent'}"
"شما یک مدل زبانی هستید که برای تشخیص معادل معنایی مناسب ضرب‌المثل‌های فارسی در زبان انگلیسی طراحی شده‌اید.

به شما یک ضرب‌المثل فارسی داده می‌شود. سپس یک پرسش دوگزینه‌ای مطرح می‌شود که در آن دو ضرب‌المثل انگلیسی ارائه شده است و از شما خواسته می‌شود تشخیص دهید کدام‌ یک از آن‌ها از نظر کاربرد و معنا بیشترین شباهت را با ضرب‌المثل فارسی داده‌شده دارد.

وظیفه‌ی شما این است که تنها یک گزینه‌ی صحیح را انتخاب کنید. پاسخ شما باید فقط شامل حرف گزینه‌ی درست (الف یا ب) باشد و هیچ متن یا توضیح اضافی ارائه نکنید.

ضرب‌المثل فارسی:
از بی‌کفنی زنده‌ایم.

سؤال:
کدام‌ یک از این دو ضرب‌المثل انگلیسی از نظر کاربرد و معنا بیشترین شباهت را با ضرب‌المثل فارسی داده‌شده دارد؟

گزینه‌ها:
الف) A cat has nine lives.
ب) Living from hand to mouth.","{'الف': 'Irrelevant', 'ب': 'Equivalent'}"
"شما یک مدل زبانی هستید که برای تشخیص معادل معنایی مناسب ضرب‌المثل‌های فارسی در زبان انگلیسی طراحی شده‌اید.

به شما یک ضرب‌المثل فارسی داده می‌شود. سپس یک پرسش دوگزینه‌ای مطرح می‌شود که در آن دو ضرب‌المثل انگلیسی ارائه شده است و از شما خواسته می‌شود تشخیص دهید کدام‌ یک از آن‌ها از نظر کاربرد و معنا بیشترین شباهت را با ضرب‌المثل فارسی داده‌شده دارد.

وظیفه‌ی شما این است که تنها یک گزینه‌ی صحیح را انتخاب کنید. پاسخ شما باید فقط شامل حرف گزینه‌ی درست (الف یا ب) باشد و هیچ متن یا توضیح اضافی ارائه نکنید.

ضرب‌المثل فارسی:
از پر کلاهش رد شد.

سؤال:
کدام‌ یک از این دو ضرب‌المثل انگلیسی از نظر کاربرد و معنا بیشترین شباهت را با ضرب‌المثل فارسی داده‌شده دارد؟

گزینه‌ها:
الف) A feather in one's cap.
ب) A close shave.","{'الف': 'Irrelevant', 'ب': 'Equivalent'}"
"شما یک مدل زبانی هستید که برای تشخیص معادل معنایی مناسب ضرب‌المثل‌های فارسی در زبان انگلیسی طراحی شده‌اید.

به شما یک ضرب‌المثل فارسی داده می‌شود. سپس یک پرسش دوگزینه‌ای مطرح می‌شود که در آن دو ضرب‌المثل انگلیسی ارائه شده است و از شما خواسته می‌شود تشخیص دهید کدام‌ یک از آن‌ها از نظر کاربرد و معنا بیشترین شباهت را با ضرب‌المثل فارسی داده‌شده دارد.

وظیفه‌ی شما این است که تنها یک گزینه‌ی صحیح را انتخاب کنید. پاسخ شما باید فقط شامل حرف گزینه‌ی درست (الف یا ب) باشد و هیچ متن یا توضیح اضافی ارائه نکنید.

ضرب‌المثل فارسی:
از پس گرد، به ناچار سواری برسد.

سؤال:
کدام‌ یک از این دو ضرب‌المثل انگلیسی از نظر کاربرد و معنا بیشترین شباهت را با ضرب‌المثل فارسی داده‌شده دارد؟

گزینه‌ها:
الف) Pride comes before a fall.
ب) After a storm comes a calm.","{'الف': 'Irrelevant', 'ب': 'Equivalent'}"
"شما یک مدل زبانی هستید که برای تشخیص معادل معنایی مناسب ضرب‌المثل‌های فارسی در زبان انگلیسی طراحی شده‌اید.

به شما یک ضرب‌المثل فارسی داده می‌شود. سپس یک پرسش دوگزینه‌ای مطرح می‌شود که در آن دو ضرب‌المثل انگلیسی ارائه شده است و از شما خواسته می‌شود تشخیص دهید کدام‌ یک از آن‌ها از نظر کاربرد و معنا بیشترین شباهت را با ضرب‌المثل فارسی داده‌شده دارد.

وظیفه‌ی شما این است که تنها یک گزینه‌ی صحیح را انتخاب کنید. پاسخ شما باید فقط شامل حرف گزینه‌ی درست (الف یا ب) باشد و هیچ متن یا توضیح اضافی ارائه نکنید.

ضرب‌المثل فارسی:
از پی دشمن گریخته نباید رفت.

سؤال:
کدام‌ یک از این دو ضرب‌المثل انگلیسی از نظر کاربرد و معنا بیشترین شباهت را با ضرب‌المثل فارسی داده‌شده دارد؟

گزینه‌ها:
الف) Don't kick a man when he's down.
ب) He who fights and runs away, lives to fight another day.","{'الف': 'Equivalent', 'ب': 'Irrelevant'}"
"شما یک مدل زبانی هستید که برای تشخیص معادل معنایی مناسب ضرب‌المثل‌های فارسی در زبان انگلیسی طراحی شده‌اید.

به شما یک ضرب‌المثل فارسی داده می‌شود. سپس یک پرسش دوگزینه‌ای مطرح می‌شود که در آن دو ضرب‌المثل انگلیسی ارائه شده است و از شما خواسته می‌شود تشخیص دهید کدام‌ یک از آن‌ها از نظر کاربرد و معنا بیشترین شباهت را با ضرب‌المثل فارسی داده‌شده دارد.

وظیفه‌ی شما این است که تنها یک گزینه‌ی صحیح را انتخاب کنید. پاسخ شما باید فقط شامل حرف گزینه‌ی درست (الف یا ب) باشد و هیچ متن یا توضیح اضافی ارائه نکنید.

ضرب‌المثل فارسی:
از تنور سرد، نان بیرون نمی‌آید.

سؤال:
کدام‌ یک از این دو ضرب‌المثل انگلیسی از نظر کاربرد و معنا بیشترین شباهت را با ضرب‌المثل فارسی داده‌شده دارد؟

گزینه‌ها:
الف) You can't get blood from a stone.
ب) Half a loaf is better than none.","{'الف': 'Equivalent', 'ب': 'Irrelevant'}"
"شما یک مدل زبانی هستید که برای تشخیص معادل معنایی مناسب ضرب‌المثل‌های فارسی در زبان انگلیسی طراحی شده‌اید.

به شما یک ضرب‌المثل فارسی داده می‌شود. سپس یک پرسش دوگزینه‌ای مطرح می‌شود که در آن دو ضرب‌المثل انگلیسی ارائه شده است و از شما خواسته می‌شود تشخیص دهید کدام‌ یک از آن‌ها از نظر کاربرد و معنا بیشترین شباهت را با ضرب‌المثل فارسی داده‌شده دارد.

وظیفه‌ی شما این است که تنها یک گزینه‌ی صحیح را انتخاب کنید. پاسخ شما باید فقط شامل حرف گزینه‌ی درست (الف یا ب) باشد و هیچ متن یا توضیح اضافی ارائه نکنید.

ضرب‌المثل فارسی:
از توپ خالی باکمون نیست.

سؤال:
کدام‌ یک از این دو ضرب‌المثل انگلیسی از نظر کاربرد و معنا بیشترین شباهت را با ضرب‌المثل فارسی داده‌شده دارد؟

گزینه‌ها:
الف) His bark is worse than his bite.
ب) Keep your powder dry.","{'الف': 'Equivalent', 'ب': 'Irrelevant'}"
"شما یک مدل زبانی هستید که برای تشخیص معادل معنایی مناسب ضرب‌المثل‌های فارسی در زبان انگلیسی طراحی شده‌اید.

به شما یک ضرب‌المثل فارسی داده می‌شود. سپس یک پرسش دوگزینه‌ای مطرح می‌شود که در آن دو ضرب‌المثل انگلیسی ارائه شده است و از شما خواسته می‌شود تشخیص دهید کدام‌ یک از آن‌ها از نظر کاربرد و معنا بیشترین شباهت را با ضرب‌المثل فارسی داده‌شده دارد.

وظیفه‌ی شما این است که تنها یک گزینه‌ی صحیح را انتخاب کنید. پاسخ شما باید فقط شامل حرف گزینه‌ی درست (الف یا ب) باشد و هیچ متن یا توضیح اضافی ارائه نکنید.

ضرب‌المثل فارسی:
از جوانی تا پیری، از پیری تا به کی؟

سؤال:
کدام‌ یک از این دو ضرب‌المثل انگلیسی از نظر کاربرد و معنا بیشترین شباهت را با ضرب‌المثل فارسی داده‌شده دارد؟

گزینه‌ها:
الف) Time and tide wait for no man.
ب) You can't teach an old dog new tricks.","{'الف': 'Equivalent', 'ب': 'Irrelevant'}"
"شما یک مدل زبانی هستید که برای تشخیص معادل معنایی مناسب ضرب‌المثل‌های فارسی در زبان انگلیسی طراحی شده‌اید.

به شما یک ضرب‌المثل فارسی داده می‌شود. سپس یک پرسش دوگزینه‌ای مطرح می‌شود که در آن دو ضرب‌المثل انگلیسی ارائه شده است و از شما خواسته می‌شود تشخیص دهید کدام‌ یک از آن‌ها از نظر کاربرد و معنا بیشترین شباهت را با ضرب‌المثل فارسی داده‌شده دارد.

وظیفه‌ی شما این است که تنها یک گزینه‌ی صحیح را انتخاب کنید. پاسخ شما باید فقط شامل حرف گزینه‌ی درست (الف یا ب) باشد و هیچ متن یا توضیح اضافی ارائه نکنید.

ضرب‌المثل فارسی:
از خانه سوخته، هرچه برآید، سود است.

سؤال:
کدام‌ یک از این دو ضرب‌المثل انگلیسی از نظر کاربرد و معنا بیشترین شباهت را با ضرب‌المثل فارسی داده‌شده دارد؟

گزینه‌ها:
الف) Something is better than nothing.
ب) A burnt child dreads the fire.","{'الف': 'Equivalent', 'ب': 'Irrelevant'}"
"شما یک مدل زبانی هستید که برای تشخیص معادل معنایی مناسب ضرب‌المثل‌های فارسی در زبان انگلیسی طراحی شده‌اید.

به شما یک ضرب‌المثل فارسی داده می‌شود. سپس یک پرسش دوگزینه‌ای مطرح می‌شود که در آن دو ضرب‌المثل انگلیسی ارائه شده است و از شما خواسته می‌شود تشخیص دهید کدام‌ یک از آن‌ها از نظر کاربرد و معنا بیشترین شباهت را با ضرب‌المثل فارسی داده‌شده دارد.

وظیفه‌ی شما این است که تنها یک گزینه‌ی صحیح را انتخاب کنید. پاسخ شما باید فقط شامل حرف گزینه‌ی درست (الف یا ب) باشد و هیچ متن یا توضیح اضافی ارائه نکنید.

ضرب‌المثل فارسی:
از خجالت آب شد.

سؤال:
کدام‌ یک از این دو ضرب‌المثل انگلیسی از نظر کاربرد و معنا بیشترین شباهت را با ضرب‌المثل فارسی داده‌شده دارد؟

گزینه‌ها:
الف) Melt in your mouth.
ب) To die of embarrassment.","{'الف': 'Irrelevant', 'ب': 'Equivalent'}"
"شما یک مدل زبانی هستید که برای تشخیص معادل معنایی مناسب ضرب‌المثل‌های فارسی در زبان انگلیسی طراحی شده‌اید.

به شما یک ضرب‌المثل فارسی داده می‌شود. سپس یک پرسش دوگزینه‌ای مطرح می‌شود که در آن دو ضرب‌المثل انگلیسی ارائه شده است و از شما خواسته می‌شود تشخیص دهید کدام‌ یک از آن‌ها از نظر کاربرد و معنا بیشترین شباهت را با ضرب‌المثل فارسی داده‌شده دارد.

وظیفه‌ی شما این است که تنها یک گزینه‌ی صحیح را انتخاب کنید. پاسخ شما باید فقط شامل حرف گزینه‌ی درست (الف یا ب) باشد و هیچ متن یا توضیح اضافی ارائه نکنید.

ضرب‌المثل فارسی:
از خر شیطان پیاده شدن.

سؤال:
کدام‌ یک از این دو ضرب‌المثل انگلیسی از نظر کاربرد و معنا بیشترین شباهت را با ضرب‌المثل فارسی داده‌شده دارد؟

گزینه‌ها:
الف) Get off your high horse.
ب) Speak of the devil.","{'الف': 'Equivalent', 'ب': 'Irrelevant'}"
"شما یک مدل زبانی هستید که برای تشخیص معادل معنایی مناسب ضرب‌المثل‌های فارسی در زبان انگلیسی طراحی شده‌اید.

به شما یک ضرب‌المثل فارسی داده می‌شود. سپس یک پرسش دوگزینه‌ای مطرح می‌شود که در آن دو ضرب‌المثل انگلیسی ارائه شده است و از شما خواسته می‌شود تشخیص دهید کدام‌ یک از آن‌ها از نظر کاربرد و معنا بیشترین شباهت را با ضرب‌المثل فارسی داده‌شده دارد.

وظیفه‌ی شما این است که تنها یک گزینه‌ی صحیح را انتخاب کنید. پاسخ شما باید فقط شامل حرف گزینه‌ی درست (الف یا ب) باشد و هیچ متن یا توضیح اضافی ارائه نکنید.

ضرب‌المثل فارسی:
از دعای گربه سیاه باران نمی‌بارد.

سؤال:
کدام‌ یک از این دو ضرب‌المثل انگلیسی از نظر کاربرد و معنا بیشترین شباهت را با ضرب‌المثل فارسی داده‌شده دارد؟

گزینه‌ها:
الف) The dogs bark, but the caravan moves on.
ب) Curiosity killed the cat.","{'الف': 'Equivalent', 'ب': 'Irrelevant'}"
"شما یک مدل زبانی هستید که برای تشخیص معادل معنایی مناسب ضرب‌المثل‌های فارسی در زبان انگلیسی طراحی شده‌اید.

به شما یک ضرب‌المثل فارسی داده می‌شود. سپس یک پرسش دوگزینه‌ای مطرح می‌شود که در آن دو ضرب‌المثل انگلیسی ارائه شده است و از شما خواسته می‌شود تشخیص دهید کدام‌ یک از آن‌ها از نظر کاربرد و معنا بیشترین شباهت را با ضرب‌المثل فارسی داده‌شده دارد.

وظیفه‌ی شما این است که تنها یک گزینه‌ی صحیح را انتخاب کنید. پاسخ شما باید فقط شامل حرف گزینه‌ی درست (الف یا ب) باشد و هیچ متن یا توضیح اضافی ارائه نکنید.

ضرب‌المثل فارسی:
از دل برود، هرآن که از دیده برفت.

سؤال:
کدام‌ یک از این دو ضرب‌المثل انگلیسی از نظر کاربرد و معنا بیشترین شباهت را با ضرب‌المثل فارسی داده‌شده دارد؟

گزینه‌ها:
الف) What the eye doesn't see, the heart doesn't grieve over.
ب) Out of sight, out of mind.","{'الف': 'Irrelevant', 'ب': 'Equivalent'}"
"شما یک مدل زبانی هستید که برای تشخیص معادل معنایی مناسب ضرب‌المثل‌های فارسی در زبان انگلیسی طراحی شده‌اید.

به شما یک ضرب‌المثل فارسی داده می‌شود. سپس یک پرسش دوگزینه‌ای مطرح می‌شود که در آن دو ضرب‌المثل انگلیسی ارائه شده است و از شما خواسته می‌شود تشخیص دهید کدام‌ یک از آن‌ها از نظر کاربرد و معنا بیشترین شباهت را با ضرب‌المثل فارسی داده‌شده دارد.

وظیفه‌ی شما این است که تنها یک گزینه‌ی صحیح را انتخاب کنید. پاسخ شما باید فقط شامل حرف گزینه‌ی درست (الف یا ب) باشد و هیچ متن یا توضیح اضافی ارائه نکنید.

ضرب‌المثل فارسی:
از دماغ فیل افتاده.

سؤال:
کدام‌ یک از این دو ضرب‌المثل انگلیسی از نظر کاربرد و معنا بیشترین شباهت را با ضرب‌المثل فارسی داده‌شده دارد؟

گزینه‌ها:
الف) He has his nose in the air.
ب) The elephant in the room.","{'الف': 'Equivalent', 'ب': 'Irrelevant'}"
"شما یک مدل زبانی هستید که برای تشخیص معادل معنایی مناسب ضرب‌المثل‌های فارسی در زبان انگلیسی طراحی شده‌اید.

به شما یک ضرب‌المثل فارسی داده می‌شود. سپس یک پرسش دوگزینه‌ای مطرح می‌شود که در آن دو ضرب‌المثل انگلیسی ارائه شده است و از شما خواسته می‌شود تشخیص دهید کدام‌ یک از آن‌ها از نظر کاربرد و معنا بیشترین شباهت را با ضرب‌المثل فارسی داده‌شده دارد.

وظیفه‌ی شما این است که تنها یک گزینه‌ی صحیح را انتخاب کنید. پاسخ شما باید فقط شامل حرف گزینه‌ی درست (الف یا ب) باشد و هیچ متن یا توضیح اضافی ارائه نکنید.

ضرب‌المثل فارسی:
از دور دل می‌برد، از نزدیک زهره.

سؤال:
کدام‌ یک از این دو ضرب‌المثل انگلیسی از نظر کاربرد و معنا بیشترین شباهت را با ضرب‌المثل فارسی داده‌شده دارد؟

گزینه‌ها:
الف) Distance lends enchantment to the view.
ب) Absence makes the heart grow fonder.","{'الف': 'Equivalent', 'ب': 'Irrelevant'}"
"شما یک مدل زبانی هستید که برای تشخیص معادل معنایی مناسب ضرب‌المثل‌های فارسی در زبان انگلیسی طراحی شده‌اید.

به شما یک ضرب‌المثل فارسی داده می‌شود. سپس یک پرسش دوگزینه‌ای مطرح می‌شود که در آن دو ضرب‌المثل انگلیسی ارائه شده است و از شما خواسته می‌شود تشخیص دهید کدام‌ یک از آن‌ها از نظر کاربرد و معنا بیشترین شباهت را با ضرب‌المثل فارسی داده‌شده دارد.

وظیفه‌ی شما این است که تنها یک گزینه‌ی صحیح را انتخاب کنید. پاسخ شما باید فقط شامل حرف گزینه‌ی درست (الف یا ب) باشد و هیچ متن یا توضیح اضافی ارائه نکنید.

ضرب‌المثل فارسی:
از دوست چه دشنام، چه نفرین، چه دعا.

سؤال:
کدام‌ یک از این دو ضرب‌المثل انگلیسی از نظر کاربرد و معنا بیشترین شباهت را با ضرب‌المثل فارسی داده‌شده دارد؟

گزینه‌ها:
الف) Love is blind.
ب) With friends like these, who needs enemies?","{'الف': 'Equivalent', 'ب': 'Irrelevant'}"
"شما یک مدل زبانی هستید که برای تشخیص معادل معنایی مناسب ضرب‌المثل‌های فارسی در زبان انگلیسی طراحی شده‌اید.

به شما یک ضرب‌المثل فارسی داده می‌شود. سپس یک پرسش دوگزینه‌ای مطرح می‌شود که در آن دو ضرب‌المثل انگلیسی ارائه شده است و از شما خواسته می‌شود تشخیص دهید کدام‌ یک از آن‌ها از نظر کاربرد و معنا بیشترین شباهت را با ضرب‌المثل فارسی داده‌شده دارد.

وظیفه‌ی شما این است که تنها یک گزینه‌ی صحیح را انتخاب کنید. پاسخ شما باید فقط شامل حرف گزینه‌ی درست (الف یا ب) باشد و هیچ متن یا توضیح اضافی ارائه نکنید.

ضرب‌المثل فارسی:
از دولتی بچه، ننه می‌خوره کلوچه.

سؤال:
کدام‌ یک از این دو ضرب‌المثل انگلیسی از نظر کاربرد و معنا بیشترین شباهت را با ضرب‌المثل فارسی داده‌شده دارد؟

گزینه‌ها:
الف) A rising tide lifts all boats.
ب) The proof of the pudding is in the eating.","{'الف': 'Equivalent', 'ب': 'Irrelevant'}"
"شما یک مدل زبانی هستید که برای تشخیص معادل معنایی مناسب ضرب‌المثل‌های فارسی در زبان انگلیسی طراحی شده‌اید.

به شما یک ضرب‌المثل فارسی داده می‌شود. سپس یک پرسش دوگزینه‌ای مطرح می‌شود که در آن دو ضرب‌المثل انگلیسی ارائه شده است و از شما خواسته می‌شود تشخیص دهید کدام‌ یک از آن‌ها از نظر کاربرد و معنا بیشترین شباهت را با ضرب‌المثل فارسی داده‌شده دارد.

وظیفه‌ی شما این است که تنها یک گزینه‌ی صحیح را انتخاب کنید. پاسخ شما باید فقط شامل حرف گزینه‌ی درست (الف یا ب) باشد و هیچ متن یا توضیح اضافی ارائه نکنید.

ضرب‌المثل فارسی:
از دیگ خالی، کاسه پر نمی‌شود.

سؤال:
کدام‌ یک از این دو ضرب‌المثل انگلیسی از نظر کاربرد و معنا بیشترین شباهت را با ضرب‌المثل فارسی داده‌شده دارد؟

گزینه‌ها:
الف) You can't get blood from a stone.
ب) A watched pot never boils.","{'الف': 'Equivalent', 'ب': 'Irrelevant'}"
"شما یک مدل زبانی هستید که برای تشخیص معادل معنایی مناسب ضرب‌المثل‌های فارسی در زبان انگلیسی طراحی شده‌اید.

به شما یک ضرب‌المثل فارسی داده می‌شود. سپس یک پرسش دوگزینه‌ای مطرح می‌شود که در آن دو ضرب‌المثل انگلیسی ارائه شده است و از شما خواسته می‌شود تشخیص دهید کدام‌ یک از آن‌ها از نظر کاربرد و معنا بیشترین شباهت را با ضرب‌المثل فارسی داده‌شده دارد.

وظیفه‌ی شما این است که تنها یک گزینه‌ی صحیح را انتخاب کنید. پاسخ شما باید فقط شامل حرف گزینه‌ی درست (الف یا ب) باشد و هیچ متن یا توضیح اضافی ارائه نکنید.

ضرب‌المثل فارسی:
از دیوار راست بالا می‌رود.

سؤال:
کدام‌ یک از این دو ضرب‌المثل انگلیسی از نظر کاربرد و معنا بیشترین شباهت را با ضرب‌المثل فارسی داده‌شده دارد؟

گزینه‌ها:
الف) He's bouncing off the walls.
ب) The writing is on the wall.","{'الف': 'Equivalent', 'ب': 'Irrelevant'}"
"شما یک مدل زبانی هستید که برای تشخیص معادل معنایی مناسب ضرب‌المثل‌های فارسی در زبان انگلیسی طراحی شده‌اید.

به شما یک ضرب‌المثل فارسی داده می‌شود. سپس یک پرسش دوگزینه‌ای مطرح می‌شود که در آن دو ضرب‌المثل انگلیسی ارائه شده است و از شما خواسته می‌شود تشخیص دهید کدام‌ یک از آن‌ها از نظر کاربرد و معنا بیشترین شباهت را با ضرب‌المثل فارسی داده‌شده دارد.

وظیفه‌ی شما این است که تنها یک گزینه‌ی صحیح را انتخاب کنید. پاسخ شما باید فقط شامل حرف گزینه‌ی درست (الف یا ب) باشد و هیچ متن یا توضیح اضافی ارائه نکنید.

ضرب‌المثل فارسی:
از دیوار شکسته، زن سلیطه و سگ درنده باید ترسید.

سؤال:
کدام‌ یک از این دو ضرب‌المثل انگلیسی از نظر کاربرد و معنا بیشترین شباهت را با ضرب‌المثل فارسی داده‌شده دارد؟

گزینه‌ها:
الف) Barking dogs seldom bite.
ب) He who lies down with dogs, rises with fleas.","{'الف': 'Irrelevant', 'ب': 'Equivalent'}"
"شما یک مدل زبانی هستید که برای تشخیص معادل معنایی مناسب ضرب‌المثل‌های فارسی در زبان انگلیسی طراحی شده‌اید.

به شما یک ضرب‌المثل فارسی داده می‌شود. سپس یک پرسش دوگزینه‌ای مطرح می‌شود که در آن دو ضرب‌المثل انگلیسی ارائه شده است و از شما خواسته می‌شود تشخیص دهید کدام‌ یک از آن‌ها از نظر کاربرد و معنا بیشترین شباهت را با ضرب‌المثل فارسی داده‌شده دارد.

وظیفه‌ی شما این است که تنها یک گزینه‌ی صحیح را انتخاب کنید. پاسخ شما باید فقط شامل حرف گزینه‌ی درست (الف یا ب) باشد و هیچ متن یا توضیح اضافی ارائه نکنید.

ضرب‌المثل فارسی:
از سایه خود می‌ترسد.

سؤال:
کدام‌ یک از این دو ضرب‌المثل انگلیسی از نظر کاربرد و معنا بیشترین شباهت را با ضرب‌المثل فارسی داده‌شده دارد؟

گزینه‌ها:
الف) Coming events cast their shadows before.
ب) He is afraid of his own shadow.","{'الف': 'Irrelevant', 'ب': 'Equivalent'}"
"شما یک مدل زبانی هستید که برای تشخیص معادل معنایی مناسب ضرب‌المثل‌های فارسی در زبان انگلیسی طراحی شده‌اید.

به شما یک ضرب‌المثل فارسی داده می‌شود. سپس یک پرسش دوگزینه‌ای مطرح می‌شود که در آن دو ضرب‌المثل انگلیسی ارائه شده است و از شما خواسته می‌شود تشخیص دهید کدام‌ یک از آن‌ها از نظر کاربرد و معنا بیشترین شباهت را با ضرب‌المثل فارسی داده‌شده دارد.

وظیفه‌ی شما این است که تنها یک گزینه‌ی صحیح را انتخاب کنید. پاسخ شما باید فقط شامل حرف گزینه‌ی درست (الف یا ب) باشد و هیچ متن یا توضیح اضافی ارائه نکنید.

ضرب‌المثل فارسی:
از سر تا پایش ارزن بریزند، یک دانه‌اش به زمین نمی‌آید.

سؤال:
کدام‌ یک از این دو ضرب‌المثل انگلیسی از نظر کاربرد و معنا بیشترین شباهت را با ضرب‌المثل فارسی داده‌شده دارد؟

گزینه‌ها:
الف) You could grow potatoes in his ears.
ب) The apple doesn't fall far from the tree.","{'الف': 'Equivalent', 'ب': 'Irrelevant'}"
"شما یک مدل زبانی هستید که برای تشخیص معادل معنایی مناسب ضرب‌المثل‌های فارسی در زبان انگلیسی طراحی شده‌اید.

به شما یک ضرب‌المثل فارسی داده می‌شود. سپس یک پرسش دوگزینه‌ای مطرح می‌شود که در آن دو ضرب‌المثل انگلیسی ارائه شده است و از شما خواسته می‌شود تشخیص دهید کدام‌ یک از آن‌ها از نظر کاربرد و معنا بیشترین شباهت را با ضرب‌المثل فارسی داده‌شده دارد.

وظیفه‌ی شما این است که تنها یک گزینه‌ی صحیح را انتخاب کنید. پاسخ شما باید فقط شامل حرف گزینه‌ی درست (الف یا ب) باشد و هیچ متن یا توضیح اضافی ارائه نکنید.

ضرب‌المثل فارسی:
از سر راه پیدا کرده.

سؤال:
کدام‌ یک از این دو ضرب‌المثل انگلیسی از نظر کاربرد و معنا بیشترین شباهت را با ضرب‌المثل فارسی داده‌شده دارد؟

گزینه‌ها:
الف) Easy come, easy go.
ب) Finders, keepers; losers, weepers.","{'الف': 'Equivalent', 'ب': 'Irrelevant'}"
"شما یک مدل زبانی هستید که برای تشخیص معادل معنایی مناسب ضرب‌المثل‌های فارسی در زبان انگلیسی طراحی شده‌اید.

به شما یک ضرب‌المثل فارسی داده می‌شود. سپس یک پرسش دوگزینه‌ای مطرح می‌شود که در آن دو ضرب‌المثل انگلیسی ارائه شده است و از شما خواسته می‌شود تشخیص دهید کدام‌ یک از آن‌ها از نظر کاربرد و معنا بیشترین شباهت را با ضرب‌المثل فارسی داده‌شده دارد.

وظیفه‌ی شما این است که تنها یک گزینه‌ی صحیح را انتخاب کنید. پاسخ شما باید فقط شامل حرف گزینه‌ی درست (الف یا ب) باشد و هیچ متن یا توضیح اضافی ارائه نکنید.

ضرب‌المثل فارسی:
از سرما مردن، به که پالان خر پوشیدن.

سؤال:
کدام‌ یک از این دو ضرب‌المثل انگلیسی از نظر کاربرد و معنا بیشترین شباهت را با ضرب‌المثل فارسی داده‌شده دارد؟

گزینه‌ها:
الف) Better to die on your feet than live on your knees.
ب) Cut your coat according to your cloth.","{'الف': 'Equivalent', 'ب': 'Irrelevant'}"
"شما یک مدل زبانی هستید که برای تشخیص معادل معنایی مناسب ضرب‌المثل‌های فارسی در زبان انگلیسی طراحی شده‌اید.

به شما یک ضرب‌المثل فارسی داده می‌شود. سپس یک پرسش دوگزینه‌ای مطرح می‌شود که در آن دو ضرب‌المثل انگلیسی ارائه شده است و از شما خواسته می‌شود تشخیص دهید کدام‌ یک از آن‌ها از نظر کاربرد و معنا بیشترین شباهت را با ضرب‌المثل فارسی داده‌شده دارد.

وظیفه‌ی شما این است که تنها یک گزینه‌ی صحیح را انتخاب کنید. پاسخ شما باید فقط شامل حرف گزینه‌ی درست (الف یا ب) باشد و هیچ متن یا توضیح اضافی ارائه نکنید.

ضرب‌المثل فارسی:
از سفره نینداخته، بوی مشک می‌آید.

سؤال:
کدام‌ یک از این دو ضرب‌المثل انگلیسی از نظر کاربرد و معنا بیشترین شباهت را با ضرب‌المثل فارسی داده‌شده دارد؟

گزینه‌ها:
الف) Too many cooks spoil the broth.
ب) The proof of the pudding is in the eating.","{'الف': 'Irrelevant', 'ب': 'Equivalent'}"
"شما یک مدل زبانی هستید که برای تشخیص معادل معنایی مناسب ضرب‌المثل‌های فارسی در زبان انگلیسی طراحی شده‌اید.

به شما یک ضرب‌المثل فارسی داده می‌شود. سپس یک پرسش دوگزینه‌ای مطرح می‌شود که در آن دو ضرب‌المثل انگلیسی ارائه شده است و از شما خواسته می‌شود تشخیص دهید کدام‌ یک از آن‌ها از نظر کاربرد و معنا بیشترین شباهت را با ضرب‌المثل فارسی داده‌شده دارد.

وظیفه‌ی شما این است که تنها یک گزینه‌ی صحیح را انتخاب کنید. پاسخ شما باید فقط شامل حرف گزینه‌ی درست (الف یا ب) باشد و هیچ متن یا توضیح اضافی ارائه نکنید.

ضرب‌المثل فارسی:
از شما عباسی، از ما رقاصی.

سؤال:
کدام‌ یک از این دو ضرب‌المثل انگلیسی از نظر کاربرد و معنا بیشترین شباهت را با ضرب‌المثل فارسی داده‌شده دارد؟

گزینه‌ها:
الف) It takes two to tango.
ب) He who pays the piper calls the tune.","{'الف': 'Irrelevant', 'ب': 'Equivalent'}"
"شما یک مدل زبانی هستید که برای تشخیص معادل معنایی مناسب ضرب‌المثل‌های فارسی در زبان انگلیسی طراحی شده‌اید.

به شما یک ضرب‌المثل فارسی داده می‌شود. سپس یک پرسش دوگزینه‌ای مطرح می‌شود که در آن دو ضرب‌المثل انگلیسی ارائه شده است و از شما خواسته می‌شود تشخیص دهید کدام‌ یک از آن‌ها از نظر کاربرد و معنا بیشترین شباهت را با ضرب‌المثل فارسی داده‌شده دارد.

وظیفه‌ی شما این است که تنها یک گزینه‌ی صحیح را انتخاب کنید. پاسخ شما باید فقط شامل حرف گزینه‌ی درست (الف یا ب) باشد و هیچ متن یا توضیح اضافی ارائه نکنید.

ضرب‌المثل فارسی:
از شیر حمله خوش بود و از غزال، رم.

سؤال:
کدام‌ یک از این دو ضرب‌المثل انگلیسی از نظر کاربرد و معنا بیشترین شباهت را با ضرب‌المثل فارسی داده‌شده دارد؟

گزینه‌ها:
الف) The cobbler should stick to his last.
ب) March comes in like a lion, and goes out like a lamb.","{'الف': 'Equivalent', 'ب': 'Irrelevant'}"
"شما یک مدل زبانی هستید که برای تشخیص معادل معنایی مناسب ضرب‌المثل‌های فارسی در زبان انگلیسی طراحی شده‌اید.

به شما یک ضرب‌المثل فارسی داده می‌شود. سپس یک پرسش دوگزینه‌ای مطرح می‌شود که در آن دو ضرب‌المثل انگلیسی ارائه شده است و از شما خواسته می‌شود تشخیص دهید کدام‌ یک از آن‌ها از نظر کاربرد و معنا بیشترین شباهت را با ضرب‌المثل فارسی داده‌شده دارد.

وظیفه‌ی شما این است که تنها یک گزینه‌ی صحیح را انتخاب کنید. پاسخ شما باید فقط شامل حرف گزینه‌ی درست (الف یا ب) باشد و هیچ متن یا توضیح اضافی ارائه نکنید.

ضرب‌المثل فارسی:
از صبح تا شب می‌چراندش، شب یک گرگ نشانش می‌دهد.

سؤال:
کدام‌ یک از این دو ضرب‌المثل انگلیسی از نظر کاربرد و معنا بیشترین شباهت را با ضرب‌المثل فارسی داده‌شده دارد؟

گزینه‌ها:
الف) To give with one hand and take away with the other.
ب) A wolf in sheep's clothing.","{'الف': 'Equivalent', 'ب': 'Irrelevant'}"
"شما یک مدل زبانی هستید که برای تشخیص معادل معنایی مناسب ضرب‌المثل‌های فارسی در زبان انگلیسی طراحی شده‌اید.

به شما یک ضرب‌المثل فارسی داده می‌شود. سپس یک پرسش دوگزینه‌ای مطرح می‌شود که در آن دو ضرب‌المثل انگلیسی ارائه شده است و از شما خواسته می‌شود تشخیص دهید کدام‌ یک از آن‌ها از نظر کاربرد و معنا بیشترین شباهت را با ضرب‌المثل فارسی داده‌شده دارد.

وظیفه‌ی شما این است که تنها یک گزینه‌ی صحیح را انتخاب کنید. پاسخ شما باید فقط شامل حرف گزینه‌ی درست (الف یا ب) باشد و هیچ متن یا توضیح اضافی ارائه نکنید.

ضرب‌المثل فارسی:
از عرعر خر کسی نترسد.

سؤال:
کدام‌ یک از این دو ضرب‌المثل انگلیسی از نظر کاربرد و معنا بیشترین شباهت را با ضرب‌المثل فارسی داده‌شده دارد؟

گزینه‌ها:
الف) Don't look a gift horse in the mouth.
ب) His bark is worse than his bite.","{'الف': 'Irrelevant', 'ب': 'Equivalent'}"
"شما یک مدل زبانی هستید که برای تشخیص معادل معنایی مناسب ضرب‌المثل‌های فارسی در زبان انگلیسی طراحی شده‌اید.

به شما یک ضرب‌المثل فارسی داده می‌شود. سپس یک پرسش دوگزینه‌ای مطرح می‌شود که در آن دو ضرب‌المثل انگلیسی ارائه شده است و از شما خواسته می‌شود تشخیص دهید کدام‌ یک از آن‌ها از نظر کاربرد و معنا بیشترین شباهت را با ضرب‌المثل فارسی داده‌شده دارد.

وظیفه‌ی شما این است که تنها یک گزینه‌ی صحیح را انتخاب کنید. پاسخ شما باید فقط شامل حرف گزینه‌ی درست (الف یا ب) باشد و هیچ متن یا توضیح اضافی ارائه نکنید.

ضرب‌المثل فارسی:
از فیل گنده‌تر؟ کرگدن!

سؤال:
کدام‌ یک از این دو ضرب‌المثل انگلیسی از نظر کاربرد و معنا بیشترین شباهت را با ضرب‌المثل فارسی داده‌شده دارد؟

گزینه‌ها:
الف) An elephant never forgets.
ب) There's always a bigger fish.","{'الف': 'Irrelevant', 'ب': 'Equivalent'}"
"شما یک مدل زبانی هستید که برای تشخیص معادل معنایی مناسب ضرب‌المثل‌های فارسی در زبان انگلیسی طراحی شده‌اید.

به شما یک ضرب‌المثل فارسی داده می‌شود. سپس یک پرسش دوگزینه‌ای مطرح می‌شود که در آن دو ضرب‌المثل انگلیسی ارائه شده است و از شما خواسته می‌شود تشخیص دهید کدام‌ یک از آن‌ها از نظر کاربرد و معنا بیشترین شباهت را با ضرب‌المثل فارسی داده‌شده دارد.

وظیفه‌ی شما این است که تنها یک گزینه‌ی صحیح را انتخاب کنید. پاسخ شما باید فقط شامل حرف گزینه‌ی درست (الف یا ب) باشد و هیچ متن یا توضیح اضافی ارائه نکنید.

ضرب‌المثل فارسی:
از قضا، سرکنگبین صفرا فزود.

سؤال:
کدام‌ یک از این دو ضرب‌المثل انگلیسی از نظر کاربرد و معنا بیشترین شباهت را با ضرب‌المثل فارسی داده‌شده دارد؟

گزینه‌ها:
الف) The cure was worse than the disease.
ب) A spoonful of sugar helps the medicine go down.","{'الف': 'Equivalent', 'ب': 'Irrelevant'}"
"شما یک مدل زبانی هستید که برای تشخیص معادل معنایی مناسب ضرب‌المثل‌های فارسی در زبان انگلیسی طراحی شده‌اید.

به شما یک ضرب‌المثل فارسی داده می‌شود. سپس یک پرسش دوگزینه‌ای مطرح می‌شود که در آن دو ضرب‌المثل انگلیسی ارائه شده است و از شما خواسته می‌شود تشخیص دهید کدام‌ یک از آن‌ها از نظر کاربرد و معنا بیشترین شباهت را با ضرب‌المثل فارسی داده‌شده دارد.

وظیفه‌ی شما این است که تنها یک گزینه‌ی صحیح را انتخاب کنید. پاسخ شما باید فقط شامل حرف گزینه‌ی درست (الف یا ب) باشد و هیچ متن یا توضیح اضافی ارائه نکنید.

ضرب‌المثل فارسی:
از قفس مرغ به هر جا که رود، بوستان است.

سؤال:
کدام‌ یک از این دو ضرب‌المثل انگلیسی از نظر کاربرد و معنا بیشترین شباهت را با ضرب‌المثل فارسی داده‌شده دارد؟

گزینه‌ها:
الف) A bird in the hand is worth two in the bush.
ب) Any port in a storm.","{'الف': 'Irrelevant', 'ب': 'Equivalent'}"
"شما یک مدل زبانی هستید که برای تشخیص معادل معنایی مناسب ضرب‌المثل‌های فارسی در زبان انگلیسی طراحی شده‌اید.

به شما یک ضرب‌المثل فارسی داده می‌شود. سپس یک پرسش دوگزینه‌ای مطرح می‌شود که در آن دو ضرب‌المثل انگلیسی ارائه شده است و از شما خواسته می‌شود تشخیص دهید کدام‌ یک از آن‌ها از نظر کاربرد و معنا بیشترین شباهت را با ضرب‌المثل فارسی داده‌شده دارد.

وظیفه‌ی شما این است که تنها یک گزینه‌ی صحیح را انتخاب کنید. پاسخ شما باید فقط شامل حرف گزینه‌ی درست (الف یا ب) باشد و هیچ متن یا توضیح اضافی ارائه نکنید.

ضرب‌المثل فارسی:
از گدا چه یک نان بگیرند، چه یک نان به او بدهند.

سؤال:
کدام‌ یک از این دو ضرب‌المثل انگلیسی از نظر کاربرد و معنا بیشترین شباهت را با ضرب‌المثل فارسی داده‌شده دارد؟

گزینه‌ها:
الف) Beggars can't be choosers.
ب) A drop in the bucket.","{'الف': 'Irrelevant', 'ب': 'Equivalent'}"
"شما یک مدل زبانی هستید که برای تشخیص معادل معنایی مناسب ضرب‌المثل‌های فارسی در زبان انگلیسی طراحی شده‌اید.

به شما یک ضرب‌المثل فارسی داده می‌شود. سپس یک پرسش دوگزینه‌ای مطرح می‌شود که در آن دو ضرب‌المثل انگلیسی ارائه شده است و از شما خواسته می‌شود تشخیص دهید کدام‌ یک از آن‌ها از نظر کاربرد و معنا بیشترین شباهت را با ضرب‌المثل فارسی داده‌شده دارد.

وظیفه‌ی شما این است که تنها یک گزینه‌ی صحیح را انتخاب کنید. پاسخ شما باید فقط شامل حرف گزینه‌ی درست (الف یا ب) باشد و هیچ متن یا توضیح اضافی ارائه نکنید.

ضرب‌المثل فارسی:
از ما؟ به ما؟

سؤال:
کدام‌ یک از این دو ضرب‌المثل انگلیسی از نظر کاربرد و معنا بیشترین شباهت را با ضرب‌المثل فارسی داده‌شده دارد؟

گزینه‌ها:
الف) What goes around, comes around.
ب) Don't teach your grandmother to suck eggs.","{'الف': 'Irrelevant', 'ب': 'Equivalent'}"
"شما یک مدل زبانی هستید که برای تشخیص معادل معنایی مناسب ضرب‌المثل‌های فارسی در زبان انگلیسی طراحی شده‌اید.

به شما یک ضرب‌المثل فارسی داده می‌شود. سپس یک پرسش دوگزینه‌ای مطرح می‌شود که در آن دو ضرب‌المثل انگلیسی ارائه شده است و از شما خواسته می‌شود تشخیص دهید کدام‌ یک از آن‌ها از نظر کاربرد و معنا بیشترین شباهت را با ضرب‌المثل فارسی داده‌شده دارد.

وظیفه‌ی شما این است که تنها یک گزینه‌ی صحیح را انتخاب کنید. پاسخ شما باید فقط شامل حرف گزینه‌ی درست (الف یا ب) باشد و هیچ متن یا توضیح اضافی ارائه نکنید.

ضرب‌المثل فارسی:
از ماست که برماست!

سؤال:
کدام‌ یک از این دو ضرب‌المثل انگلیسی از نظر کاربرد و معنا بیشترین شباهت را با ضرب‌المثل فارسی داده‌شده دارد؟

گزینه‌ها:
الف) You reap what you sow.
ب) Don't cry over spilt milk.","{'الف': 'Equivalent', 'ب': 'Irrelevant'}"
"شما یک مدل زبانی هستید که برای تشخیص معادل معنایی مناسب ضرب‌المثل‌های فارسی در زبان انگلیسی طراحی شده‌اید.

به شما یک ضرب‌المثل فارسی داده می‌شود. سپس یک پرسش دوگزینه‌ای مطرح می‌شود که در آن دو ضرب‌المثل انگلیسی ارائه شده است و از شما خواسته می‌شود تشخیص دهید کدام‌ یک از آن‌ها از نظر کاربرد و معنا بیشترین شباهت را با ضرب‌المثل فارسی داده‌شده دارد.

وظیفه‌ی شما این است که تنها یک گزینه‌ی صحیح را انتخاب کنید. پاسخ شما باید فقط شامل حرف گزینه‌ی درست (الف یا ب) باشد و هیچ متن یا توضیح اضافی ارائه نکنید.

ضرب‌المثل فارسی:
از محبت خارها گل می‌شود.

سؤال:
کدام‌ یک از این دو ضرب‌المثل انگلیسی از نظر کاربرد و معنا بیشترین شباهت را با ضرب‌المثل فارسی داده‌شده دارد؟

گزینه‌ها:
الف) You can catch more flies with honey than with vinegar.
ب) Every rose has its thorn.","{'الف': 'Equivalent', 'ب': 'Irrelevant'}"
"شما یک مدل زبانی هستید که برای تشخیص معادل معنایی مناسب ضرب‌المثل‌های فارسی در زبان انگلیسی طراحی شده‌اید.

به شما یک ضرب‌المثل فارسی داده می‌شود. سپس یک پرسش دوگزینه‌ای مطرح می‌شود که در آن دو ضرب‌المثل انگلیسی ارائه شده است و از شما خواسته می‌شود تشخیص دهید کدام‌ یک از آن‌ها از نظر کاربرد و معنا بیشترین شباهت را با ضرب‌المثل فارسی داده‌شده دارد.

وظیفه‌ی شما این است که تنها یک گزینه‌ی صحیح را انتخاب کنید. پاسخ شما باید فقط شامل حرف گزینه‌ی درست (الف یا ب) باشد و هیچ متن یا توضیح اضافی ارائه نکنید.

ضرب‌المثل فارسی:
از مسگری قر دادن را یاد گرفته.

سؤال:
کدام‌ یک از این دو ضرب‌المثل انگلیسی از نظر کاربرد و معنا بیشترین شباهت را با ضرب‌المثل فارسی داده‌شده دارد؟

گزینه‌ها:
الف) Strike while the iron is hot.
ب) All hat and no cattle.","{'الف': 'Irrelevant', 'ب': 'Equivalent'}"
"شما یک مدل زبانی هستید که برای تشخیص معادل معنایی مناسب ضرب‌المثل‌های فارسی در زبان انگلیسی طراحی شده‌اید.

به شما یک ضرب‌المثل فارسی داده می‌شود. سپس یک پرسش دوگزینه‌ای مطرح می‌شود که در آن دو ضرب‌المثل انگلیسی ارائه شده است و از شما خواسته می‌شود تشخیص دهید کدام‌ یک از آن‌ها از نظر کاربرد و معنا بیشترین شباهت را با ضرب‌المثل فارسی داده‌شده دارد.

وظیفه‌ی شما این است که تنها یک گزینه‌ی صحیح را انتخاب کنید. پاسخ شما باید فقط شامل حرف گزینه‌ی درست (الف یا ب) باشد و هیچ متن یا توضیح اضافی ارائه نکنید.

ضرب‌المثل فارسی:
از منبر پایین نیامدن.

سؤال:
کدام‌ یک از این دو ضرب‌المثل انگلیسی از نظر کاربرد و معنا بیشترین شباهت را با ضرب‌المثل فارسی داده‌شده دارد؟

گزینه‌ها:
الف) What goes up must come down.
ب) To get on one's soapbox.","{'الف': 'Irrelevant', 'ب': 'Equivalent'}"
"شما یک مدل زبانی هستید که برای تشخیص معادل معنایی مناسب ضرب‌المثل‌های فارسی در زبان انگلیسی طراحی شده‌اید.

به شما یک ضرب‌المثل فارسی داده می‌شود. سپس یک پرسش دوگزینه‌ای مطرح می‌شود که در آن دو ضرب‌المثل انگلیسی ارائه شده است و از شما خواسته می‌شود تشخیص دهید کدام‌ یک از آن‌ها از نظر کاربرد و معنا بیشترین شباهت را با ضرب‌المثل فارسی داده‌شده دارد.

وظیفه‌ی شما این است که تنها یک گزینه‌ی صحیح را انتخاب کنید. پاسخ شما باید فقط شامل حرف گزینه‌ی درست (الف یا ب) باشد و هیچ متن یا توضیح اضافی ارائه نکنید.

ضرب‌المثل فارسی:
از نمی‌خوام نمی‌خوام و نمی‌خورم نمی‌خورم، بترس.

سؤال:
کدام‌ یک از این دو ضرب‌المثل انگلیسی از نظر کاربرد و معنا بیشترین شباهت را با ضرب‌المثل فارسی داده‌شده دارد؟

گزینه‌ها:
الف) The lady doth protest too much, methinks.
ب) You can lead a horse to water, but you can't make it drink.","{'الف': 'Equivalent', 'ب': 'Irrelevant'}"
"شما یک مدل زبانی هستید که برای تشخیص معادل معنایی مناسب ضرب‌المثل‌های فارسی در زبان انگلیسی طراحی شده‌اید.

به شما یک ضرب‌المثل فارسی داده می‌شود. سپس یک پرسش دوگزینه‌ای مطرح می‌شود که در آن دو ضرب‌المثل انگلیسی ارائه شده است و از شما خواسته می‌شود تشخیص دهید کدام‌ یک از آن‌ها از نظر کاربرد و معنا بیشترین شباهت را با ضرب‌المثل فارسی داده‌شده دارد.

وظیفه‌ی شما این است که تنها یک گزینه‌ی صحیح را انتخاب کنید. پاسخ شما باید فقط شامل حرف گزینه‌ی درست (الف یا ب) باشد و هیچ متن یا توضیح اضافی ارائه نکنید.

ضرب‌المثل فارسی:
از نی بوریا شکر نخوری.

سؤال:
کدام‌ یک از این دو ضرب‌المثل انگلیسی از نظر کاربرد و معنا بیشترین شباهت را با ضرب‌المثل فارسی داده‌شده دارد؟

گزینه‌ها:
الف) You can't get blood out of a stone.
ب) As you sow, so shall you reap.","{'الف': 'Equivalent', 'ب': 'Irrelevant'}"
"شما یک مدل زبانی هستید که برای تشخیص معادل معنایی مناسب ضرب‌المثل‌های فارسی در زبان انگلیسی طراحی شده‌اید.

به شما یک ضرب‌المثل فارسی داده می‌شود. سپس یک پرسش دوگزینه‌ای مطرح می‌شود که در آن دو ضرب‌المثل انگلیسی ارائه شده است و از شما خواسته می‌شود تشخیص دهید کدام‌ یک از آن‌ها از نظر کاربرد و معنا بیشترین شباهت را با ضرب‌المثل فارسی داده‌شده دارد.

وظیفه‌ی شما این است که تنها یک گزینه‌ی صحیح را انتخاب کنید. پاسخ شما باید فقط شامل حرف گزینه‌ی درست (الف یا ب) باشد و هیچ متن یا توضیح اضافی ارائه نکنید.

ضرب‌المثل فارسی:
از هر انگشتش هفت هنر می‌بارد.

سؤال:
کدام‌ یک از این دو ضرب‌المثل انگلیسی از نظر کاربرد و معنا بیشترین شباهت را با ضرب‌المثل فارسی داده‌شده دارد؟

گزینه‌ها:
الف) It never rains but it pours.
ب) He has many strings to his bow.","{'الف': 'Irrelevant', 'ب': 'Equivalent'}"
"شما یک مدل زبانی هستید که برای تشخیص معادل معنایی مناسب ضرب‌المثل‌های فارسی در زبان انگلیسی طراحی شده‌اید.

به شما یک ضرب‌المثل فارسی داده می‌شود. سپس یک پرسش دوگزینه‌ای مطرح می‌شود که در آن دو ضرب‌المثل انگلیسی ارائه شده است و از شما خواسته می‌شود تشخیص دهید کدام‌ یک از آن‌ها از نظر کاربرد و معنا بیشترین شباهت را با ضرب‌المثل فارسی داده‌شده دارد.

وظیفه‌ی شما این است که تنها یک گزینه‌ی صحیح را انتخاب کنید. پاسخ شما باید فقط شامل حرف گزینه‌ی درست (الف یا ب) باشد و هیچ متن یا توضیح اضافی ارائه نکنید.

ضرب‌المثل فارسی:
از هر چمن گلی می‌چیند.

سؤال:
کدام‌ یک از این دو ضرب‌المثل انگلیسی از نظر کاربرد و معنا بیشترین شباهت را با ضرب‌المثل فارسی داده‌شده دارد؟

گزینه‌ها:
الف) Variety is the spice of life.
ب) Stop and smell the roses.","{'الف': 'Equivalent', 'ب': 'Irrelevant'}"
"شما یک مدل زبانی هستید که برای تشخیص معادل معنایی مناسب ضرب‌المثل‌های فارسی در زبان انگلیسی طراحی شده‌اید.

به شما یک ضرب‌المثل فارسی داده می‌شود. سپس یک پرسش دوگزینه‌ای مطرح می‌شود که در آن دو ضرب‌المثل انگلیسی ارائه شده است و از شما خواسته می‌شود تشخیص دهید کدام‌ یک از آن‌ها از نظر کاربرد و معنا بیشترین شباهت را با ضرب‌المثل فارسی داده‌شده دارد.

وظیفه‌ی شما این است که تنها یک گزینه‌ی صحیح را انتخاب کنید. پاسخ شما باید فقط شامل حرف گزینه‌ی درست (الف یا ب) باشد و هیچ متن یا توضیح اضافی ارائه نکنید.

ضرب‌المثل فارسی:
از هر دست که بدهی، از همان دست پس می‌گیری.

سؤال:
کدام‌ یک از این دو ضرب‌المثل انگلیسی از نظر کاربرد و معنا بیشترین شباهت را با ضرب‌المثل فارسی داده‌شده دارد؟

گزینه‌ها:
الف) One hand washes the other.
ب) What goes around, comes around.","{'الف': 'Irrelevant', 'ب': 'Equivalent'}"
"شما یک مدل زبانی هستید که برای تشخیص معادل معنایی مناسب ضرب‌المثل‌های فارسی در زبان انگلیسی طراحی شده‌اید.

به شما یک ضرب‌المثل فارسی داده می‌شود. سپس یک پرسش دوگزینه‌ای مطرح می‌شود که در آن دو ضرب‌المثل انگلیسی ارائه شده است و از شما خواسته می‌شود تشخیص دهید کدام‌ یک از آن‌ها از نظر کاربرد و معنا بیشترین شباهت را با ضرب‌المثل فارسی داده‌شده دارد.

وظیفه‌ی شما این است که تنها یک گزینه‌ی صحیح را انتخاب کنید. پاسخ شما باید فقط شامل حرف گزینه‌ی درست (الف یا ب) باشد و هیچ متن یا توضیح اضافی ارائه نکنید.

ضرب‌المثل فارسی:
از هفت خوان رستم گذشتن.

سؤال:
کدام‌ یک از این دو ضرب‌المثل انگلیسی از نظر کاربرد و معنا بیشترین شباهت را با ضرب‌المثل فارسی داده‌شده دارد؟

گزینه‌ها:
الف) To go through fire and water.
ب) At sixes and sevens.","{'الف': 'Equivalent', 'ب': 'Irrelevant'}"
"شما یک مدل زبانی هستید که برای تشخیص معادل معنایی مناسب ضرب‌المثل‌های فارسی در زبان انگلیسی طراحی شده‌اید.

به شما یک ضرب‌المثل فارسی داده می‌شود. سپس یک پرسش دوگزینه‌ای مطرح می‌شود که در آن دو ضرب‌المثل انگلیسی ارائه شده است و از شما خواسته می‌شود تشخیص دهید کدام‌ یک از آن‌ها از نظر کاربرد و معنا بیشترین شباهت را با ضرب‌المثل فارسی داده‌شده دارد.

وظیفه‌ی شما این است که تنها یک گزینه‌ی صحیح را انتخاب کنید. پاسخ شما باید فقط شامل حرف گزینه‌ی درست (الف یا ب) باشد و هیچ متن یا توضیح اضافی ارائه نکنید.

ضرب‌المثل فارسی:
از هول حلیم توی دیگ افتادن.

سؤال:
کدام‌ یک از این دو ضرب‌المثل انگلیسی از نظر کاربرد و معنا بیشترین شباهت را با ضرب‌المثل فارسی داده‌شده دارد؟

گزینه‌ها:
الف) Out of the frying pan and into the fire.
ب) Haste makes waste.","{'الف': 'Irrelevant', 'ب': 'Equivalent'}"
"شما یک مدل زبانی هستید که برای تشخیص معادل معنایی مناسب ضرب‌المثل‌های فارسی در زبان انگلیسی طراحی شده‌اید.

به شما یک ضرب‌المثل فارسی داده می‌شود. سپس یک پرسش دوگزینه‌ای مطرح می‌شود که در آن دو ضرب‌المثل انگلیسی ارائه شده است و از شما خواسته می‌شود تشخیص دهید کدام‌ یک از آن‌ها از نظر کاربرد و معنا بیشترین شباهت را با ضرب‌المثل فارسی داده‌شده دارد.

وظیفه‌ی شما این است که تنها یک گزینه‌ی صحیح را انتخاب کنید. پاسخ شما باید فقط شامل حرف گزینه‌ی درست (الف یا ب) باشد و هیچ متن یا توضیح اضافی ارائه نکنید.

ضرب‌المثل فارسی:
اسب تیزرو هم گاهی سکندری می‌خورد.

سؤال:
کدام‌ یک از این دو ضرب‌المثل انگلیسی از نظر کاربرد و معنا بیشترین شباهت را با ضرب‌المثل فارسی داده‌شده دارد؟

گزینه‌ها:
الف) Even Homer sometimes nods.
ب) You can lead a horse to water, but you can't make it drink.","{'الف': 'Equivalent', 'ب': 'Irrelevant'}"
"شما یک مدل زبانی هستید که برای تشخیص معادل معنایی مناسب ضرب‌المثل‌های فارسی در زبان انگلیسی طراحی شده‌اید.

به شما یک ضرب‌المثل فارسی داده می‌شود. سپس یک پرسش دوگزینه‌ای مطرح می‌شود که در آن دو ضرب‌المثل انگلیسی ارائه شده است و از شما خواسته می‌شود تشخیص دهید کدام‌ یک از آن‌ها از نظر کاربرد و معنا بیشترین شباهت را با ضرب‌المثل فارسی داده‌شده دارد.

وظیفه‌ی شما این است که تنها یک گزینه‌ی صحیح را انتخاب کنید. پاسخ شما باید فقط شامل حرف گزینه‌ی درست (الف یا ب) باشد و هیچ متن یا توضیح اضافی ارائه نکنید.

ضرب‌المثل فارسی:
استخوان لای زخم گذاشتن!

سؤال:
کدام‌ یک از این دو ضرب‌المثل انگلیسی از نظر کاربرد و معنا بیشترین شباهت را با ضرب‌المثل فارسی داده‌شده دارد؟

گزینه‌ها:
الف) To rub salt in the wound.
ب) To throw a spanner in the works.","{'الف': 'Irrelevant', 'ب': 'Equivalent'}"
"شما یک مدل زبانی هستید که برای تشخیص معادل معنایی مناسب ضرب‌المثل‌های فارسی در زبان انگلیسی طراحی شده‌اید.

به شما یک ضرب‌المثل فارسی داده می‌شود. سپس یک پرسش دوگزینه‌ای مطرح می‌شود که در آن دو ضرب‌المثل انگلیسی ارائه شده است و از شما خواسته می‌شود تشخیص دهید کدام‌ یک از آن‌ها از نظر کاربرد و معنا بیشترین شباهت را با ضرب‌المثل فارسی داده‌شده دارد.

وظیفه‌ی شما این است که تنها یک گزینه‌ی صحیح را انتخاب کنید. پاسخ شما باید فقط شامل حرف گزینه‌ی درست (الف یا ب) باشد و هیچ متن یا توضیح اضافی ارائه نکنید.

ضرب‌المثل فارسی:
اسکندر شاخ دارد.

سؤال:
کدام‌ یک از این دو ضرب‌المثل انگلیسی از نظر کاربرد و معنا بیشترین شباهت را با ضرب‌المثل فارسی داده‌شده دارد؟

گزینه‌ها:
الف) The leopard cannot change its spots.
ب) Three may keep a secret, if two of them are dead.","{'الف': 'Irrelevant', 'ب': 'Equivalent'}"
"شما یک مدل زبانی هستید که برای تشخیص معادل معنایی مناسب ضرب‌المثل‌های فارسی در زبان انگلیسی طراحی شده‌اید.

به شما یک ضرب‌المثل فارسی داده می‌شود. سپس یک پرسش دوگزینه‌ای مطرح می‌شود که در آن دو ضرب‌المثل انگلیسی ارائه شده است و از شما خواسته می‌شود تشخیص دهید کدام‌ یک از آن‌ها از نظر کاربرد و معنا بیشترین شباهت را با ضرب‌المثل فارسی داده‌شده دارد.

وظیفه‌ی شما این است که تنها یک گزینه‌ی صحیح را انتخاب کنید. پاسخ شما باید فقط شامل حرف گزینه‌ی درست (الف یا ب) باشد و هیچ متن یا توضیح اضافی ارائه نکنید.

ضرب‌المثل فارسی:
اشتباه از هندوستان برمی‌گردد.

سؤال:
کدام‌ یک از این دو ضرب‌المثل انگلیسی از نظر کاربرد و معنا بیشترین شباهت را با ضرب‌المثل فارسی داده‌شده دارد؟

گزینه‌ها:
الف) It's never too late to mend.
ب) The road to hell is paved with good intentions.","{'الف': 'Equivalent', 'ب': 'Irrelevant'}"
"شما یک مدل زبانی هستید که برای تشخیص معادل معنایی مناسب ضرب‌المثل‌های فارسی در زبان انگلیسی طراحی شده‌اید.

به شما یک ضرب‌المثل فارسی داده می‌شود. سپس یک پرسش دوگزینه‌ای مطرح می‌شود که در آن دو ضرب‌المثل انگلیسی ارائه شده است و از شما خواسته می‌شود تشخیص دهید کدام‌ یک از آن‌ها از نظر کاربرد و معنا بیشترین شباهت را با ضرب‌المثل فارسی داده‌شده دارد.

وظیفه‌ی شما این است که تنها یک گزینه‌ی صحیح را انتخاب کنید. پاسخ شما باید فقط شامل حرف گزینه‌ی درست (الف یا ب) باشد و هیچ متن یا توضیح اضافی ارائه نکنید.

ضرب‌المثل فارسی:
اشتباه در کوزه عسل است.

سؤال:
کدام‌ یک از این دو ضرب‌المثل انگلیسی از نظر کاربرد و معنا بیشترین شباهت را با ضرب‌المثل فارسی داده‌شده دارد؟

گزینه‌ها:
الف) To be hoist with one's own petard.
ب) You can catch more flies with honey than with vinegar.","{'الف': 'Equivalent', 'ب': 'Irrelevant'}"
"شما یک مدل زبانی هستید که برای تشخیص معادل معنایی مناسب ضرب‌المثل‌های فارسی در زبان انگلیسی طراحی شده‌اید.

به شما یک ضرب‌المثل فارسی داده می‌شود. سپس یک پرسش دوگزینه‌ای مطرح می‌شود که در آن دو ضرب‌المثل انگلیسی ارائه شده است و از شما خواسته می‌شود تشخیص دهید کدام‌ یک از آن‌ها از نظر کاربرد و معنا بیشترین شباهت را با ضرب‌المثل فارسی داده‌شده دارد.

وظیفه‌ی شما این است که تنها یک گزینه‌ی صحیح را انتخاب کنید. پاسخ شما باید فقط شامل حرف گزینه‌ی درست (الف یا ب) باشد و هیچ متن یا توضیح اضافی ارائه نکنید.

ضرب‌المثل فارسی:
اشتهايم پس رفت!

سؤال:
کدام‌ یک از این دو ضرب‌المثل انگلیسی از نظر کاربرد و معنا بیشترین شباهت را با ضرب‌المثل فارسی داده‌شده دارد؟

گزینه‌ها:
الف) My heart is not in it anymore.
ب) The proof of the pudding is in the eating.","{'الف': 'Equivalent', 'ب': 'Irrelevant'}"
"شما یک مدل زبانی هستید که برای تشخیص معادل معنایی مناسب ضرب‌المثل‌های فارسی در زبان انگلیسی طراحی شده‌اید.

به شما یک ضرب‌المثل فارسی داده می‌شود. سپس یک پرسش دوگزینه‌ای مطرح می‌شود که در آن دو ضرب‌المثل انگلیسی ارائه شده است و از شما خواسته می‌شود تشخیص دهید کدام‌ یک از آن‌ها از نظر کاربرد و معنا بیشترین شباهت را با ضرب‌المثل فارسی داده‌شده دارد.

وظیفه‌ی شما این است که تنها یک گزینه‌ی صحیح را انتخاب کنید. پاسخ شما باید فقط شامل حرف گزینه‌ی درست (الف یا ب) باشد و هیچ متن یا توضیح اضافی ارائه نکنید.

ضرب‌المثل فارسی:
اشک تمساح می‌ریزد.

سؤال:
کدام‌ یک از این دو ضرب‌المثل انگلیسی از نظر کاربرد و معنا بیشترین شباهت را با ضرب‌المثل فارسی داده‌شده دارد؟

گزینه‌ها:
الف) See you later, alligator. In a while, crocodile.
ب) To shed crocodile tears.","{'الف': 'Irrelevant', 'ب': 'Equivalent'}"
"شما یک مدل زبانی هستید که برای تشخیص معادل معنایی مناسب ضرب‌المثل‌های فارسی در زبان انگلیسی طراحی شده‌اید.

به شما یک ضرب‌المثل فارسی داده می‌شود. سپس یک پرسش دوگزینه‌ای مطرح می‌شود که در آن دو ضرب‌المثل انگلیسی ارائه شده است و از شما خواسته می‌شود تشخیص دهید کدام‌ یک از آن‌ها از نظر کاربرد و معنا بیشترین شباهت را با ضرب‌المثل فارسی داده‌شده دارد.

وظیفه‌ی شما این است که تنها یک گزینه‌ی صحیح را انتخاب کنید. پاسخ شما باید فقط شامل حرف گزینه‌ی درست (الف یا ب) باشد و هیچ متن یا توضیح اضافی ارائه نکنید.

ضرب‌المثل فارسی:
اطلس کهنه می‌شود، اما پاتابه نمی‌شود.

سؤال:
کدام‌ یک از این دو ضرب‌المثل انگلیسی از نظر کاربرد و معنا بیشترین شباهت را با ضرب‌المثل فارسی داده‌شده دارد؟

گزینه‌ها:
الف) You can't make a silk purse out of a sow's ear.
ب) Form is temporary, class is permanent.","{'الف': 'Irrelevant', 'ب': 'Equivalent'}"
"شما یک مدل زبانی هستید که برای تشخیص معادل معنایی مناسب ضرب‌المثل‌های فارسی در زبان انگلیسی طراحی شده‌اید.

به شما یک ضرب‌المثل فارسی داده می‌شود. سپس یک پرسش دوگزینه‌ای مطرح می‌شود که در آن دو ضرب‌المثل انگلیسی ارائه شده است و از شما خواسته می‌شود تشخیص دهید کدام‌ یک از آن‌ها از نظر کاربرد و معنا بیشترین شباهت را با ضرب‌المثل فارسی داده‌شده دارد.

وظیفه‌ی شما این است که تنها یک گزینه‌ی صحیح را انتخاب کنید. پاسخ شما باید فقط شامل حرف گزینه‌ی درست (الف یا ب) باشد و هیچ متن یا توضیح اضافی ارائه نکنید.

ضرب‌المثل فارسی:
اقبال همیشه در خانه آدم را می‌زند؛ یکی می‌شناسدش، یکی ردّش می‌کند.

سؤال:
کدام‌ یک از این دو ضرب‌المثل انگلیسی از نظر کاربرد و معنا بیشترین شباهت را با ضرب‌المثل فارسی داده‌شده دارد؟

گزینه‌ها:
الف) When opportunity knocks, open the door.
ب) When one door closes, another opens.","{'الف': 'Equivalent', 'ب': 'Irrelevant'}"
"شما یک مدل زبانی هستید که برای تشخیص معادل معنایی مناسب ضرب‌المثل‌های فارسی در زبان انگلیسی طراحی شده‌اید.

به شما یک ضرب‌المثل فارسی داده می‌شود. سپس یک پرسش دوگزینه‌ای مطرح می‌شود که در آن دو ضرب‌المثل انگلیسی ارائه شده است و از شما خواسته می‌شود تشخیص دهید کدام‌ یک از آن‌ها از نظر کاربرد و معنا بیشترین شباهت را با ضرب‌المثل فارسی داده‌شده دارد.

وظیفه‌ی شما این است که تنها یک گزینه‌ی صحیح را انتخاب کنید. پاسخ شما باید فقط شامل حرف گزینه‌ی درست (الف یا ب) باشد و هیچ متن یا توضیح اضافی ارائه نکنید.

ضرب‌المثل فارسی:
اگر آب قوّت داشت، قورباغه نهنگ می‌شد.

سؤال:
کدام‌ یک از این دو ضرب‌المثل انگلیسی از نظر کاربرد و معنا بیشترین شباهت را با ضرب‌المثل فارسی داده‌شده دارد؟

گزینه‌ها:
الف) A big fish in a small pond.
ب) You can't get blood from a stone.","{'الف': 'Irrelevant', 'ب': 'Equivalent'}"
"شما یک مدل زبانی هستید که برای تشخیص معادل معنایی مناسب ضرب‌المثل‌های فارسی در زبان انگلیسی طراحی شده‌اید.

به شما یک ضرب‌المثل فارسی داده می‌شود. سپس یک پرسش دوگزینه‌ای مطرح می‌شود که در آن دو ضرب‌المثل انگلیسی ارائه شده است و از شما خواسته می‌شود تشخیص دهید کدام‌ یک از آن‌ها از نظر کاربرد و معنا بیشترین شباهت را با ضرب‌المثل فارسی داده‌شده دارد.

وظیفه‌ی شما این است که تنها یک گزینه‌ی صحیح را انتخاب کنید. پاسخ شما باید فقط شامل حرف گزینه‌ی درست (الف یا ب) باشد و هیچ متن یا توضیح اضافی ارائه نکنید.

ضرب‌المثل فارسی:
اگر این طور بشود، اسمم را عوض می‌کنم.

سؤال:
کدام‌ یک از این دو ضرب‌المثل انگلیسی از نظر کاربرد و معنا بیشترین شباهت را با ضرب‌المثل فارسی داده‌شده دارد؟

گزینه‌ها:
الف) I'll eat my hat.
ب) Give a dog a bad name and hang him.","{'الف': 'Equivalent', 'ب': 'Irrelevant'}"
"شما یک مدل زبانی هستید که برای تشخیص معادل معنایی مناسب ضرب‌المثل‌های فارسی در زبان انگلیسی طراحی شده‌اید.

به شما یک ضرب‌المثل فارسی داده می‌شود. سپس یک پرسش دوگزینه‌ای مطرح می‌شود که در آن دو ضرب‌المثل انگلیسی ارائه شده است و از شما خواسته می‌شود تشخیص دهید کدام‌ یک از آن‌ها از نظر کاربرد و معنا بیشترین شباهت را با ضرب‌المثل فارسی داده‌شده دارد.

وظیفه‌ی شما این است که تنها یک گزینه‌ی صحیح را انتخاب کنید. پاسخ شما باید فقط شامل حرف گزینه‌ی درست (الف یا ب) باشد و هیچ متن یا توضیح اضافی ارائه نکنید.

ضرب‌المثل فارسی:
اگر بد روضه خواندم، گریه نکن.

سؤال:
کدام‌ یک از این دو ضرب‌المثل انگلیسی از نظر کاربرد و معنا بیشترین شباهت را با ضرب‌المثل فارسی داده‌شده دارد؟

گزینه‌ها:
الف) The proof of the pudding is in the eating.
ب) It's no use crying over spilt milk.","{'الف': 'Equivalent', 'ب': 'Irrelevant'}"
"شما یک مدل زبانی هستید که برای تشخیص معادل معنایی مناسب ضرب‌المثل‌های فارسی در زبان انگلیسی طراحی شده‌اید.

به شما یک ضرب‌المثل فارسی داده می‌شود. سپس یک پرسش دوگزینه‌ای مطرح می‌شود که در آن دو ضرب‌المثل انگلیسی ارائه شده است و از شما خواسته می‌شود تشخیص دهید کدام‌ یک از آن‌ها از نظر کاربرد و معنا بیشترین شباهت را با ضرب‌المثل فارسی داده‌شده دارد.

وظیفه‌ی شما این است که تنها یک گزینه‌ی صحیح را انتخاب کنید. پاسخ شما باید فقط شامل حرف گزینه‌ی درست (الف یا ب) باشد و هیچ متن یا توضیح اضافی ارائه نکنید.

ضرب‌المثل فارسی:
اگر برای خداست، چه به اسم تو، چه به اسم کل عباس!

سؤال:
کدام‌ یک از این دو ضرب‌المثل انگلیسی از نظر کاربرد و معنا بیشترین شباهت را با ضرب‌المثل فارسی داده‌شده دارد؟

گزینه‌ها:
الف) God helps those who help themselves.
ب) Virtue is its own reward.","{'الف': 'Irrelevant', 'ب': 'Equivalent'}"
"شما یک مدل زبانی هستید که برای تشخیص معادل معنایی مناسب ضرب‌المثل‌های فارسی در زبان انگلیسی طراحی شده‌اید.

به شما یک ضرب‌المثل فارسی داده می‌شود. سپس یک پرسش دوگزینه‌ای مطرح می‌شود که در آن دو ضرب‌المثل انگلیسی ارائه شده است و از شما خواسته می‌شود تشخیص دهید کدام‌ یک از آن‌ها از نظر کاربرد و معنا بیشترین شباهت را با ضرب‌المثل فارسی داده‌شده دارد.

وظیفه‌ی شما این است که تنها یک گزینه‌ی صحیح را انتخاب کنید. پاسخ شما باید فقط شامل حرف گزینه‌ی درست (الف یا ب) باشد و هیچ متن یا توضیح اضافی ارائه نکنید.

ضرب‌المثل فارسی:
اگر بشود، چی می‌شود!

سؤال:
کدام‌ یک از این دو ضرب‌المثل انگلیسی از نظر کاربرد و معنا بیشترین شباهت را با ضرب‌المثل فارسی داده‌شده دارد؟

گزینه‌ها:
الف) If wishes were horses, beggars would ride.
ب) If it ain't broke, don't fix it.","{'الف': 'Equivalent', 'ب': 'Irrelevant'}"
"شما یک مدل زبانی هستید که برای تشخیص معادل معنایی مناسب ضرب‌المثل‌های فارسی در زبان انگلیسی طراحی شده‌اید.

به شما یک ضرب‌المثل فارسی داده می‌شود. سپس یک پرسش دوگزینه‌ای مطرح می‌شود که در آن دو ضرب‌المثل انگلیسی ارائه شده است و از شما خواسته می‌شود تشخیص دهید کدام‌ یک از آن‌ها از نظر کاربرد و معنا بیشترین شباهت را با ضرب‌المثل فارسی داده‌شده دارد.

وظیفه‌ی شما این است که تنها یک گزینه‌ی صحیح را انتخاب کنید. پاسخ شما باید فقط شامل حرف گزینه‌ی درست (الف یا ب) باشد و هیچ متن یا توضیح اضافی ارائه نکنید.

ضرب‌المثل فارسی:
اگر بگوید ماست سفید است نباید باور کرد.

سؤال:
کدام‌ یک از این دو ضرب‌المثل انگلیسی از نظر کاربرد و معنا بیشترین شباهت را با ضرب‌المثل فارسی داده‌شده دارد؟

گزینه‌ها:
الف) Don't cry over spilt milk.
ب) A liar is not believed even when he speaks the truth.","{'الف': 'Irrelevant', 'ب': 'Equivalent'}"
"شما یک مدل زبانی هستید که برای تشخیص معادل معنایی مناسب ضرب‌المثل‌های فارسی در زبان انگلیسی طراحی شده‌اید.

به شما یک ضرب‌المثل فارسی داده می‌شود. سپس یک پرسش دوگزینه‌ای مطرح می‌شود که در آن دو ضرب‌المثل انگلیسی ارائه شده است و از شما خواسته می‌شود تشخیص دهید کدام‌ یک از آن‌ها از نظر کاربرد و معنا بیشترین شباهت را با ضرب‌المثل فارسی داده‌شده دارد.

وظیفه‌ی شما این است که تنها یک گزینه‌ی صحیح را انتخاب کنید. پاسخ شما باید فقط شامل حرف گزینه‌ی درست (الف یا ب) باشد و هیچ متن یا توضیح اضافی ارائه نکنید.

ضرب‌المثل فارسی:
اگر پنج انگشتت را بکنی شمع و برایش روشن کنی، باز می‌گوید نور یکیش کم است.

سؤال:
کدام‌ یک از این دو ضرب‌المثل انگلیسی از نظر کاربرد و معنا بیشترین شباهت را با ضرب‌المثل فارسی داده‌شده دارد؟

گزینه‌ها:
الف) It is better to light a candle than to curse the darkness.
ب) There's no pleasing some people.","{'الف': 'Irrelevant', 'ب': 'Equivalent'}"
"شما یک مدل زبانی هستید که برای تشخیص معادل معنایی مناسب ضرب‌المثل‌های فارسی در زبان انگلیسی طراحی شده‌اید.

به شما یک ضرب‌المثل فارسی داده می‌شود. سپس یک پرسش دوگزینه‌ای مطرح می‌شود که در آن دو ضرب‌المثل انگلیسی ارائه شده است و از شما خواسته می‌شود تشخیص دهید کدام‌ یک از آن‌ها از نظر کاربرد و معنا بیشترین شباهت را با ضرب‌المثل فارسی داده‌شده دارد.

وظیفه‌ی شما این است که تنها یک گزینه‌ی صحیح را انتخاب کنید. پاسخ شما باید فقط شامل حرف گزینه‌ی درست (الف یا ب) باشد و هیچ متن یا توضیح اضافی ارائه نکنید.

ضرب‌المثل فارسی:
اگر پیش همه شرمنده‌ام، پیش دزد روسفیدم.

سؤال:
کدام‌ یک از این دو ضرب‌المثل انگلیسی از نظر کاربرد و معنا بیشترین شباهت را با ضرب‌المثل فارسی داده‌شده دارد؟

گزینه‌ها:
الف) There is honor among thieves.
ب) A clear conscience fears no accusation.","{'الف': 'Irrelevant', 'ب': 'Equivalent'}"
"شما یک مدل زبانی هستید که برای تشخیص معادل معنایی مناسب ضرب‌المثل‌های فارسی در زبان انگلیسی طراحی شده‌اید.

به شما یک ضرب‌المثل فارسی داده می‌شود. سپس یک پرسش دوگزینه‌ای مطرح می‌شود که در آن دو ضرب‌المثل انگلیسی ارائه شده است و از شما خواسته می‌شود تشخیص دهید کدام‌ یک از آن‌ها از نظر کاربرد و معنا بیشترین شباهت را با ضرب‌المثل فارسی داده‌شده دارد.

وظیفه‌ی شما این است که تنها یک گزینه‌ی صحیح را انتخاب کنید. پاسخ شما باید فقط شامل حرف گزینه‌ی درست (الف یا ب) باشد و هیچ متن یا توضیح اضافی ارائه نکنید.

ضرب‌المثل فارسی:
اگر تو سه ساله کالسکه‌چی شده‌ای، من سی ساله که سوار می‌شوم.

سؤال:
کدام‌ یک از این دو ضرب‌المثل انگلیسی از نظر کاربرد و معنا بیشترین شباهت را با ضرب‌المثل فارسی داده‌شده دارد؟

گزینه‌ها:
الف) Don't put the cart before the horse.
ب) Don't teach your grandmother to suck eggs.","{'الف': 'Irrelevant', 'ب': 'Equivalent'}"
"شما یک مدل زبانی هستید که برای تشخیص معادل معنایی مناسب ضرب‌المثل‌های فارسی در زبان انگلیسی طراحی شده‌اید.

به شما یک ضرب‌المثل فارسی داده می‌شود. سپس یک پرسش دوگزینه‌ای مطرح می‌شود که در آن دو ضرب‌المثل انگلیسی ارائه شده است و از شما خواسته می‌شود تشخیص دهید کدام‌ یک از آن‌ها از نظر کاربرد و معنا بیشترین شباهت را با ضرب‌المثل فارسی داده‌شده دارد.

وظیفه‌ی شما این است که تنها یک گزینه‌ی صحیح را انتخاب کنید. پاسخ شما باید فقط شامل حرف گزینه‌ی درست (الف یا ب) باشد و هیچ متن یا توضیح اضافی ارائه نکنید.

ضرب‌المثل فارسی:
اگر تو خوانده‌ای، من از بهرم.

سؤال:
کدام‌ یک از این دو ضرب‌المثل انگلیسی از نظر کاربرد و معنا بیشترین شباهت را با ضرب‌المثل فارسی داده‌شده دارد؟

گزینه‌ها:
الف) You can't judge a book by its cover.
ب) Don't try to teach your grandmother to suck eggs.","{'الف': 'Irrelevant', 'ب': 'Equivalent'}"
"شما یک مدل زبانی هستید که برای تشخیص معادل معنایی مناسب ضرب‌المثل‌های فارسی در زبان انگلیسی طراحی شده‌اید.

به شما یک ضرب‌المثل فارسی داده می‌شود. سپس یک پرسش دوگزینه‌ای مطرح می‌شود که در آن دو ضرب‌المثل انگلیسی ارائه شده است و از شما خواسته می‌شود تشخیص دهید کدام‌ یک از آن‌ها از نظر کاربرد و معنا بیشترین شباهت را با ضرب‌المثل فارسی داده‌شده دارد.

وظیفه‌ی شما این است که تنها یک گزینه‌ی صحیح را انتخاب کنید. پاسخ شما باید فقط شامل حرف گزینه‌ی درست (الف یا ب) باشد و هیچ متن یا توضیح اضافی ارائه نکنید.

ضرب‌المثل فارسی:
اگر خاله‌ام ریش داشت، آقا دایی‌ام بود!

سؤال:
کدام‌ یک از این دو ضرب‌المثل انگلیسی از نظر کاربرد و معنا بیشترین شباهت را با ضرب‌المثل فارسی داده‌شده دارد؟

گزینه‌ها:
الف) If wishes were horses, beggars would ride.
ب) A man without a beard is like a lion without a mane.","{'الف': 'Equivalent', 'ب': 'Irrelevant'}"
"شما یک مدل زبانی هستید که برای تشخیص معادل معنایی مناسب ضرب‌المثل‌های فارسی در زبان انگلیسی طراحی شده‌اید.

به شما یک ضرب‌المثل فارسی داده می‌شود. سپس یک پرسش دوگزینه‌ای مطرح می‌شود که در آن دو ضرب‌المثل انگلیسی ارائه شده است و از شما خواسته می‌شود تشخیص دهید کدام‌ یک از آن‌ها از نظر کاربرد و معنا بیشترین شباهت را با ضرب‌المثل فارسی داده‌شده دارد.

وظیفه‌ی شما این است که تنها یک گزینه‌ی صحیح را انتخاب کنید. پاسخ شما باید فقط شامل حرف گزینه‌ی درست (الف یا ب) باشد و هیچ متن یا توضیح اضافی ارائه نکنید.

ضرب‌المثل فارسی:
اگر دو تا موش باهم دعوا کنند سر یکی‌شان به دیوار می‌خورد.

سؤال:
کدام‌ یک از این دو ضرب‌المثل انگلیسی از نظر کاربرد و معنا بیشترین شباهت را با ضرب‌المثل فارسی داده‌شده دارد؟

گزینه‌ها:
الف) Two heads are better than one.
ب) There's not enough room to swing a cat.","{'الف': 'Irrelevant', 'ب': 'Equivalent'}"
"شما یک مدل زبانی هستید که برای تشخیص معادل معنایی مناسب ضرب‌المثل‌های فارسی در زبان انگلیسی طراحی شده‌اید.

به شما یک ضرب‌المثل فارسی داده می‌شود. سپس یک پرسش دوگزینه‌ای مطرح می‌شود که در آن دو ضرب‌المثل انگلیسی ارائه شده است و از شما خواسته می‌شود تشخیص دهید کدام‌ یک از آن‌ها از نظر کاربرد و معنا بیشترین شباهت را با ضرب‌المثل فارسی داده‌شده دارد.

وظیفه‌ی شما این است که تنها یک گزینه‌ی صحیح را انتخاب کنید. پاسخ شما باید فقط شامل حرف گزینه‌ی درست (الف یا ب) باشد و هیچ متن یا توضیح اضافی ارائه نکنید.

ضرب‌المثل فارسی:
اگر زخم شتر به خر باشد، یک ساعت هم دوام نمی‌آورد.

سؤال:
کدام‌ یک از این دو ضرب‌المثل انگلیسی از نظر کاربرد و معنا بیشترین شباهت را با ضرب‌المثل فارسی داده‌شده دارد؟

گزینه‌ها:
الف) The last straw breaks the camel's back.
ب) GOD makes the back to the burden.","{'الف': 'Irrelevant', 'ب': 'Equivalent'}"
"شما یک مدل زبانی هستید که برای تشخیص معادل معنایی مناسب ضرب‌المثل‌های فارسی در زبان انگلیسی طراحی شده‌اید.

به شما یک ضرب‌المثل فارسی داده می‌شود. سپس یک پرسش دوگزینه‌ای مطرح می‌شود که در آن دو ضرب‌المثل انگلیسی ارائه شده است و از شما خواسته می‌شود تشخیص دهید کدام‌ یک از آن‌ها از نظر کاربرد و معنا بیشترین شباهت را با ضرب‌المثل فارسی داده‌شده دارد.

وظیفه‌ی شما این است که تنها یک گزینه‌ی صحیح را انتخاب کنید. پاسخ شما باید فقط شامل حرف گزینه‌ی درست (الف یا ب) باشد و هیچ متن یا توضیح اضافی ارائه نکنید.

ضرب‌المثل فارسی:
اگر شریک خوب بود، خدا هم شریک می‌گرفت.

سؤال:
کدام‌ یک از این دو ضرب‌المثل انگلیسی از نظر کاربرد و معنا بیشترین شباهت را با ضرب‌المثل فارسی داده‌شده دارد؟

گزینه‌ها:
الف) If you want something done right, do it yourself.
ب) God helps those who help themselves.","{'الف': 'Equivalent', 'ب': 'Irrelevant'}"
"شما یک مدل زبانی هستید که برای تشخیص معادل معنایی مناسب ضرب‌المثل‌های فارسی در زبان انگلیسی طراحی شده‌اید.

به شما یک ضرب‌المثل فارسی داده می‌شود. سپس یک پرسش دوگزینه‌ای مطرح می‌شود که در آن دو ضرب‌المثل انگلیسی ارائه شده است و از شما خواسته می‌شود تشخیص دهید کدام‌ یک از آن‌ها از نظر کاربرد و معنا بیشترین شباهت را با ضرب‌المثل فارسی داده‌شده دارد.

وظیفه‌ی شما این است که تنها یک گزینه‌ی صحیح را انتخاب کنید. پاسخ شما باید فقط شامل حرف گزینه‌ی درست (الف یا ب) باشد و هیچ متن یا توضیح اضافی ارائه نکنید.

ضرب‌المثل فارسی:
اگر همه گفتند نان و پنیر، تو سرت را بگذار و بمیر.

سؤال:
کدام‌ یک از این دو ضرب‌المثل انگلیسی از نظر کاربرد و معنا بیشترین شباهت را با ضرب‌المثل فارسی داده‌شده دارد؟

گزینه‌ها:
الف) A cobbler should stick to his last.
ب) Man cannot live by bread alone.","{'الف': 'Equivalent', 'ب': 'Irrelevant'}"
"شما یک مدل زبانی هستید که برای تشخیص معادل معنایی مناسب ضرب‌المثل‌های فارسی در زبان انگلیسی طراحی شده‌اید.

به شما یک ضرب‌المثل فارسی داده می‌شود. سپس یک پرسش دوگزینه‌ای مطرح می‌شود که در آن دو ضرب‌المثل انگلیسی ارائه شده است و از شما خواسته می‌شود تشخیص دهید کدام‌ یک از آن‌ها از نظر کاربرد و معنا بیشترین شباهت را با ضرب‌المثل فارسی داده‌شده دارد.

وظیفه‌ی شما این است که تنها یک گزینه‌ی صحیح را انتخاب کنید. پاسخ شما باید فقط شامل حرف گزینه‌ی درست (الف یا ب) باشد و هیچ متن یا توضیح اضافی ارائه نکنید.

ضرب‌المثل فارسی:
اگر هوس است، همین یک بار بس است!

سؤال:
کدام‌ یک از این دو ضرب‌المثل انگلیسی از نظر کاربرد و معنا بیشترین شباهت را با ضرب‌المثل فارسی داده‌شده دارد؟

گزینه‌ها:
الف) There's a first time for everything.
ب) Once bitten, twice shy.","{'الف': 'Irrelevant', 'ب': 'Equivalent'}"
"شما یک مدل زبانی هستید که برای تشخیص معادل معنایی مناسب ضرب‌المثل‌های فارسی در زبان انگلیسی طراحی شده‌اید.

به شما یک ضرب‌المثل فارسی داده می‌شود. سپس یک پرسش دوگزینه‌ای مطرح می‌شود که در آن دو ضرب‌المثل انگلیسی ارائه شده است و از شما خواسته می‌شود تشخیص دهید کدام‌ یک از آن‌ها از نظر کاربرد و معنا بیشترین شباهت را با ضرب‌المثل فارسی داده‌شده دارد.

وظیفه‌ی شما این است که تنها یک گزینه‌ی صحیح را انتخاب کنید. پاسخ شما باید فقط شامل حرف گزینه‌ی درست (الف یا ب) باشد و هیچ متن یا توضیح اضافی ارائه نکنید.

ضرب‌المثل فارسی:
اگر یار اهل است، کار سهل است.

سؤال:
کدام‌ یک از این دو ضرب‌المثل انگلیسی از نظر کاربرد و معنا بیشترین شباهت را با ضرب‌المثل فارسی داده‌شده دارد؟

گزینه‌ها:
الف) Easy come, easy go.
ب) Many hands make light work.","{'الف': 'Irrelevant', 'ب': 'Equivalent'}"
"شما یک مدل زبانی هستید که برای تشخیص معادل معنایی مناسب ضرب‌المثل‌های فارسی در زبان انگلیسی طراحی شده‌اید.

به شما یک ضرب‌المثل فارسی داده می‌شود. سپس یک پرسش دوگزینه‌ای مطرح می‌شود که در آن دو ضرب‌المثل انگلیسی ارائه شده است و از شما خواسته می‌شود تشخیص دهید کدام‌ یک از آن‌ها از نظر کاربرد و معنا بیشترین شباهت را با ضرب‌المثل فارسی داده‌شده دارد.

وظیفه‌ی شما این است که تنها یک گزینه‌ی صحیح را انتخاب کنید. پاسخ شما باید فقط شامل حرف گزینه‌ی درست (الف یا ب) باشد و هیچ متن یا توضیح اضافی ارائه نکنید.

ضرب‌المثل فارسی:
اگر یکی من است، یکی باید نیم من شود.

سؤال:
کدام‌ یک از این دو ضرب‌المثل انگلیسی از نظر کاربرد و معنا بیشترین شباهت را با ضرب‌المثل فارسی داده‌شده دارد؟

گزینه‌ها:
الف) Half a loaf is better than none.
ب) Something's got to give.","{'الف': 'Irrelevant', 'ب': 'Equivalent'}"
"شما یک مدل زبانی هستید که برای تشخیص معادل معنایی مناسب ضرب‌المثل‌های فارسی در زبان انگلیسی طراحی شده‌اید.

به شما یک ضرب‌المثل فارسی داده می‌شود. سپس یک پرسش دوگزینه‌ای مطرح می‌شود که در آن دو ضرب‌المثل انگلیسی ارائه شده است و از شما خواسته می‌شود تشخیص دهید کدام‌ یک از آن‌ها از نظر کاربرد و معنا بیشترین شباهت را با ضرب‌المثل فارسی داده‌شده دارد.

وظیفه‌ی شما این است که تنها یک گزینه‌ی صحیح را انتخاب کنید. پاسخ شما باید فقط شامل حرف گزینه‌ی درست (الف یا ب) باشد و هیچ متن یا توضیح اضافی ارائه نکنید.

ضرب‌المثل فارسی:
امام حسین نیست، و گرنه شمر بسیار است.

سؤال:
کدام‌ یک از این دو ضرب‌المثل انگلیسی از نظر کاربرد و معنا بیشترین شباهت را با ضرب‌المثل فارسی داده‌شده دارد؟

گزینه‌ها:
الف) The king is dead, long live the king.
ب) It's a dog-eat-dog world.","{'الف': 'Irrelevant', 'ب': 'Equivalent'}"
"شما یک مدل زبانی هستید که برای تشخیص معادل معنایی مناسب ضرب‌المثل‌های فارسی در زبان انگلیسی طراحی شده‌اید.

به شما یک ضرب‌المثل فارسی داده می‌شود. سپس یک پرسش دوگزینه‌ای مطرح می‌شود که در آن دو ضرب‌المثل انگلیسی ارائه شده است و از شما خواسته می‌شود تشخیص دهید کدام‌ یک از آن‌ها از نظر کاربرد و معنا بیشترین شباهت را با ضرب‌المثل فارسی داده‌شده دارد.

وظیفه‌ی شما این است که تنها یک گزینه‌ی صحیح را انتخاب کنید. پاسخ شما باید فقط شامل حرف گزینه‌ی درست (الف یا ب) باشد و هیچ متن یا توضیح اضافی ارائه نکنید.

ضرب‌المثل فارسی:
امامزاده را ما ساختیم، به کمر خودمان زد.

سؤال:
کدام‌ یک از این دو ضرب‌المثل انگلیسی از نظر کاربرد و معنا بیشترین شباهت را با ضرب‌المثل فارسی داده‌شده دارد؟

گزینه‌ها:
الف) Rome wasn't built in a day.
ب) He has made a rod for his own back.","{'الف': 'Irrelevant', 'ب': 'Equivalent'}"
"شما یک مدل زبانی هستید که برای تشخیص معادل معنایی مناسب ضرب‌المثل‌های فارسی در زبان انگلیسی طراحی شده‌اید.

به شما یک ضرب‌المثل فارسی داده می‌شود. سپس یک پرسش دوگزینه‌ای مطرح می‌شود که در آن دو ضرب‌المثل انگلیسی ارائه شده است و از شما خواسته می‌شود تشخیص دهید کدام‌ یک از آن‌ها از نظر کاربرد و معنا بیشترین شباهت را با ضرب‌المثل فارسی داده‌شده دارد.

وظیفه‌ی شما این است که تنها یک گزینه‌ی صحیح را انتخاب کنید. پاسخ شما باید فقط شامل حرف گزینه‌ی درست (الف یا ب) باشد و هیچ متن یا توضیح اضافی ارائه نکنید.

ضرب‌المثل فارسی:
امان از دوغ لیلی، ماستش کم بود، آبش خیلی.

سؤال:
کدام‌ یک از این دو ضرب‌المثل انگلیسی از نظر کاربرد و معنا بیشترین شباهت را با ضرب‌المثل فارسی داده‌شده دارد؟

گزینه‌ها:
الف) Great cry and little wool.
ب) Too many cooks spoil the broth.","{'الف': 'Equivalent', 'ب': 'Irrelevant'}"
"شما یک مدل زبانی هستید که برای تشخیص معادل معنایی مناسب ضرب‌المثل‌های فارسی در زبان انگلیسی طراحی شده‌اید.

به شما یک ضرب‌المثل فارسی داده می‌شود. سپس یک پرسش دوگزینه‌ای مطرح می‌شود که در آن دو ضرب‌المثل انگلیسی ارائه شده است و از شما خواسته می‌شود تشخیص دهید کدام‌ یک از آن‌ها از نظر کاربرد و معنا بیشترین شباهت را با ضرب‌المثل فارسی داده‌شده دارد.

وظیفه‌ی شما این است که تنها یک گزینه‌ی صحیح را انتخاب کنید. پاسخ شما باید فقط شامل حرف گزینه‌ی درست (الف یا ب) باشد و هیچ متن یا توضیح اضافی ارائه نکنید.

ضرب‌المثل فارسی:
امر به خودش هم مشتبه شده است.

سؤال:
کدام‌ یک از این دو ضرب‌المثل انگلیسی از نظر کاربرد و معنا بیشترین شباهت را با ضرب‌المثل فارسی داده‌شده دارد؟

گزینه‌ها:
الف) Physician, heal thyself.
ب) He's gotten too big for his boots.","{'الف': 'Irrelevant', 'ب': 'Equivalent'}"
"شما یک مدل زبانی هستید که برای تشخیص معادل معنایی مناسب ضرب‌المثل‌های فارسی در زبان انگلیسی طراحی شده‌اید.

به شما یک ضرب‌المثل فارسی داده می‌شود. سپس یک پرسش دوگزینه‌ای مطرح می‌شود که در آن دو ضرب‌المثل انگلیسی ارائه شده است و از شما خواسته می‌شود تشخیص دهید کدام‌ یک از آن‌ها از نظر کاربرد و معنا بیشترین شباهت را با ضرب‌المثل فارسی داده‌شده دارد.

وظیفه‌ی شما این است که تنها یک گزینه‌ی صحیح را انتخاب کنید. پاسخ شما باید فقط شامل حرف گزینه‌ی درست (الف یا ب) باشد و هیچ متن یا توضیح اضافی ارائه نکنید.

ضرب‌المثل فارسی:
امروز آفتاب از کدام طرف درآمده!؟

سؤال:
کدام‌ یک از این دو ضرب‌المثل انگلیسی از نظر کاربرد و معنا بیشترین شباهت را با ضرب‌المثل فارسی داده‌شده دارد؟

گزینه‌ها:
الف) Make hay while the sun shines.
ب) Wonders will never cease.","{'الف': 'Irrelevant', 'ب': 'Equivalent'}"
"شما یک مدل زبانی هستید که برای تشخیص معادل معنایی مناسب ضرب‌المثل‌های فارسی در زبان انگلیسی طراحی شده‌اید.

به شما یک ضرب‌المثل فارسی داده می‌شود. سپس یک پرسش دوگزینه‌ای مطرح می‌شود که در آن دو ضرب‌المثل انگلیسی ارائه شده است و از شما خواسته می‌شود تشخیص دهید کدام‌ یک از آن‌ها از نظر کاربرد و معنا بیشترین شباهت را با ضرب‌المثل فارسی داده‌شده دارد.

وظیفه‌ی شما این است که تنها یک گزینه‌ی صحیح را انتخاب کنید. پاسخ شما باید فقط شامل حرف گزینه‌ی درست (الف یا ب) باشد و هیچ متن یا توضیح اضافی ارائه نکنید.

ضرب‌المثل فارسی:
امروز از دنده چپ بلند شده.

سؤال:
کدام‌ یک از این دو ضرب‌المثل انگلیسی از نظر کاربرد و معنا بیشترین شباهت را با ضرب‌المثل فارسی داده‌شده دارد؟

گزینه‌ها:
الف) To have two left feet.
ب) To wake up on the wrong side of the bed.","{'الف': 'Irrelevant', 'ب': 'Equivalent'}"
"شما یک مدل زبانی هستید که برای تشخیص معادل معنایی مناسب ضرب‌المثل‌های فارسی در زبان انگلیسی طراحی شده‌اید.

به شما یک ضرب‌المثل فارسی داده می‌شود. سپس یک پرسش دوگزینه‌ای مطرح می‌شود که در آن دو ضرب‌المثل انگلیسی ارائه شده است و از شما خواسته می‌شود تشخیص دهید کدام‌ یک از آن‌ها از نظر کاربرد و معنا بیشترین شباهت را با ضرب‌المثل فارسی داده‌شده دارد.

وظیفه‌ی شما این است که تنها یک گزینه‌ی صحیح را انتخاب کنید. پاسخ شما باید فقط شامل حرف گزینه‌ی درست (الف یا ب) باشد و هیچ متن یا توضیح اضافی ارائه نکنید.

ضرب‌المثل فارسی:
انشاءالله گربه است.

سؤال:
کدام‌ یک از این دو ضرب‌المثل انگلیسی از نظر کاربرد و معنا بیشترین شباهت را با ضرب‌المثل فارسی داده‌شده دارد؟

گزینه‌ها:
الف) Curiosity killed the cat.
ب) Ignorance is bliss.","{'الف': 'Irrelevant', 'ب': 'Equivalent'}"
"شما یک مدل زبانی هستید که برای تشخیص معادل معنایی مناسب ضرب‌المثل‌های فارسی در زبان انگلیسی طراحی شده‌اید.

به شما یک ضرب‌المثل فارسی داده می‌شود. سپس یک پرسش دوگزینه‌ای مطرح می‌شود که در آن دو ضرب‌المثل انگلیسی ارائه شده است و از شما خواسته می‌شود تشخیص دهید کدام‌ یک از آن‌ها از نظر کاربرد و معنا بیشترین شباهت را با ضرب‌المثل فارسی داده‌شده دارد.

وظیفه‌ی شما این است که تنها یک گزینه‌ی صحیح را انتخاب کنید. پاسخ شما باید فقط شامل حرف گزینه‌ی درست (الف یا ب) باشد و هیچ متن یا توضیح اضافی ارائه نکنید.

ضرب‌المثل فارسی:
انشاءالله منم.

سؤال:
کدام‌ یک از این دو ضرب‌المثل انگلیسی از نظر کاربرد و معنا بیشترین شباهت را با ضرب‌المثل فارسی داده‌شده دارد؟

گزینه‌ها:
الف) God helps those who help themselves.
ب) Man proposes, God disposes.","{'الف': 'Irrelevant', 'ب': 'Equivalent'}"
"شما یک مدل زبانی هستید که برای تشخیص معادل معنایی مناسب ضرب‌المثل‌های فارسی در زبان انگلیسی طراحی شده‌اید.

به شما یک ضرب‌المثل فارسی داده می‌شود. سپس یک پرسش دوگزینه‌ای مطرح می‌شود که در آن دو ضرب‌المثل انگلیسی ارائه شده است و از شما خواسته می‌شود تشخیص دهید کدام‌ یک از آن‌ها از نظر کاربرد و معنا بیشترین شباهت را با ضرب‌المثل فارسی داده‌شده دارد.

وظیفه‌ی شما این است که تنها یک گزینه‌ی صحیح را انتخاب کنید. پاسخ شما باید فقط شامل حرف گزینه‌ی درست (الف یا ب) باشد و هیچ متن یا توضیح اضافی ارائه نکنید.

ضرب‌المثل فارسی:
انگار بیژن را از چاه درآورده!

سؤال:
کدام‌ یک از این دو ضرب‌المثل انگلیسی از نظر کاربرد و معنا بیشترین شباهت را با ضرب‌المثل فارسی داده‌شده دارد؟

گزینه‌ها:
الف) Truth lies at the bottom of a well
ب) To make a mountain out of a molehill","{'الف': 'Irrelevant', 'ب': 'Equivalent'}"
"شما یک مدل زبانی هستید که برای تشخیص معادل معنایی مناسب ضرب‌المثل‌های فارسی در زبان انگلیسی طراحی شده‌اید.

به شما یک ضرب‌المثل فارسی داده می‌شود. سپس یک پرسش دوگزینه‌ای مطرح می‌شود که در آن دو ضرب‌المثل انگلیسی ارائه شده است و از شما خواسته می‌شود تشخیص دهید کدام‌ یک از آن‌ها از نظر کاربرد و معنا بیشترین شباهت را با ضرب‌المثل فارسی داده‌شده دارد.

وظیفه‌ی شما این است که تنها یک گزینه‌ی صحیح را انتخاب کنید. پاسخ شما باید فقط شامل حرف گزینه‌ی درست (الف یا ب) باشد و هیچ متن یا توضیح اضافی ارائه نکنید.

ضرب‌المثل فارسی:
انگار قولنج کمر غول را شکسته است.

سؤال:
کدام‌ یک از این دو ضرب‌المثل انگلیسی از نظر کاربرد و معنا بیشترین شباهت را با ضرب‌المثل فارسی داده‌شده دارد؟

گزینه‌ها:
الف) He thinks he's the best thing since sliced bread.
ب) The straw that broke the camel's back.","{'الف': 'Equivalent', 'ب': 'Irrelevant'}"
"شما یک مدل زبانی هستید که برای تشخیص معادل معنایی مناسب ضرب‌المثل‌های فارسی در زبان انگلیسی طراحی شده‌اید.

به شما یک ضرب‌المثل فارسی داده می‌شود. سپس یک پرسش دوگزینه‌ای مطرح می‌شود که در آن دو ضرب‌المثل انگلیسی ارائه شده است و از شما خواسته می‌شود تشخیص دهید کدام‌ یک از آن‌ها از نظر کاربرد و معنا بیشترین شباهت را با ضرب‌المثل فارسی داده‌شده دارد.

وظیفه‌ی شما این است که تنها یک گزینه‌ی صحیح را انتخاب کنید. پاسخ شما باید فقط شامل حرف گزینه‌ی درست (الف یا ب) باشد و هیچ متن یا توضیح اضافی ارائه نکنید.

ضرب‌المثل فارسی:
انگار کله گنجشک خورده!

سؤال:
کدام‌ یک از این دو ضرب‌المثل انگلیسی از نظر کاربرد و معنا بیشترین شباهت را با ضرب‌المثل فارسی داده‌شده دارد؟

گزینه‌ها:
الف) He/She could talk the hind legs off a donkey.
ب) The early bird catches the worm.","{'الف': 'Equivalent', 'ب': 'Irrelevant'}"
"شما یک مدل زبانی هستید که برای تشخیص معادل معنایی مناسب ضرب‌المثل‌های فارسی در زبان انگلیسی طراحی شده‌اید.

به شما یک ضرب‌المثل فارسی داده می‌شود. سپس یک پرسش دوگزینه‌ای مطرح می‌شود که در آن دو ضرب‌المثل انگلیسی ارائه شده است و از شما خواسته می‌شود تشخیص دهید کدام‌ یک از آن‌ها از نظر کاربرد و معنا بیشترین شباهت را با ضرب‌المثل فارسی داده‌شده دارد.

وظیفه‌ی شما این است که تنها یک گزینه‌ی صحیح را انتخاب کنید. پاسخ شما باید فقط شامل حرف گزینه‌ی درست (الف یا ب) باشد و هیچ متن یا توضیح اضافی ارائه نکنید.

ضرب‌المثل فارسی:
انگشت بریده را نمک نباید زد.

سؤال:
کدام‌ یک از این دو ضرب‌المثل انگلیسی از نظر کاربرد و معنا بیشترین شباهت را با ضرب‌المثل فارسی داده‌شده دارد؟

گزینه‌ها:
الف) Don't rub salt in the wound.
ب) Take it with a grain of salt.","{'الف': 'Equivalent', 'ب': 'Irrelevant'}"
"شما یک مدل زبانی هستید که برای تشخیص معادل معنایی مناسب ضرب‌المثل‌های فارسی در زبان انگلیسی طراحی شده‌اید.

به شما یک ضرب‌المثل فارسی داده می‌شود. سپس یک پرسش دوگزینه‌ای مطرح می‌شود که در آن دو ضرب‌المثل انگلیسی ارائه شده است و از شما خواسته می‌شود تشخیص دهید کدام‌ یک از آن‌ها از نظر کاربرد و معنا بیشترین شباهت را با ضرب‌المثل فارسی داده‌شده دارد.

وظیفه‌ی شما این است که تنها یک گزینه‌ی صحیح را انتخاب کنید. پاسخ شما باید فقط شامل حرف گزینه‌ی درست (الف یا ب) باشد و هیچ متن یا توضیح اضافی ارائه نکنید.

ضرب‌المثل فارسی:
انگشت به بینی نمی‌توان کرد.

سؤال:
کدام‌ یک از این دو ضرب‌المثل انگلیسی از نظر کاربرد و معنا بیشترین شباهت را با ضرب‌المثل فارسی داده‌شده دارد؟

گزینه‌ها:
الف) The walls have ears.
ب) Don't cut off your nose to spite your face.","{'الف': 'Equivalent', 'ب': 'Irrelevant'}"
"شما یک مدل زبانی هستید که برای تشخیص معادل معنایی مناسب ضرب‌المثل‌های فارسی در زبان انگلیسی طراحی شده‌اید.

به شما یک ضرب‌المثل فارسی داده می‌شود. سپس یک پرسش دوگزینه‌ای مطرح می‌شود که در آن دو ضرب‌المثل انگلیسی ارائه شده است و از شما خواسته می‌شود تشخیص دهید کدام‌ یک از آن‌ها از نظر کاربرد و معنا بیشترین شباهت را با ضرب‌المثل فارسی داده‌شده دارد.

وظیفه‌ی شما این است که تنها یک گزینه‌ی صحیح را انتخاب کنید. پاسخ شما باید فقط شامل حرف گزینه‌ی درست (الف یا ب) باشد و هیچ متن یا توضیح اضافی ارائه نکنید.

ضرب‌المثل فارسی:
انگور خوب، نصیب شغال می‌شود.

سؤال:
کدام‌ یک از این دو ضرب‌المثل انگلیسی از نظر کاربرد و معنا بیشترین شباهت را با ضرب‌المثل فارسی داده‌شده دارد؟

گزینه‌ها:
الف) The grapes are sour.
ب) Casting pearls before swine.","{'الف': 'Irrelevant', 'ب': 'Equivalent'}"
"شما یک مدل زبانی هستید که برای تشخیص معادل معنایی مناسب ضرب‌المثل‌های فارسی در زبان انگلیسی طراحی شده‌اید.

به شما یک ضرب‌المثل فارسی داده می‌شود. سپس یک پرسش دوگزینه‌ای مطرح می‌شود که در آن دو ضرب‌المثل انگلیسی ارائه شده است و از شما خواسته می‌شود تشخیص دهید کدام‌ یک از آن‌ها از نظر کاربرد و معنا بیشترین شباهت را با ضرب‌المثل فارسی داده‌شده دارد.

وظیفه‌ی شما این است که تنها یک گزینه‌ی صحیح را انتخاب کنید. پاسخ شما باید فقط شامل حرف گزینه‌ی درست (الف یا ب) باشد و هیچ متن یا توضیح اضافی ارائه نکنید.

ضرب‌المثل فارسی:
با پا راه بروی کفش پاره می‌شود، با سر، کلاه.

سؤال:
کدام‌ یک از این دو ضرب‌المثل انگلیسی از نظر کاربرد و معنا بیشترین شباهت را با ضرب‌المثل فارسی داده‌شده دارد؟

گزینه‌ها:
الف) You're damned if you do, and you're damned if you don't.
ب) If the shoe fits, wear it.","{'الف': 'Equivalent', 'ب': 'Irrelevant'}"
"شما یک مدل زبانی هستید که برای تشخیص معادل معنایی مناسب ضرب‌المثل‌های فارسی در زبان انگلیسی طراحی شده‌اید.

به شما یک ضرب‌المثل فارسی داده می‌شود. سپس یک پرسش دوگزینه‌ای مطرح می‌شود که در آن دو ضرب‌المثل انگلیسی ارائه شده است و از شما خواسته می‌شود تشخیص دهید کدام‌ یک از آن‌ها از نظر کاربرد و معنا بیشترین شباهت را با ضرب‌المثل فارسی داده‌شده دارد.

وظیفه‌ی شما این است که تنها یک گزینه‌ی صحیح را انتخاب کنید. پاسخ شما باید فقط شامل حرف گزینه‌ی درست (الف یا ب) باشد و هیچ متن یا توضیح اضافی ارائه نکنید.

ضرب‌المثل فارسی:
با پنبه سر می‌برد.

سؤال:
کدام‌ یک از این دو ضرب‌المثل انگلیسی از نظر کاربرد و معنا بیشترین شباهت را با ضرب‌المثل فارسی داده‌شده دارد؟

گزینه‌ها:
الف) An iron fist in a velvet glove.
ب) Cut your coat according to your cloth.","{'الف': 'Equivalent', 'ب': 'Irrelevant'}"
"شما یک مدل زبانی هستید که برای تشخیص معادل معنایی مناسب ضرب‌المثل‌های فارسی در زبان انگلیسی طراحی شده‌اید.

به شما یک ضرب‌المثل فارسی داده می‌شود. سپس یک پرسش دوگزینه‌ای مطرح می‌شود که در آن دو ضرب‌المثل انگلیسی ارائه شده است و از شما خواسته می‌شود تشخیص دهید کدام‌ یک از آن‌ها از نظر کاربرد و معنا بیشترین شباهت را با ضرب‌المثل فارسی داده‌شده دارد.

وظیفه‌ی شما این است که تنها یک گزینه‌ی صحیح را انتخاب کنید. پاسخ شما باید فقط شامل حرف گزینه‌ی درست (الف یا ب) باشد و هیچ متن یا توضیح اضافی ارائه نکنید.

ضرب‌المثل فارسی:
با توکل زانوی اشتر ببند.

سؤال:
کدام‌ یک از این دو ضرب‌المثل انگلیسی از نظر کاربرد و معنا بیشترین شباهت را با ضرب‌المثل فارسی داده‌شده دارد؟

گزینه‌ها:
الف) God helps those who help themselves.
ب) The straw that broke the camel's back.","{'الف': 'Equivalent', 'ب': 'Irrelevant'}"
"شما یک مدل زبانی هستید که برای تشخیص معادل معنایی مناسب ضرب‌المثل‌های فارسی در زبان انگلیسی طراحی شده‌اید.

به شما یک ضرب‌المثل فارسی داده می‌شود. سپس یک پرسش دوگزینه‌ای مطرح می‌شود که در آن دو ضرب‌المثل انگلیسی ارائه شده است و از شما خواسته می‌شود تشخیص دهید کدام‌ یک از آن‌ها از نظر کاربرد و معنا بیشترین شباهت را با ضرب‌المثل فارسی داده‌شده دارد.

وظیفه‌ی شما این است که تنها یک گزینه‌ی صحیح را انتخاب کنید. پاسخ شما باید فقط شامل حرف گزینه‌ی درست (الف یا ب) باشد و هیچ متن یا توضیح اضافی ارائه نکنید.

ضرب‌المثل فارسی:
با خدا باش و پادشاهی کن.

سؤال:
کدام‌ یک از این دو ضرب‌المثل انگلیسی از نظر کاربرد و معنا بیشترین شباهت را با ضرب‌المثل فارسی داده‌شده دارد؟

گزینه‌ها:
الف) One with God is a majority.
ب) A cat may look at a king.","{'الف': 'Equivalent', 'ب': 'Irrelevant'}"
"شما یک مدل زبانی هستید که برای تشخیص معادل معنایی مناسب ضرب‌المثل‌های فارسی در زبان انگلیسی طراحی شده‌اید.

به شما یک ضرب‌المثل فارسی داده می‌شود. سپس یک پرسش دوگزینه‌ای مطرح می‌شود که در آن دو ضرب‌المثل انگلیسی ارائه شده است و از شما خواسته می‌شود تشخیص دهید کدام‌ یک از آن‌ها از نظر کاربرد و معنا بیشترین شباهت را با ضرب‌المثل فارسی داده‌شده دارد.

وظیفه‌ی شما این است که تنها یک گزینه‌ی صحیح را انتخاب کنید. پاسخ شما باید فقط شامل حرف گزینه‌ی درست (الف یا ب) باشد و هیچ متن یا توضیح اضافی ارائه نکنید.

ضرب‌المثل فارسی:
با خرس به جوال رفتن.

سؤال:
کدام‌ یک از این دو ضرب‌المثل انگلیسی از نظر کاربرد و معنا بیشترین شباهت را با ضرب‌المثل فارسی داده‌شده دارد؟

گزینه‌ها:
الف) Let the cat out of the bag.
ب) To poke the bear.","{'الف': 'Irrelevant', 'ب': 'Equivalent'}"
"شما یک مدل زبانی هستید که برای تشخیص معادل معنایی مناسب ضرب‌المثل‌های فارسی در زبان انگلیسی طراحی شده‌اید.

به شما یک ضرب‌المثل فارسی داده می‌شود. سپس یک پرسش دوگزینه‌ای مطرح می‌شود که در آن دو ضرب‌المثل انگلیسی ارائه شده است و از شما خواسته می‌شود تشخیص دهید کدام‌ یک از آن‌ها از نظر کاربرد و معنا بیشترین شباهت را با ضرب‌المثل فارسی داده‌شده دارد.

وظیفه‌ی شما این است که تنها یک گزینه‌ی صحیح را انتخاب کنید. پاسخ شما باید فقط شامل حرف گزینه‌ی درست (الف یا ب) باشد و هیچ متن یا توضیح اضافی ارائه نکنید.

ضرب‌المثل فارسی:
بادآورده را باد می‌برد

سؤال:
کدام‌ یک از این دو ضرب‌المثل انگلیسی از نظر کاربرد و معنا بیشترین شباهت را با ضرب‌المثل فارسی داده‌شده دارد؟

گزینه‌ها:
الف) Easy come, easy go.
ب) Sow the wind, reap the whirlwind.","{'الف': 'Equivalent', 'ب': 'Irrelevant'}"
"شما یک مدل زبانی هستید که برای تشخیص معادل معنایی مناسب ضرب‌المثل‌های فارسی در زبان انگلیسی طراحی شده‌اید.

به شما یک ضرب‌المثل فارسی داده می‌شود. سپس یک پرسش دوگزینه‌ای مطرح می‌شود که در آن دو ضرب‌المثل انگلیسی ارائه شده است و از شما خواسته می‌شود تشخیص دهید کدام‌ یک از آن‌ها از نظر کاربرد و معنا بیشترین شباهت را با ضرب‌المثل فارسی داده‌شده دارد.

وظیفه‌ی شما این است که تنها یک گزینه‌ی صحیح را انتخاب کنید. پاسخ شما باید فقط شامل حرف گزینه‌ی درست (الف یا ب) باشد و هیچ متن یا توضیح اضافی ارائه نکنید.

ضرب‌المثل فارسی:
باد در قفس می‌کنی.

سؤال:
کدام‌ یک از این دو ضرب‌المثل انگلیسی از نظر کاربرد و معنا بیشترین شباهت را با ضرب‌المثل فارسی داده‌شده دارد؟

گزینه‌ها:
الف) A gilded cage is still a cage.
ب) You can't catch the wind in a net.","{'الف': 'Irrelevant', 'ب': 'Equivalent'}"
"شما یک مدل زبانی هستید که برای تشخیص معادل معنایی مناسب ضرب‌المثل‌های فارسی در زبان انگلیسی طراحی شده‌اید.

به شما یک ضرب‌المثل فارسی داده می‌شود. سپس یک پرسش دوگزینه‌ای مطرح می‌شود که در آن دو ضرب‌المثل انگلیسی ارائه شده است و از شما خواسته می‌شود تشخیص دهید کدام‌ یک از آن‌ها از نظر کاربرد و معنا بیشترین شباهت را با ضرب‌المثل فارسی داده‌شده دارد.

وظیفه‌ی شما این است که تنها یک گزینه‌ی صحیح را انتخاب کنید. پاسخ شما باید فقط شامل حرف گزینه‌ی درست (الف یا ب) باشد و هیچ متن یا توضیح اضافی ارائه نکنید.

ضرب‌المثل فارسی:
با دمش گردو می‌شکند.

سؤال:
کدام‌ یک از این دو ضرب‌المثل انگلیسی از نظر کاربرد و معنا بیشترین شباهت را با ضرب‌المثل فارسی داده‌شده دارد؟

گزینه‌ها:
الف) A hard nut to crack.
ب) Like a dog with two tails.","{'الف': 'Irrelevant', 'ب': 'Equivalent'}"
"شما یک مدل زبانی هستید که برای تشخیص معادل معنایی مناسب ضرب‌المثل‌های فارسی در زبان انگلیسی طراحی شده‌اید.

به شما یک ضرب‌المثل فارسی داده می‌شود. سپس یک پرسش دوگزینه‌ای مطرح می‌شود که در آن دو ضرب‌المثل انگلیسی ارائه شده است و از شما خواسته می‌شود تشخیص دهید کدام‌ یک از آن‌ها از نظر کاربرد و معنا بیشترین شباهت را با ضرب‌المثل فارسی داده‌شده دارد.

وظیفه‌ی شما این است که تنها یک گزینه‌ی صحیح را انتخاب کنید. پاسخ شما باید فقط شامل حرف گزینه‌ی درست (الف یا ب) باشد و هیچ متن یا توضیح اضافی ارائه نکنید.

ضرب‌المثل فارسی:
با دم شیر بازی می‌کنی!

سؤال:
کدام‌ یک از این دو ضرب‌المثل انگلیسی از نظر کاربرد و معنا بیشترین شباهت را با ضرب‌المثل فارسی داده‌شده دارد؟

گزینه‌ها:
الف) You're playing with fire.
ب) The tail is wagging the dog.","{'الف': 'Equivalent', 'ب': 'Irrelevant'}"
"شما یک مدل زبانی هستید که برای تشخیص معادل معنایی مناسب ضرب‌المثل‌های فارسی در زبان انگلیسی طراحی شده‌اید.

به شما یک ضرب‌المثل فارسی داده می‌شود. سپس یک پرسش دوگزینه‌ای مطرح می‌شود که در آن دو ضرب‌المثل انگلیسی ارائه شده است و از شما خواسته می‌شود تشخیص دهید کدام‌ یک از آن‌ها از نظر کاربرد و معنا بیشترین شباهت را با ضرب‌المثل فارسی داده‌شده دارد.

وظیفه‌ی شما این است که تنها یک گزینه‌ی صحیح را انتخاب کنید. پاسخ شما باید فقط شامل حرف گزینه‌ی درست (الف یا ب) باشد و هیچ متن یا توضیح اضافی ارائه نکنید.

ضرب‌المثل فارسی:
بار به کرایه اش نمی‌ارزد.

سؤال:
کدام‌ یک از این دو ضرب‌المثل انگلیسی از نظر کاربرد و معنا بیشترین شباهت را با ضرب‌المثل فارسی داده‌شده دارد؟

گزینه‌ها:
الف) Many hands make light work.
ب) The game is not worth the candle.","{'الف': 'Irrelevant', 'ب': 'Equivalent'}"
"شما یک مدل زبانی هستید که برای تشخیص معادل معنایی مناسب ضرب‌المثل‌های فارسی در زبان انگلیسی طراحی شده‌اید.

به شما یک ضرب‌المثل فارسی داده می‌شود. سپس یک پرسش دوگزینه‌ای مطرح می‌شود که در آن دو ضرب‌المثل انگلیسی ارائه شده است و از شما خواسته می‌شود تشخیص دهید کدام‌ یک از آن‌ها از نظر کاربرد و معنا بیشترین شباهت را با ضرب‌المثل فارسی داده‌شده دارد.

وظیفه‌ی شما این است که تنها یک گزینه‌ی صحیح را انتخاب کنید. پاسخ شما باید فقط شامل حرف گزینه‌ی درست (الف یا ب) باشد و هیچ متن یا توضیح اضافی ارائه نکنید.

ضرب‌المثل فارسی:
با شاه پالوده نمی‌خورد.

سؤال:
کدام‌ یک از این دو ضرب‌المثل انگلیسی از نظر کاربرد و معنا بیشترین شباهت را با ضرب‌المثل فارسی داده‌شده دارد؟

گزینه‌ها:
الف) A cat may look at a king.
ب) He wouldn't give you the time of day.","{'الف': 'Irrelevant', 'ب': 'Equivalent'}"
"شما یک مدل زبانی هستید که برای تشخیص معادل معنایی مناسب ضرب‌المثل‌های فارسی در زبان انگلیسی طراحی شده‌اید.

به شما یک ضرب‌المثل فارسی داده می‌شود. سپس یک پرسش دوگزینه‌ای مطرح می‌شود که در آن دو ضرب‌المثل انگلیسی ارائه شده است و از شما خواسته می‌شود تشخیص دهید کدام‌ یک از آن‌ها از نظر کاربرد و معنا بیشترین شباهت را با ضرب‌المثل فارسی داده‌شده دارد.

وظیفه‌ی شما این است که تنها یک گزینه‌ی صحیح را انتخاب کنید. پاسخ شما باید فقط شامل حرف گزینه‌ی درست (الف یا ب) باشد و هیچ متن یا توضیح اضافی ارائه نکنید.

ضرب‌المثل فارسی:
با مردن یک میراب شهری بی‌ آب نمی‌ماند.

سؤال:
کدام‌ یک از این دو ضرب‌المثل انگلیسی از نظر کاربرد و معنا بیشترین شباهت را با ضرب‌المثل فارسی داده‌شده دارد؟

گزینه‌ها:
الف) You don't miss the water till the well runs dry.
ب) The graveyards are full of indispensable men.","{'الف': 'Irrelevant', 'ب': 'Equivalent'}"
"شما یک مدل زبانی هستید که برای تشخیص معادل معنایی مناسب ضرب‌المثل‌های فارسی در زبان انگلیسی طراحی شده‌اید.

به شما یک ضرب‌المثل فارسی داده می‌شود. سپس یک پرسش دوگزینه‌ای مطرح می‌شود که در آن دو ضرب‌المثل انگلیسی ارائه شده است و از شما خواسته می‌شود تشخیص دهید کدام‌ یک از آن‌ها از نظر کاربرد و معنا بیشترین شباهت را با ضرب‌المثل فارسی داده‌شده دارد.

وظیفه‌ی شما این است که تنها یک گزینه‌ی صحیح را انتخاب کنید. پاسخ شما باید فقط شامل حرف گزینه‌ی درست (الف یا ب) باشد و هیچ متن یا توضیح اضافی ارائه نکنید.

ضرب‌المثل فارسی:
با هر گلی خاری است.

سؤال:
کدام‌ یک از این دو ضرب‌المثل انگلیسی از نظر کاربرد و معنا بیشترین شباهت را با ضرب‌المثل فارسی داده‌شده دارد؟

گزینه‌ها:
الف) Every rose has its thorn.
ب) A rolling stone gathers no moss.","{'الف': 'Equivalent', 'ب': 'Irrelevant'}"
"شما یک مدل زبانی هستید که برای تشخیص معادل معنایی مناسب ضرب‌المثل‌های فارسی در زبان انگلیسی طراحی شده‌اید.

به شما یک ضرب‌المثل فارسی داده می‌شود. سپس یک پرسش دوگزینه‌ای مطرح می‌شود که در آن دو ضرب‌المثل انگلیسی ارائه شده است و از شما خواسته می‌شود تشخیص دهید کدام‌ یک از آن‌ها از نظر کاربرد و معنا بیشترین شباهت را با ضرب‌المثل فارسی داده‌شده دارد.

وظیفه‌ی شما این است که تنها یک گزینه‌ی صحیح را انتخاب کنید. پاسخ شما باید فقط شامل حرف گزینه‌ی درست (الف یا ب) باشد و هیچ متن یا توضیح اضافی ارائه نکنید.

ضرب‌المثل فارسی:
باید دید قَلَمزن چه قلم زده است.

سؤال:
کدام‌ یک از این دو ضرب‌المثل انگلیسی از نظر کاربرد و معنا بیشترین شباهت را با ضرب‌المثل فارسی داده‌شده دارد؟

گزینه‌ها:
الف) Man proposes, God disposes.
ب) The pen is mightier than the sword.","{'الف': 'Equivalent', 'ب': 'Irrelevant'}"
"شما یک مدل زبانی هستید که برای تشخیص معادل معنایی مناسب ضرب‌المثل‌های فارسی در زبان انگلیسی طراحی شده‌اید.

به شما یک ضرب‌المثل فارسی داده می‌شود. سپس یک پرسش دوگزینه‌ای مطرح می‌شود که در آن دو ضرب‌المثل انگلیسی ارائه شده است و از شما خواسته می‌شود تشخیص دهید کدام‌ یک از آن‌ها از نظر کاربرد و معنا بیشترین شباهت را با ضرب‌المثل فارسی داده‌شده دارد.

وظیفه‌ی شما این است که تنها یک گزینه‌ی صحیح را انتخاب کنید. پاسخ شما باید فقط شامل حرف گزینه‌ی درست (الف یا ب) باشد و هیچ متن یا توضیح اضافی ارائه نکنید.

ضرب‌المثل فارسی:
با یک تیر دو نشان زد.

سؤال:
کدام‌ یک از این دو ضرب‌المثل انگلیسی از نظر کاربرد و معنا بیشترین شباهت را با ضرب‌المثل فارسی داده‌شده دارد؟

گزینه‌ها:
الف) A bird in the hand is worth two in the bush.
ب) Kill two birds with one stone.","{'الف': 'Irrelevant', 'ب': 'Equivalent'}"
"شما یک مدل زبانی هستید که برای تشخیص معادل معنایی مناسب ضرب‌المثل‌های فارسی در زبان انگلیسی طراحی شده‌اید.

به شما یک ضرب‌المثل فارسی داده می‌شود. سپس یک پرسش دوگزینه‌ای مطرح می‌شود که در آن دو ضرب‌المثل انگلیسی ارائه شده است و از شما خواسته می‌شود تشخیص دهید کدام‌ یک از آن‌ها از نظر کاربرد و معنا بیشترین شباهت را با ضرب‌المثل فارسی داده‌شده دارد.

وظیفه‌ی شما این است که تنها یک گزینه‌ی صحیح را انتخاب کنید. پاسخ شما باید فقط شامل حرف گزینه‌ی درست (الف یا ب) باشد و هیچ متن یا توضیح اضافی ارائه نکنید.

ضرب‌المثل فارسی:
با یک دست دو هندوانه برداشتن

سؤال:
کدام‌ یک از این دو ضرب‌المثل انگلیسی از نظر کاربرد و معنا بیشترین شباهت را با ضرب‌المثل فارسی داده‌شده دارد؟

گزینه‌ها:
الف) Don't bite off more than you can chew.
ب) A bird in the hand is worth two in the bush.","{'الف': 'Equivalent', 'ب': 'Irrelevant'}"
"شما یک مدل زبانی هستید که برای تشخیص معادل معنایی مناسب ضرب‌المثل‌های فارسی در زبان انگلیسی طراحی شده‌اید.

به شما یک ضرب‌المثل فارسی داده می‌شود. سپس یک پرسش دوگزینه‌ای مطرح می‌شود که در آن دو ضرب‌المثل انگلیسی ارائه شده است و از شما خواسته می‌شود تشخیص دهید کدام‌ یک از آن‌ها از نظر کاربرد و معنا بیشترین شباهت را با ضرب‌المثل فارسی داده‌شده دارد.

وظیفه‌ی شما این است که تنها یک گزینه‌ی صحیح را انتخاب کنید. پاسخ شما باید فقط شامل حرف گزینه‌ی درست (الف یا ب) باشد و هیچ متن یا توضیح اضافی ارائه نکنید.

ضرب‌المثل فارسی:
با یک کشمش گرمی‌اش می‌شود، با یک غوره سردی‌اش.

سؤال:
کدام‌ یک از این دو ضرب‌المثل انگلیسی از نظر کاربرد و معنا بیشترین شباهت را با ضرب‌المثل فارسی داده‌شده دارد؟

گزینه‌ها:
الف) He blows hot and cold.
ب) Sour grapes.","{'الف': 'Equivalent', 'ب': 'Irrelevant'}"
"شما یک مدل زبانی هستید که برای تشخیص معادل معنایی مناسب ضرب‌المثل‌های فارسی در زبان انگلیسی طراحی شده‌اید.

به شما یک ضرب‌المثل فارسی داده می‌شود. سپس یک پرسش دوگزینه‌ای مطرح می‌شود که در آن دو ضرب‌المثل انگلیسی ارائه شده است و از شما خواسته می‌شود تشخیص دهید کدام‌ یک از آن‌ها از نظر کاربرد و معنا بیشترین شباهت را با ضرب‌المثل فارسی داده‌شده دارد.

وظیفه‌ی شما این است که تنها یک گزینه‌ی صحیح را انتخاب کنید. پاسخ شما باید فقط شامل حرف گزینه‌ی درست (الف یا ب) باشد و هیچ متن یا توضیح اضافی ارائه نکنید.

ضرب‌المثل فارسی:
با یک گل بهار نمی‌شود.

سؤال:
کدام‌ یک از این دو ضرب‌المثل انگلیسی از نظر کاربرد و معنا بیشترین شباهت را با ضرب‌المثل فارسی داده‌شده دارد؟

گزینه‌ها:
الف) One swallow does not a summer make.
ب) April showers bring May flowers.","{'الف': 'Equivalent', 'ب': 'Irrelevant'}"
"شما یک مدل زبانی هستید که برای تشخیص معادل معنایی مناسب ضرب‌المثل‌های فارسی در زبان انگلیسی طراحی شده‌اید.

به شما یک ضرب‌المثل فارسی داده می‌شود. سپس یک پرسش دوگزینه‌ای مطرح می‌شود که در آن دو ضرب‌المثل انگلیسی ارائه شده است و از شما خواسته می‌شود تشخیص دهید کدام‌ یک از آن‌ها از نظر کاربرد و معنا بیشترین شباهت را با ضرب‌المثل فارسی داده‌شده دارد.

وظیفه‌ی شما این است که تنها یک گزینه‌ی صحیح را انتخاب کنید. پاسخ شما باید فقط شامل حرف گزینه‌ی درست (الف یا ب) باشد و هیچ متن یا توضیح اضافی ارائه نکنید.

ضرب‌المثل فارسی:
با یک من عسل هم نمی‌شود خوردش.

سؤال:
کدام‌ یک از این دو ضرب‌المثل انگلیسی از نظر کاربرد و معنا بیشترین شباهت را با ضرب‌المثل فارسی داده‌شده دارد؟

گزینه‌ها:
الف) You can catch more flies with honey than with vinegar.
ب) Some people would complain if you hanged them with a new rope.","{'الف': 'Irrelevant', 'ب': 'Equivalent'}"
"شما یک مدل زبانی هستید که برای تشخیص معادل معنایی مناسب ضرب‌المثل‌های فارسی در زبان انگلیسی طراحی شده‌اید.

به شما یک ضرب‌المثل فارسی داده می‌شود. سپس یک پرسش دوگزینه‌ای مطرح می‌شود که در آن دو ضرب‌المثل انگلیسی ارائه شده است و از شما خواسته می‌شود تشخیص دهید کدام‌ یک از آن‌ها از نظر کاربرد و معنا بیشترین شباهت را با ضرب‌المثل فارسی داده‌شده دارد.

وظیفه‌ی شما این است که تنها یک گزینه‌ی صحیح را انتخاب کنید. پاسخ شما باید فقط شامل حرف گزینه‌ی درست (الف یا ب) باشد و هیچ متن یا توضیح اضافی ارائه نکنید.

ضرب‌المثل فارسی:
ببینیم و تعریف کنیم.

سؤال:
کدام‌ یک از این دو ضرب‌المثل انگلیسی از نظر کاربرد و معنا بیشترین شباهت را با ضرب‌المثل فارسی داده‌شده دارد؟

گزینه‌ها:
الف) The proof of the pudding is in the eating.
ب) A picture is worth a thousand words.","{'الف': 'Equivalent', 'ب': 'Irrelevant'}"
"شما یک مدل زبانی هستید که برای تشخیص معادل معنایی مناسب ضرب‌المثل‌های فارسی در زبان انگلیسی طراحی شده‌اید.

به شما یک ضرب‌المثل فارسی داده می‌شود. سپس یک پرسش دوگزینه‌ای مطرح می‌شود که در آن دو ضرب‌المثل انگلیسی ارائه شده است و از شما خواسته می‌شود تشخیص دهید کدام‌ یک از آن‌ها از نظر کاربرد و معنا بیشترین شباهت را با ضرب‌المثل فارسی داده‌شده دارد.

وظیفه‌ی شما این است که تنها یک گزینه‌ی صحیح را انتخاب کنید. پاسخ شما باید فقط شامل حرف گزینه‌ی درست (الف یا ب) باشد و هیچ متن یا توضیح اضافی ارائه نکنید.

ضرب‌المثل فارسی:
بپّا کوزه را نشکنی.

سؤال:
کدام‌ یک از این دو ضرب‌المثل انگلیسی از نظر کاربرد و معنا بیشترین شباهت را با ضرب‌المثل فارسی داده‌شده دارد؟

گزینه‌ها:
الف) The cure is worse than the disease.
ب) A watched pot never boils.","{'الف': 'Equivalent', 'ب': 'Irrelevant'}"
"شما یک مدل زبانی هستید که برای تشخیص معادل معنایی مناسب ضرب‌المثل‌های فارسی در زبان انگلیسی طراحی شده‌اید.

به شما یک ضرب‌المثل فارسی داده می‌شود. سپس یک پرسش دوگزینه‌ای مطرح می‌شود که در آن دو ضرب‌المثل انگلیسی ارائه شده است و از شما خواسته می‌شود تشخیص دهید کدام‌ یک از آن‌ها از نظر کاربرد و معنا بیشترین شباهت را با ضرب‌المثل فارسی داده‌شده دارد.

وظیفه‌ی شما این است که تنها یک گزینه‌ی صحیح را انتخاب کنید. پاسخ شما باید فقط شامل حرف گزینه‌ی درست (الف یا ب) باشد و هیچ متن یا توضیح اضافی ارائه نکنید.

ضرب‌المثل فارسی:
بچه که دامن را شناخت بر زمین ننشیند

سؤال:
کدام‌ یک از این دو ضرب‌المثل انگلیسی از نظر کاربرد و معنا بیشترین شباهت را با ضرب‌المثل فارسی داده‌شده دارد؟

گزینه‌ها:
الف) Old habits die hard.
ب) Spare the rod and spoil the child.","{'الف': 'Equivalent', 'ب': 'Irrelevant'}"
"شما یک مدل زبانی هستید که برای تشخیص معادل معنایی مناسب ضرب‌المثل‌های فارسی در زبان انگلیسی طراحی شده‌اید.

به شما یک ضرب‌المثل فارسی داده می‌شود. سپس یک پرسش دوگزینه‌ای مطرح می‌شود که در آن دو ضرب‌المثل انگلیسی ارائه شده است و از شما خواسته می‌شود تشخیص دهید کدام‌ یک از آن‌ها از نظر کاربرد و معنا بیشترین شباهت را با ضرب‌المثل فارسی داده‌شده دارد.

وظیفه‌ی شما این است که تنها یک گزینه‌ی صحیح را انتخاب کنید. پاسخ شما باید فقط شامل حرف گزینه‌ی درست (الف یا ب) باشد و هیچ متن یا توضیح اضافی ارائه نکنید.

ضرب‌المثل فارسی:
بچه نازادن به از شش ماهه افکندن جنین!

سؤال:
کدام‌ یک از این دو ضرب‌المثل انگلیسی از نظر کاربرد و معنا بیشترین شباهت را با ضرب‌المثل فارسی داده‌شده دارد؟

گزینه‌ها:
الف) If a job is worth doing, it's worth doing well.
ب) Don't throw the baby out with the bathwater.","{'الف': 'Equivalent', 'ب': 'Irrelevant'}"
"شما یک مدل زبانی هستید که برای تشخیص معادل معنایی مناسب ضرب‌المثل‌های فارسی در زبان انگلیسی طراحی شده‌اید.

به شما یک ضرب‌المثل فارسی داده می‌شود. سپس یک پرسش دوگزینه‌ای مطرح می‌شود که در آن دو ضرب‌المثل انگلیسی ارائه شده است و از شما خواسته می‌شود تشخیص دهید کدام‌ یک از آن‌ها از نظر کاربرد و معنا بیشترین شباهت را با ضرب‌المثل فارسی داده‌شده دارد.

وظیفه‌ی شما این است که تنها یک گزینه‌ی صحیح را انتخاب کنید. پاسخ شما باید فقط شامل حرف گزینه‌ی درست (الف یا ب) باشد و هیچ متن یا توضیح اضافی ارائه نکنید.

ضرب‌المثل فارسی:
بچه همسایه زود بزرگ می‌شود.

سؤال:
کدام‌ یک از این دو ضرب‌المثل انگلیسی از نظر کاربرد و معنا بیشترین شباهت را با ضرب‌المثل فارسی داده‌شده دارد؟

گزینه‌ها:
الف) The apple doesn't fall far from the tree.
ب) The grass is always greener on the other side.","{'الف': 'Irrelevant', 'ب': 'Equivalent'}"
"شما یک مدل زبانی هستید که برای تشخیص معادل معنایی مناسب ضرب‌المثل‌های فارسی در زبان انگلیسی طراحی شده‌اید.

به شما یک ضرب‌المثل فارسی داده می‌شود. سپس یک پرسش دوگزینه‌ای مطرح می‌شود که در آن دو ضرب‌المثل انگلیسی ارائه شده است و از شما خواسته می‌شود تشخیص دهید کدام‌ یک از آن‌ها از نظر کاربرد و معنا بیشترین شباهت را با ضرب‌المثل فارسی داده‌شده دارد.

وظیفه‌ی شما این است که تنها یک گزینه‌ی صحیح را انتخاب کنید. پاسخ شما باید فقط شامل حرف گزینه‌ی درست (الف یا ب) باشد و هیچ متن یا توضیح اضافی ارائه نکنید.

ضرب‌المثل فارسی:
بخواب که جات است.

سؤال:
کدام‌ یک از این دو ضرب‌المثل انگلیسی از نظر کاربرد و معنا بیشترین شباهت را با ضرب‌المثل فارسی داده‌شده دارد؟

گزینه‌ها:
الف) You've made your bed, now lie in it.
ب) Let sleeping dogs lie.","{'الف': 'Equivalent', 'ب': 'Irrelevant'}"
"شما یک مدل زبانی هستید که برای تشخیص معادل معنایی مناسب ضرب‌المثل‌های فارسی در زبان انگلیسی طراحی شده‌اید.

به شما یک ضرب‌المثل فارسی داده می‌شود. سپس یک پرسش دوگزینه‌ای مطرح می‌شود که در آن دو ضرب‌المثل انگلیسی ارائه شده است و از شما خواسته می‌شود تشخیص دهید کدام‌ یک از آن‌ها از نظر کاربرد و معنا بیشترین شباهت را با ضرب‌المثل فارسی داده‌شده دارد.

وظیفه‌ی شما این است که تنها یک گزینه‌ی صحیح را انتخاب کنید. پاسخ شما باید فقط شامل حرف گزینه‌ی درست (الف یا ب) باشد و هیچ متن یا توضیح اضافی ارائه نکنید.

ضرب‌المثل فارسی:
بد مکن که بد افتی، چه مکن که خود افتی.

سؤال:
کدام‌ یک از این دو ضرب‌المثل انگلیسی از نظر کاربرد و معنا بیشترین شباهت را با ضرب‌المثل فارسی داده‌شده دارد؟

گزینه‌ها:
الف) He who digs a pit for others falls into it himself.
ب) Pride comes before a fall.","{'الف': 'Equivalent', 'ب': 'Irrelevant'}"
"شما یک مدل زبانی هستید که برای تشخیص معادل معنایی مناسب ضرب‌المثل‌های فارسی در زبان انگلیسی طراحی شده‌اید.

به شما یک ضرب‌المثل فارسی داده می‌شود. سپس یک پرسش دوگزینه‌ای مطرح می‌شود که در آن دو ضرب‌المثل انگلیسی ارائه شده است و از شما خواسته می‌شود تشخیص دهید کدام‌ یک از آن‌ها از نظر کاربرد و معنا بیشترین شباهت را با ضرب‌المثل فارسی داده‌شده دارد.

وظیفه‌ی شما این است که تنها یک گزینه‌ی صحیح را انتخاب کنید. پاسخ شما باید فقط شامل حرف گزینه‌ی درست (الف یا ب) باشد و هیچ متن یا توضیح اضافی ارائه نکنید.

ضرب‌المثل فارسی:
بدهکار را رو بدهی، طلبکار می‌شود.

سؤال:
کدام‌ یک از این دو ضرب‌المثل انگلیسی از نظر کاربرد و معنا بیشترین شباهت را با ضرب‌المثل فارسی داده‌شده دارد؟

گزینه‌ها:
الف) Give them an inch and they'll take a mile.
ب) Neither a borrower nor a lender be.","{'الف': 'Equivalent', 'ب': 'Irrelevant'}"
"شما یک مدل زبانی هستید که برای تشخیص معادل معنایی مناسب ضرب‌المثل‌های فارسی در زبان انگلیسی طراحی شده‌اید.

به شما یک ضرب‌المثل فارسی داده می‌شود. سپس یک پرسش دوگزینه‌ای مطرح می‌شود که در آن دو ضرب‌المثل انگلیسی ارائه شده است و از شما خواسته می‌شود تشخیص دهید کدام‌ یک از آن‌ها از نظر کاربرد و معنا بیشترین شباهت را با ضرب‌المثل فارسی داده‌شده دارد.

وظیفه‌ی شما این است که تنها یک گزینه‌ی صحیح را انتخاب کنید. پاسخ شما باید فقط شامل حرف گزینه‌ی درست (الف یا ب) باشد و هیچ متن یا توضیح اضافی ارائه نکنید.

ضرب‌المثل فارسی:
برادری و خواهری به صحرای کربلا آمده.

سؤال:
کدام‌ یک از این دو ضرب‌المثل انگلیسی از نظر کاربرد و معنا بیشترین شباهت را با ضرب‌المثل فارسی داده‌شده دارد؟

گزینه‌ها:
الف) All is fair in love and war.
ب) Blood is thicker than water.","{'الف': 'Irrelevant', 'ب': 'Equivalent'}"
"شما یک مدل زبانی هستید که برای تشخیص معادل معنایی مناسب ضرب‌المثل‌های فارسی در زبان انگلیسی طراحی شده‌اید.

به شما یک ضرب‌المثل فارسی داده می‌شود. سپس یک پرسش دوگزینه‌ای مطرح می‌شود که در آن دو ضرب‌المثل انگلیسی ارائه شده است و از شما خواسته می‌شود تشخیص دهید کدام‌ یک از آن‌ها از نظر کاربرد و معنا بیشترین شباهت را با ضرب‌المثل فارسی داده‌شده دارد.

وظیفه‌ی شما این است که تنها یک گزینه‌ی صحیح را انتخاب کنید. پاسخ شما باید فقط شامل حرف گزینه‌ی درست (الف یا ب) باشد و هیچ متن یا توضیح اضافی ارائه نکنید.

ضرب‌المثل فارسی:
برای کسی بمیر که برایت تب کند.

سؤال:
کدام‌ یک از این دو ضرب‌المثل انگلیسی از نظر کاربرد و معنا بیشترین شباهت را با ضرب‌المثل فارسی داده‌شده دارد؟

گزینه‌ها:
الف) Don't cast your pearls before swine.
ب) Feed a cold, starve a fever.","{'الف': 'Equivalent', 'ب': 'Irrelevant'}"
"شما یک مدل زبانی هستید که برای تشخیص معادل معنایی مناسب ضرب‌المثل‌های فارسی در زبان انگلیسی طراحی شده‌اید.

به شما یک ضرب‌المثل فارسی داده می‌شود. سپس یک پرسش دوگزینه‌ای مطرح می‌شود که در آن دو ضرب‌المثل انگلیسی ارائه شده است و از شما خواسته می‌شود تشخیص دهید کدام‌ یک از آن‌ها از نظر کاربرد و معنا بیشترین شباهت را با ضرب‌المثل فارسی داده‌شده دارد.

وظیفه‌ی شما این است که تنها یک گزینه‌ی صحیح را انتخاب کنید. پاسخ شما باید فقط شامل حرف گزینه‌ی درست (الف یا ب) باشد و هیچ متن یا توضیح اضافی ارائه نکنید.

ضرب‌المثل فارسی:
برای کسی تره هم خرد نمی‌کند.

سؤال:
کدام‌ یک از این دو ضرب‌المثل انگلیسی از نظر کاربرد و معنا بیشترین شباهت را با ضرب‌المثل فارسی داده‌شده دارد؟

گزینه‌ها:
الف) Too many cooks spoil the broth.
ب) Not to give a fig for someone.","{'الف': 'Irrelevant', 'ب': 'Equivalent'}"
"شما یک مدل زبانی هستید که برای تشخیص معادل معنایی مناسب ضرب‌المثل‌های فارسی در زبان انگلیسی طراحی شده‌اید.

به شما یک ضرب‌المثل فارسی داده می‌شود. سپس یک پرسش دوگزینه‌ای مطرح می‌شود که در آن دو ضرب‌المثل انگلیسی ارائه شده است و از شما خواسته می‌شود تشخیص دهید کدام‌ یک از آن‌ها از نظر کاربرد و معنا بیشترین شباهت را با ضرب‌المثل فارسی داده‌شده دارد.

وظیفه‌ی شما این است که تنها یک گزینه‌ی صحیح را انتخاب کنید. پاسخ شما باید فقط شامل حرف گزینه‌ی درست (الف یا ب) باشد و هیچ متن یا توضیح اضافی ارائه نکنید.

ضرب‌المثل فارسی:
برای لای جرز دیوار خوب است.

سؤال:
کدام‌ یک از این دو ضرب‌المثل انگلیسی از نظر کاربرد و معنا بیشترین شباهت را با ضرب‌المثل فارسی داده‌شده دارد؟

گزینه‌ها:
الف) Good for nothing.
ب) The writing is on the wall.","{'الف': 'Equivalent', 'ب': 'Irrelevant'}"
"شما یک مدل زبانی هستید که برای تشخیص معادل معنایی مناسب ضرب‌المثل‌های فارسی در زبان انگلیسی طراحی شده‌اید.

به شما یک ضرب‌المثل فارسی داده می‌شود. سپس یک پرسش دوگزینه‌ای مطرح می‌شود که در آن دو ضرب‌المثل انگلیسی ارائه شده است و از شما خواسته می‌شود تشخیص دهید کدام‌ یک از آن‌ها از نظر کاربرد و معنا بیشترین شباهت را با ضرب‌المثل فارسی داده‌شده دارد.

وظیفه‌ی شما این است که تنها یک گزینه‌ی صحیح را انتخاب کنید. پاسخ شما باید فقط شامل حرف گزینه‌ی درست (الف یا ب) باشد و هیچ متن یا توضیح اضافی ارائه نکنید.

ضرب‌المثل فارسی:
برای همه مادر است، برای ما زن بابا.

سؤال:
کدام‌ یک از این دو ضرب‌المثل انگلیسی از نظر کاربرد و معنا بیشترین شباهت را با ضرب‌المثل فارسی داده‌شده دارد؟

گزینه‌ها:
الف) Charity begins at home.
ب) Like father, like son.","{'الف': 'Equivalent', 'ب': 'Irrelevant'}"
"شما یک مدل زبانی هستید که برای تشخیص معادل معنایی مناسب ضرب‌المثل‌های فارسی در زبان انگلیسی طراحی شده‌اید.

به شما یک ضرب‌المثل فارسی داده می‌شود. سپس یک پرسش دوگزینه‌ای مطرح می‌شود که در آن دو ضرب‌المثل انگلیسی ارائه شده است و از شما خواسته می‌شود تشخیص دهید کدام‌ یک از آن‌ها از نظر کاربرد و معنا بیشترین شباهت را با ضرب‌المثل فارسی داده‌شده دارد.

وظیفه‌ی شما این است که تنها یک گزینه‌ی صحیح را انتخاب کنید. پاسخ شما باید فقط شامل حرف گزینه‌ی درست (الف یا ب) باشد و هیچ متن یا توضیح اضافی ارائه نکنید.

ضرب‌المثل فارسی:
برای یک بی‌نماز در مسجد را نمی‌بندند.

سؤال:
کدام‌ یک از این دو ضرب‌المثل انگلیسی از نظر کاربرد و معنا بیشترین شباهت را با ضرب‌المثل فارسی داده‌شده دارد؟

گزینه‌ها:
الف) Don't throw the baby out with the bathwater.
ب) When one door closes, another opens.","{'الف': 'Equivalent', 'ب': 'Irrelevant'}"
"شما یک مدل زبانی هستید که برای تشخیص معادل معنایی مناسب ضرب‌المثل‌های فارسی در زبان انگلیسی طراحی شده‌اید.

به شما یک ضرب‌المثل فارسی داده می‌شود. سپس یک پرسش دوگزینه‌ای مطرح می‌شود که در آن دو ضرب‌المثل انگلیسی ارائه شده است و از شما خواسته می‌شود تشخیص دهید کدام‌ یک از آن‌ها از نظر کاربرد و معنا بیشترین شباهت را با ضرب‌المثل فارسی داده‌شده دارد.

وظیفه‌ی شما این است که تنها یک گزینه‌ی صحیح را انتخاب کنید. پاسخ شما باید فقط شامل حرف گزینه‌ی درست (الف یا ب) باشد و هیچ متن یا توضیح اضافی ارائه نکنید.

ضرب‌المثل فارسی:
برعکس نهند نام زنگی کافور.

سؤال:
کدام‌ یک از این دو ضرب‌المثل انگلیسی از نظر کاربرد و معنا بیشترین شباهت را با ضرب‌المثل فارسی داده‌شده دارد؟

گزینه‌ها:
الف) The pot calling the kettle black.
ب) The cowl does not make the monk.","{'الف': 'Irrelevant', 'ب': 'Equivalent'}"
"شما یک مدل زبانی هستید که برای تشخیص معادل معنایی مناسب ضرب‌المثل‌های فارسی در زبان انگلیسی طراحی شده‌اید.

به شما یک ضرب‌المثل فارسی داده می‌شود. سپس یک پرسش دوگزینه‌ای مطرح می‌شود که در آن دو ضرب‌المثل انگلیسی ارائه شده است و از شما خواسته می‌شود تشخیص دهید کدام‌ یک از آن‌ها از نظر کاربرد و معنا بیشترین شباهت را با ضرب‌المثل فارسی داده‌شده دارد.

وظیفه‌ی شما این است که تنها یک گزینه‌ی صحیح را انتخاب کنید. پاسخ شما باید فقط شامل حرف گزینه‌ی درست (الف یا ب) باشد و هیچ متن یا توضیح اضافی ارائه نکنید.

ضرب‌المثل فارسی:
بشنو و باور مکن.

سؤال:
کدام‌ یک از این دو ضرب‌المثل انگلیسی از نظر کاربرد و معنا بیشترین شباهت را با ضرب‌المثل فارسی داده‌شده دارد؟

گزینه‌ها:
الف) Walls have ears.
ب) Take it with a grain of salt.","{'الف': 'Irrelevant', 'ب': 'Equivalent'}"
"شما یک مدل زبانی هستید که برای تشخیص معادل معنایی مناسب ضرب‌المثل‌های فارسی در زبان انگلیسی طراحی شده‌اید.

به شما یک ضرب‌المثل فارسی داده می‌شود. سپس یک پرسش دوگزینه‌ای مطرح می‌شود که در آن دو ضرب‌المثل انگلیسی ارائه شده است و از شما خواسته می‌شود تشخیص دهید کدام‌ یک از آن‌ها از نظر کاربرد و معنا بیشترین شباهت را با ضرب‌المثل فارسی داده‌شده دارد.

وظیفه‌ی شما این است که تنها یک گزینه‌ی صحیح را انتخاب کنید. پاسخ شما باید فقط شامل حرف گزینه‌ی درست (الف یا ب) باشد و هیچ متن یا توضیح اضافی ارائه نکنید.

ضرب‌المثل فارسی:
بعد از پنجاه سال گدایی، شب جمعه‌اش را گم کرده.

سؤال:
کدام‌ یک از این دو ضرب‌المثل انگلیسی از نظر کاربرد و معنا بیشترین شباهت را با ضرب‌المثل فارسی داده‌شده دارد؟

گزینه‌ها:
الف) Beggars can't be choosers.
ب) Even Homer sometimes nods.","{'الف': 'Irrelevant', 'ب': 'Equivalent'}"
"شما یک مدل زبانی هستید که برای تشخیص معادل معنایی مناسب ضرب‌المثل‌های فارسی در زبان انگلیسی طراحی شده‌اید.

به شما یک ضرب‌المثل فارسی داده می‌شود. سپس یک پرسش دوگزینه‌ای مطرح می‌شود که در آن دو ضرب‌المثل انگلیسی ارائه شده است و از شما خواسته می‌شود تشخیص دهید کدام‌ یک از آن‌ها از نظر کاربرد و معنا بیشترین شباهت را با ضرب‌المثل فارسی داده‌شده دارد.

وظیفه‌ی شما این است که تنها یک گزینه‌ی صحیح را انتخاب کنید. پاسخ شما باید فقط شامل حرف گزینه‌ی درست (الف یا ب) باشد و هیچ متن یا توضیح اضافی ارائه نکنید.

ضرب‌المثل فارسی:
بعضى شغالها برای خوردن خرس پسرخاله می‌شوند.

سؤال:
کدام‌ یک از این دو ضرب‌المثل انگلیسی از نظر کاربرد و معنا بیشترین شباهت را با ضرب‌المثل فارسی داده‌شده دارد؟

گزینه‌ها:
الف) Blood is thicker than water.
ب) A wolf in sheep's clothing.","{'الف': 'Irrelevant', 'ب': 'Equivalent'}"
"شما یک مدل زبانی هستید که برای تشخیص معادل معنایی مناسب ضرب‌المثل‌های فارسی در زبان انگلیسی طراحی شده‌اید.

به شما یک ضرب‌المثل فارسی داده می‌شود. سپس یک پرسش دوگزینه‌ای مطرح می‌شود که در آن دو ضرب‌المثل انگلیسی ارائه شده است و از شما خواسته می‌شود تشخیص دهید کدام‌ یک از آن‌ها از نظر کاربرد و معنا بیشترین شباهت را با ضرب‌المثل فارسی داده‌شده دارد.

وظیفه‌ی شما این است که تنها یک گزینه‌ی صحیح را انتخاب کنید. پاسخ شما باید فقط شامل حرف گزینه‌ی درست (الف یا ب) باشد و هیچ متن یا توضیح اضافی ارائه نکنید.

ضرب‌المثل فارسی:
بغدادش خراب است.

سؤال:
کدام‌ یک از این دو ضرب‌المثل انگلیسی از نظر کاربرد و معنا بیشترین شباهت را با ضرب‌المثل فارسی داده‌شده دارد؟

گزینه‌ها:
الف) Rome wasn't built in a day.
ب) A few bricks shy of a load.","{'الف': 'Irrelevant', 'ب': 'Equivalent'}"
"شما یک مدل زبانی هستید که برای تشخیص معادل معنایی مناسب ضرب‌المثل‌های فارسی در زبان انگلیسی طراحی شده‌اید.

به شما یک ضرب‌المثل فارسی داده می‌شود. سپس یک پرسش دوگزینه‌ای مطرح می‌شود که در آن دو ضرب‌المثل انگلیسی ارائه شده است و از شما خواسته می‌شود تشخیص دهید کدام‌ یک از آن‌ها از نظر کاربرد و معنا بیشترین شباهت را با ضرب‌المثل فارسی داده‌شده دارد.

وظیفه‌ی شما این است که تنها یک گزینه‌ی صحیح را انتخاب کنید. پاسخ شما باید فقط شامل حرف گزینه‌ی درست (الف یا ب) باشد و هیچ متن یا توضیح اضافی ارائه نکنید.

ضرب‌المثل فارسی:
بکار تا درو کنی.

سؤال:
کدام‌ یک از این دو ضرب‌المثل انگلیسی از نظر کاربرد و معنا بیشترین شباهت را با ضرب‌المثل فارسی داده‌شده دارد؟

گزینه‌ها:
الف) You reap what you sow.
ب) Make hay while the sun shines.","{'الف': 'Equivalent', 'ب': 'Irrelevant'}"
"شما یک مدل زبانی هستید که برای تشخیص معادل معنایی مناسب ضرب‌المثل‌های فارسی در زبان انگلیسی طراحی شده‌اید.

به شما یک ضرب‌المثل فارسی داده می‌شود. سپس یک پرسش دوگزینه‌ای مطرح می‌شود که در آن دو ضرب‌المثل انگلیسی ارائه شده است و از شما خواسته می‌شود تشخیص دهید کدام‌ یک از آن‌ها از نظر کاربرد و معنا بیشترین شباهت را با ضرب‌المثل فارسی داده‌شده دارد.

وظیفه‌ی شما این است که تنها یک گزینه‌ی صحیح را انتخاب کنید. پاسخ شما باید فقط شامل حرف گزینه‌ی درست (الف یا ب) باشد و هیچ متن یا توضیح اضافی ارائه نکنید.

ضرب‌المثل فارسی:
بگویم دلم می‌سوزد، نگویم جگرم می‌سوزد.

سؤال:
کدام‌ یک از این دو ضرب‌المثل انگلیسی از نظر کاربرد و معنا بیشترین شباهت را با ضرب‌المثل فارسی داده‌شده دارد؟

گزینه‌ها:
الف) A burnt child dreads the fire.
ب) Damned if you do, damned if you don't.","{'الف': 'Irrelevant', 'ب': 'Equivalent'}"
"شما یک مدل زبانی هستید که برای تشخیص معادل معنایی مناسب ضرب‌المثل‌های فارسی در زبان انگلیسی طراحی شده‌اید.

به شما یک ضرب‌المثل فارسی داده می‌شود. سپس یک پرسش دوگزینه‌ای مطرح می‌شود که در آن دو ضرب‌المثل انگلیسی ارائه شده است و از شما خواسته می‌شود تشخیص دهید کدام‌ یک از آن‌ها از نظر کاربرد و معنا بیشترین شباهت را با ضرب‌المثل فارسی داده‌شده دارد.

وظیفه‌ی شما این است که تنها یک گزینه‌ی صحیح را انتخاب کنید. پاسخ شما باید فقط شامل حرف گزینه‌ی درست (الف یا ب) باشد و هیچ متن یا توضیح اضافی ارائه نکنید.

ضرب‌المثل فارسی:
بگویم مشکل، نگویم مشکل.

سؤال:
کدام‌ یک از این دو ضرب‌المثل انگلیسی از نظر کاربرد و معنا بیشترین شباهت را با ضرب‌المثل فارسی داده‌شده دارد؟

گزینه‌ها:
الف) Damned if you do, damned if you don't.
ب) Let sleeping dogs lie.","{'الف': 'Equivalent', 'ب': 'Irrelevant'}"
"شما یک مدل زبانی هستید که برای تشخیص معادل معنایی مناسب ضرب‌المثل‌های فارسی در زبان انگلیسی طراحی شده‌اید.

به شما یک ضرب‌المثل فارسی داده می‌شود. سپس یک پرسش دوگزینه‌ای مطرح می‌شود که در آن دو ضرب‌المثل انگلیسی ارائه شده است و از شما خواسته می‌شود تشخیص دهید کدام‌ یک از آن‌ها از نظر کاربرد و معنا بیشترین شباهت را با ضرب‌المثل فارسی داده‌شده دارد.

وظیفه‌ی شما این است که تنها یک گزینه‌ی صحیح را انتخاب کنید. پاسخ شما باید فقط شامل حرف گزینه‌ی درست (الف یا ب) باشد و هیچ متن یا توضیح اضافی ارائه نکنید.

ضرب‌المثل فارسی:
بگیر و ببند و بده دست من پهلوان!

سؤال:
کدام‌ یک از این دو ضرب‌المثل انگلیسی از نظر کاربرد و معنا بیشترین شباهت را با ضرب‌المثل فارسی داده‌شده دارد؟

گزینه‌ها:
الف) One sows and another reaps.
ب) Discretion is the better part of valor.","{'الف': 'Equivalent', 'ب': 'Irrelevant'}"
"شما یک مدل زبانی هستید که برای تشخیص معادل معنایی مناسب ضرب‌المثل‌های فارسی در زبان انگلیسی طراحی شده‌اید.

به شما یک ضرب‌المثل فارسی داده می‌شود. سپس یک پرسش دوگزینه‌ای مطرح می‌شود که در آن دو ضرب‌المثل انگلیسی ارائه شده است و از شما خواسته می‌شود تشخیص دهید کدام‌ یک از آن‌ها از نظر کاربرد و معنا بیشترین شباهت را با ضرب‌المثل فارسی داده‌شده دارد.

وظیفه‌ی شما این است که تنها یک گزینه‌ی صحیح را انتخاب کنید. پاسخ شما باید فقط شامل حرف گزینه‌ی درست (الف یا ب) باشد و هیچ متن یا توضیح اضافی ارائه نکنید.

ضرب‌المثل فارسی:
بلبلان خاموش باشید تا الاغ عرعر کند.

سؤال:
کدام‌ یک از این دو ضرب‌المثل انگلیسی از نظر کاربرد و معنا بیشترین شباهت را با ضرب‌المثل فارسی داده‌شده دارد؟

گزینه‌ها:
الف) Let sleeping dogs lie.
ب) Empty vessels make the most sound.","{'الف': 'Irrelevant', 'ب': 'Equivalent'}"
"شما یک مدل زبانی هستید که برای تشخیص معادل معنایی مناسب ضرب‌المثل‌های فارسی در زبان انگلیسی طراحی شده‌اید.

به شما یک ضرب‌المثل فارسی داده می‌شود. سپس یک پرسش دوگزینه‌ای مطرح می‌شود که در آن دو ضرب‌المثل انگلیسی ارائه شده است و از شما خواسته می‌شود تشخیص دهید کدام‌ یک از آن‌ها از نظر کاربرد و معنا بیشترین شباهت را با ضرب‌المثل فارسی داده‌شده دارد.

وظیفه‌ی شما این است که تنها یک گزینه‌ی صحیح را انتخاب کنید. پاسخ شما باید فقط شامل حرف گزینه‌ی درست (الف یا ب) باشد و هیچ متن یا توضیح اضافی ارائه نکنید.

ضرب‌المثل فارسی:
بند را آب دادن.

سؤال:
کدام‌ یک از این دو ضرب‌المثل انگلیسی از نظر کاربرد و معنا بیشترین شباهت را با ضرب‌المثل فارسی داده‌شده دارد؟

گزینه‌ها:
الف) To let the cat out of the bag.
ب) It's all water under the bridge.","{'الف': 'Equivalent', 'ب': 'Irrelevant'}"
"شما یک مدل زبانی هستید که برای تشخیص معادل معنایی مناسب ضرب‌المثل‌های فارسی در زبان انگلیسی طراحی شده‌اید.

به شما یک ضرب‌المثل فارسی داده می‌شود. سپس یک پرسش دوگزینه‌ای مطرح می‌شود که در آن دو ضرب‌المثل انگلیسی ارائه شده است و از شما خواسته می‌شود تشخیص دهید کدام‌ یک از آن‌ها از نظر کاربرد و معنا بیشترین شباهت را با ضرب‌المثل فارسی داده‌شده دارد.

وظیفه‌ی شما این است که تنها یک گزینه‌ی صحیح را انتخاب کنید. پاسخ شما باید فقط شامل حرف گزینه‌ی درست (الف یا ب) باشد و هیچ متن یا توضیح اضافی ارائه نکنید.

ضرب‌المثل فارسی:
بوی مشک پنهان نمی‌ماند.

سؤال:
کدام‌ یک از این دو ضرب‌المثل انگلیسی از نظر کاربرد و معنا بیشترین شباهت را با ضرب‌المثل فارسی داده‌شده دارد؟

گزینه‌ها:
الف) Something smells fishy.
ب) The truth will out.","{'الف': 'Irrelevant', 'ب': 'Equivalent'}"
"شما یک مدل زبانی هستید که برای تشخیص معادل معنایی مناسب ضرب‌المثل‌های فارسی در زبان انگلیسی طراحی شده‌اید.

به شما یک ضرب‌المثل فارسی داده می‌شود. سپس یک پرسش دوگزینه‌ای مطرح می‌شود که در آن دو ضرب‌المثل انگلیسی ارائه شده است و از شما خواسته می‌شود تشخیص دهید کدام‌ یک از آن‌ها از نظر کاربرد و معنا بیشترین شباهت را با ضرب‌المثل فارسی داده‌شده دارد.

وظیفه‌ی شما این است که تنها یک گزینه‌ی صحیح را انتخاب کنید. پاسخ شما باید فقط شامل حرف گزینه‌ی درست (الف یا ب) باشد و هیچ متن یا توضیح اضافی ارائه نکنید.

ضرب‌المثل فارسی:
به آهو می‌گوید بدو، به تازی می‌گوید بگیر.

سؤال:
کدام‌ یک از این دو ضرب‌المثل انگلیسی از نظر کاربرد و معنا بیشترین شباهت را با ضرب‌المثل فارسی داده‌شده دارد؟

گزینه‌ها:
الف) You can lead a horse to water, but you can't make it drink.
ب) Run with the hare and hunt with the hounds.","{'الف': 'Irrelevant', 'ب': 'Equivalent'}"
"شما یک مدل زبانی هستید که برای تشخیص معادل معنایی مناسب ضرب‌المثل‌های فارسی در زبان انگلیسی طراحی شده‌اید.

به شما یک ضرب‌المثل فارسی داده می‌شود. سپس یک پرسش دوگزینه‌ای مطرح می‌شود که در آن دو ضرب‌المثل انگلیسی ارائه شده است و از شما خواسته می‌شود تشخیص دهید کدام‌ یک از آن‌ها از نظر کاربرد و معنا بیشترین شباهت را با ضرب‌المثل فارسی داده‌شده دارد.

وظیفه‌ی شما این است که تنها یک گزینه‌ی صحیح را انتخاب کنید. پاسخ شما باید فقط شامل حرف گزینه‌ی درست (الف یا ب) باشد و هیچ متن یا توضیح اضافی ارائه نکنید.

ضرب‌المثل فارسی:
به آدم تنبل یک فرمان بده، دو هزار تا نصیحت پدرانه بشنو.

سؤال:
کدام‌ یک از این دو ضرب‌المثل انگلیسی از نظر کاربرد و معنا بیشترین شباهت را با ضرب‌المثل فارسی داده‌شده دارد؟

گزینه‌ها:
الف) A lazy man is full of excuses.
ب) Don't teach your grandmother to suck eggs.","{'الف': 'Equivalent', 'ب': 'Irrelevant'}"
"شما یک مدل زبانی هستید که برای تشخیص معادل معنایی مناسب ضرب‌المثل‌های فارسی در زبان انگلیسی طراحی شده‌اید.

به شما یک ضرب‌المثل فارسی داده می‌شود. سپس یک پرسش دوگزینه‌ای مطرح می‌شود که در آن دو ضرب‌المثل انگلیسی ارائه شده است و از شما خواسته می‌شود تشخیص دهید کدام‌ یک از آن‌ها از نظر کاربرد و معنا بیشترین شباهت را با ضرب‌المثل فارسی داده‌شده دارد.

وظیفه‌ی شما این است که تنها یک گزینه‌ی صحیح را انتخاب کنید. پاسخ شما باید فقط شامل حرف گزینه‌ی درست (الف یا ب) باشد و هیچ متن یا توضیح اضافی ارائه نکنید.

ضرب‌المثل فارسی:
به تاق ابروش بر خورد.

سؤال:
کدام‌ یک از این دو ضرب‌المثل انگلیسی از نظر کاربرد و معنا بیشترین شباهت را با ضرب‌المثل فارسی داده‌شده دارد؟

گزینه‌ها:
الف) Beauty is in the eye of the beholder.
ب) To get one's nose out of joint.","{'الف': 'Irrelevant', 'ب': 'Equivalent'}"
"شما یک مدل زبانی هستید که برای تشخیص معادل معنایی مناسب ضرب‌المثل‌های فارسی در زبان انگلیسی طراحی شده‌اید.

به شما یک ضرب‌المثل فارسی داده می‌شود. سپس یک پرسش دوگزینه‌ای مطرح می‌شود که در آن دو ضرب‌المثل انگلیسی ارائه شده است و از شما خواسته می‌شود تشخیص دهید کدام‌ یک از آن‌ها از نظر کاربرد و معنا بیشترین شباهت را با ضرب‌المثل فارسی داده‌شده دارد.

وظیفه‌ی شما این است که تنها یک گزینه‌ی صحیح را انتخاب کنید. پاسخ شما باید فقط شامل حرف گزینه‌ی درست (الف یا ب) باشد و هیچ متن یا توضیح اضافی ارائه نکنید.

ضرب‌المثل فارسی:
به تریج قبایش برخورده!

سؤال:
کدام‌ یک از این دو ضرب‌المثل انگلیسی از نظر کاربرد و معنا بیشترین شباهت را با ضرب‌المثل فارسی داده‌شده دارد؟

گزینه‌ها:
الف) Cut your coat according to your cloth.
ب) To have a thin skin.","{'الف': 'Irrelevant', 'ب': 'Equivalent'}"
"شما یک مدل زبانی هستید که برای تشخیص معادل معنایی مناسب ضرب‌المثل‌های فارسی در زبان انگلیسی طراحی شده‌اید.

به شما یک ضرب‌المثل فارسی داده می‌شود. سپس یک پرسش دوگزینه‌ای مطرح می‌شود که در آن دو ضرب‌المثل انگلیسی ارائه شده است و از شما خواسته می‌شود تشخیص دهید کدام‌ یک از آن‌ها از نظر کاربرد و معنا بیشترین شباهت را با ضرب‌المثل فارسی داده‌شده دارد.

وظیفه‌ی شما این است که تنها یک گزینه‌ی صحیح را انتخاب کنید. پاسخ شما باید فقط شامل حرف گزینه‌ی درست (الف یا ب) باشد و هیچ متن یا توضیح اضافی ارائه نکنید.

ضرب‌المثل فارسی:
به حرف ابله می‌گیرند، اما ول نمی‌کنند.

سؤال:
کدام‌ یک از این دو ضرب‌المثل انگلیسی از نظر کاربرد و معنا بیشترین شباهت را با ضرب‌المثل فارسی داده‌شده دارد؟

گزینه‌ها:
الف) Never argue with a fool; onlookers may not be able to tell the difference.
ب) A fool may throw a stone into a well which a hundred wise men cannot pull out.","{'الف': 'Irrelevant', 'ب': 'Equivalent'}"
"شما یک مدل زبانی هستید که برای تشخیص معادل معنایی مناسب ضرب‌المثل‌های فارسی در زبان انگلیسی طراحی شده‌اید.

به شما یک ضرب‌المثل فارسی داده می‌شود. سپس یک پرسش دوگزینه‌ای مطرح می‌شود که در آن دو ضرب‌المثل انگلیسی ارائه شده است و از شما خواسته می‌شود تشخیص دهید کدام‌ یک از آن‌ها از نظر کاربرد و معنا بیشترین شباهت را با ضرب‌المثل فارسی داده‌شده دارد.

وظیفه‌ی شما این است که تنها یک گزینه‌ی صحیح را انتخاب کنید. پاسخ شما باید فقط شامل حرف گزینه‌ی درست (الف یا ب) باشد و هیچ متن یا توضیح اضافی ارائه نکنید.

ضرب‌المثل فارسی:
به حق چیزهای نشنیده!

سؤال:
کدام‌ یک از این دو ضرب‌المثل انگلیسی از نظر کاربرد و معنا بیشترین شباهت را با ضرب‌المثل فارسی داده‌شده دارد؟

گزینه‌ها:
الف) Hear no evil, see no evil, speak no evil.
ب) Wonders will never cease.","{'الف': 'Irrelevant', 'ب': 'Equivalent'}"
"شما یک مدل زبانی هستید که برای تشخیص معادل معنایی مناسب ضرب‌المثل‌های فارسی در زبان انگلیسی طراحی شده‌اید.

به شما یک ضرب‌المثل فارسی داده می‌شود. سپس یک پرسش دوگزینه‌ای مطرح می‌شود که در آن دو ضرب‌المثل انگلیسی ارائه شده است و از شما خواسته می‌شود تشخیص دهید کدام‌ یک از آن‌ها از نظر کاربرد و معنا بیشترین شباهت را با ضرب‌المثل فارسی داده‌شده دارد.

وظیفه‌ی شما این است که تنها یک گزینه‌ی صحیح را انتخاب کنید. پاسخ شما باید فقط شامل حرف گزینه‌ی درست (الف یا ب) باشد و هیچ متن یا توضیح اضافی ارائه نکنید.

ضرب‌المثل فارسی:
به خانه گرگ می‌روی، روی سگت را هم با خود ببر.

سؤال:
کدام‌ یک از این دو ضرب‌المثل انگلیسی از نظر کاربرد و معنا بیشترین شباهت را با ضرب‌المثل فارسی داده‌شده دارد؟

گزینه‌ها:
الف) Let sleeping dogs lie.
ب) Better safe than sorry.","{'الف': 'Irrelevant', 'ب': 'Equivalent'}"
"شما یک مدل زبانی هستید که برای تشخیص معادل معنایی مناسب ضرب‌المثل‌های فارسی در زبان انگلیسی طراحی شده‌اید.

به شما یک ضرب‌المثل فارسی داده می‌شود. سپس یک پرسش دوگزینه‌ای مطرح می‌شود که در آن دو ضرب‌المثل انگلیسی ارائه شده است و از شما خواسته می‌شود تشخیص دهید کدام‌ یک از آن‌ها از نظر کاربرد و معنا بیشترین شباهت را با ضرب‌المثل فارسی داده‌شده دارد.

وظیفه‌ی شما این است که تنها یک گزینه‌ی صحیح را انتخاب کنید. پاسخ شما باید فقط شامل حرف گزینه‌ی درست (الف یا ب) باشد و هیچ متن یا توضیح اضافی ارائه نکنید.

ضرب‌المثل فارسی:
به خرش چوش گفتی!

سؤال:
کدام‌ یک از این دو ضرب‌المثل انگلیسی از نظر کاربرد و معنا بیشترین شباهت را با ضرب‌المثل فارسی داده‌شده دارد؟

گزینه‌ها:
الف) You can lead a horse to water, but you can't make it drink.
ب) To have a thin skin.","{'الف': 'Irrelevant', 'ب': 'Equivalent'}"
"شما یک مدل زبانی هستید که برای تشخیص معادل معنایی مناسب ضرب‌المثل‌های فارسی در زبان انگلیسی طراحی شده‌اید.

به شما یک ضرب‌المثل فارسی داده می‌شود. سپس یک پرسش دوگزینه‌ای مطرح می‌شود که در آن دو ضرب‌المثل انگلیسی ارائه شده است و از شما خواسته می‌شود تشخیص دهید کدام‌ یک از آن‌ها از نظر کاربرد و معنا بیشترین شباهت را با ضرب‌المثل فارسی داده‌شده دارد.

وظیفه‌ی شما این است که تنها یک گزینه‌ی صحیح را انتخاب کنید. پاسخ شما باید فقط شامل حرف گزینه‌ی درست (الف یا ب) باشد و هیچ متن یا توضیح اضافی ارائه نکنید.

ضرب‌المثل فارسی:
به دختر می‌گویم، اما عروس، تو بشنو!

سؤال:
کدام‌ یک از این دو ضرب‌المثل انگلیسی از نظر کاربرد و معنا بیشترین شباهت را با ضرب‌المثل فارسی داده‌شده دارد؟

گزینه‌ها:
الف) If the cap fits, wear it.
ب) Marry in haste, repent at leisure.","{'الف': 'Equivalent', 'ب': 'Irrelevant'}"
"شما یک مدل زبانی هستید که برای تشخیص معادل معنایی مناسب ضرب‌المثل‌های فارسی در زبان انگلیسی طراحی شده‌اید.

به شما یک ضرب‌المثل فارسی داده می‌شود. سپس یک پرسش دوگزینه‌ای مطرح می‌شود که در آن دو ضرب‌المثل انگلیسی ارائه شده است و از شما خواسته می‌شود تشخیص دهید کدام‌ یک از آن‌ها از نظر کاربرد و معنا بیشترین شباهت را با ضرب‌المثل فارسی داده‌شده دارد.

وظیفه‌ی شما این است که تنها یک گزینه‌ی صحیح را انتخاب کنید. پاسخ شما باید فقط شامل حرف گزینه‌ی درست (الف یا ب) باشد و هیچ متن یا توضیح اضافی ارائه نکنید.

ضرب‌المثل فارسی:
به در می‌گویند، دیوار بشنود.

سؤال:
کدام‌ یک از این دو ضرب‌المثل انگلیسی از نظر کاربرد و معنا بیشترین شباهت را با ضرب‌المثل فارسی داده‌شده دارد؟

گزینه‌ها:
الف) If the cap fits, wear it.
ب) Walls have ears.","{'الف': 'Equivalent', 'ب': 'Irrelevant'}"
"شما یک مدل زبانی هستید که برای تشخیص معادل معنایی مناسب ضرب‌المثل‌های فارسی در زبان انگلیسی طراحی شده‌اید.

به شما یک ضرب‌المثل فارسی داده می‌شود. سپس یک پرسش دوگزینه‌ای مطرح می‌شود که در آن دو ضرب‌المثل انگلیسی ارائه شده است و از شما خواسته می‌شود تشخیص دهید کدام‌ یک از آن‌ها از نظر کاربرد و معنا بیشترین شباهت را با ضرب‌المثل فارسی داده‌شده دارد.

وظیفه‌ی شما این است که تنها یک گزینه‌ی صحیح را انتخاب کنید. پاسخ شما باید فقط شامل حرف گزینه‌ی درست (الف یا ب) باشد و هیچ متن یا توضیح اضافی ارائه نکنید.

ضرب‌المثل فارسی:
به رنگ زردم نگاه نکن، که عقرب زیر سنگم.

سؤال:
کدام‌ یک از این دو ضرب‌المثل انگلیسی از نظر کاربرد و معنا بیشترین شباهت را با ضرب‌المثل فارسی داده‌شده دارد؟

گزینه‌ها:
الف) Still waters run deep.
ب) A rolling stone gathers no moss.","{'الف': 'Equivalent', 'ب': 'Irrelevant'}"
"شما یک مدل زبانی هستید که برای تشخیص معادل معنایی مناسب ضرب‌المثل‌های فارسی در زبان انگلیسی طراحی شده‌اید.

به شما یک ضرب‌المثل فارسی داده می‌شود. سپس یک پرسش دوگزینه‌ای مطرح می‌شود که در آن دو ضرب‌المثل انگلیسی ارائه شده است و از شما خواسته می‌شود تشخیص دهید کدام‌ یک از آن‌ها از نظر کاربرد و معنا بیشترین شباهت را با ضرب‌المثل فارسی داده‌شده دارد.

وظیفه‌ی شما این است که تنها یک گزینه‌ی صحیح را انتخاب کنید. پاسخ شما باید فقط شامل حرف گزینه‌ی درست (الف یا ب) باشد و هیچ متن یا توضیح اضافی ارائه نکنید.

ضرب‌المثل فارسی:
به ریش خودش می‌خندد!

سؤال:
کدام‌ یک از این دو ضرب‌المثل انگلیسی از نظر کاربرد و معنا بیشترین شباهت را با ضرب‌المثل فارسی داده‌شده دارد؟

گزینه‌ها:
الف) He who laughs last, laughs best.
ب) The pot calling the kettle black.","{'الف': 'Irrelevant', 'ب': 'Equivalent'}"
"شما یک مدل زبانی هستید که برای تشخیص معادل معنایی مناسب ضرب‌المثل‌های فارسی در زبان انگلیسی طراحی شده‌اید.

به شما یک ضرب‌المثل فارسی داده می‌شود. سپس یک پرسش دوگزینه‌ای مطرح می‌شود که در آن دو ضرب‌المثل انگلیسی ارائه شده است و از شما خواسته می‌شود تشخیص دهید کدام‌ یک از آن‌ها از نظر کاربرد و معنا بیشترین شباهت را با ضرب‌المثل فارسی داده‌شده دارد.

وظیفه‌ی شما این است که تنها یک گزینه‌ی صحیح را انتخاب کنید. پاسخ شما باید فقط شامل حرف گزینه‌ی درست (الف یا ب) باشد و هیچ متن یا توضیح اضافی ارائه نکنید.

ضرب‌المثل فارسی:
به لعنت خدا نمی‌ارزد!

سؤال:
کدام‌ یک از این دو ضرب‌المثل انگلیسی از نظر کاربرد و معنا بیشترین شباهت را با ضرب‌المثل فارسی داده‌شده دارد؟

گزینه‌ها:
الف) The road to hell is paved with good intentions.
ب) It's not worth a damn.","{'الف': 'Irrelevant', 'ب': 'Equivalent'}"
"شما یک مدل زبانی هستید که برای تشخیص معادل معنایی مناسب ضرب‌المثل‌های فارسی در زبان انگلیسی طراحی شده‌اید.

به شما یک ضرب‌المثل فارسی داده می‌شود. سپس یک پرسش دوگزینه‌ای مطرح می‌شود که در آن دو ضرب‌المثل انگلیسی ارائه شده است و از شما خواسته می‌شود تشخیص دهید کدام‌ یک از آن‌ها از نظر کاربرد و معنا بیشترین شباهت را با ضرب‌المثل فارسی داده‌شده دارد.

وظیفه‌ی شما این است که تنها یک گزینه‌ی صحیح را انتخاب کنید. پاسخ شما باید فقط شامل حرف گزینه‌ی درست (الف یا ب) باشد و هیچ متن یا توضیح اضافی ارائه نکنید.

ضرب‌المثل فارسی:
به ماه می‌گوید تو در نیا که من درآمده‌ام.

سؤال:
کدام‌ یک از این دو ضرب‌المثل انگلیسی از نظر کاربرد و معنا بیشترین شباهت را با ضرب‌المثل فارسی داده‌شده دارد؟

گزینه‌ها:
الف) He thinks the sun shines out of his backside.
ب) Don't cry for the moon.","{'الف': 'Equivalent', 'ب': 'Irrelevant'}"
"شما یک مدل زبانی هستید که برای تشخیص معادل معنایی مناسب ضرب‌المثل‌های فارسی در زبان انگلیسی طراحی شده‌اید.

به شما یک ضرب‌المثل فارسی داده می‌شود. سپس یک پرسش دوگزینه‌ای مطرح می‌شود که در آن دو ضرب‌المثل انگلیسی ارائه شده است و از شما خواسته می‌شود تشخیص دهید کدام‌ یک از آن‌ها از نظر کاربرد و معنا بیشترین شباهت را با ضرب‌المثل فارسی داده‌شده دارد.

وظیفه‌ی شما این است که تنها یک گزینه‌ی صحیح را انتخاب کنید. پاسخ شما باید فقط شامل حرف گزینه‌ی درست (الف یا ب) باشد و هیچ متن یا توضیح اضافی ارائه نکنید.

ضرب‌المثل فارسی:
به مرغش نمی‌توان گفت: کیش!

سؤال:
کدام‌ یک از این دو ضرب‌المثل انگلیسی از نظر کاربرد و معنا بیشترین شباهت را با ضرب‌المثل فارسی داده‌شده دارد؟

گزینه‌ها:
الف) To have a thin skin.
ب) Don't count your chickens before they hatch.","{'الف': 'Equivalent', 'ب': 'Irrelevant'}"
"شما یک مدل زبانی هستید که برای تشخیص معادل معنایی مناسب ضرب‌المثل‌های فارسی در زبان انگلیسی طراحی شده‌اید.

به شما یک ضرب‌المثل فارسی داده می‌شود. سپس یک پرسش دوگزینه‌ای مطرح می‌شود که در آن دو ضرب‌المثل انگلیسی ارائه شده است و از شما خواسته می‌شود تشخیص دهید کدام‌ یک از آن‌ها از نظر کاربرد و معنا بیشترین شباهت را با ضرب‌المثل فارسی داده‌شده دارد.

وظیفه‌ی شما این است که تنها یک گزینه‌ی صحیح را انتخاب کنید. پاسخ شما باید فقط شامل حرف گزینه‌ی درست (الف یا ب) باشد و هیچ متن یا توضیح اضافی ارائه نکنید.

ضرب‌المثل فارسی:
به مرده لگد نمی‌زنند.

سؤال:
کدام‌ یک از این دو ضرب‌المثل انگلیسی از نظر کاربرد و معنا بیشترین شباهت را با ضرب‌المثل فارسی داده‌شده دارد؟

گزینه‌ها:
الف) Don't kick a man when he's down.
ب) Don't beat a dead horse.","{'الف': 'Equivalent', 'ب': 'Irrelevant'}"
"شما یک مدل زبانی هستید که برای تشخیص معادل معنایی مناسب ضرب‌المثل‌های فارسی در زبان انگلیسی طراحی شده‌اید.

به شما یک ضرب‌المثل فارسی داده می‌شود. سپس یک پرسش دوگزینه‌ای مطرح می‌شود که در آن دو ضرب‌المثل انگلیسی ارائه شده است و از شما خواسته می‌شود تشخیص دهید کدام‌ یک از آن‌ها از نظر کاربرد و معنا بیشترین شباهت را با ضرب‌المثل فارسی داده‌شده دارد.

وظیفه‌ی شما این است که تنها یک گزینه‌ی صحیح را انتخاب کنید. پاسخ شما باید فقط شامل حرف گزینه‌ی درست (الف یا ب) باشد و هیچ متن یا توضیح اضافی ارائه نکنید.

ضرب‌المثل فارسی:
به نام ما، به کام تو.

سؤال:
کدام‌ یک از این دو ضرب‌المثل انگلیسی از نظر کاربرد و معنا بیشترین شباهت را با ضرب‌المثل فارسی داده‌شده دارد؟

گزینه‌ها:
الف) What's in a name?
ب) One sows, another reaps.","{'الف': 'Irrelevant', 'ب': 'Equivalent'}"
"شما یک مدل زبانی هستید که برای تشخیص معادل معنایی مناسب ضرب‌المثل‌های فارسی در زبان انگلیسی طراحی شده‌اید.

به شما یک ضرب‌المثل فارسی داده می‌شود. سپس یک پرسش دوگزینه‌ای مطرح می‌شود که در آن دو ضرب‌المثل انگلیسی ارائه شده است و از شما خواسته می‌شود تشخیص دهید کدام‌ یک از آن‌ها از نظر کاربرد و معنا بیشترین شباهت را با ضرب‌المثل فارسی داده‌شده دارد.

وظیفه‌ی شما این است که تنها یک گزینه‌ی صحیح را انتخاب کنید. پاسخ شما باید فقط شامل حرف گزینه‌ی درست (الف یا ب) باشد و هیچ متن یا توضیح اضافی ارائه نکنید.

ضرب‌المثل فارسی:
بیار آنچه داری ز مردی و زور.

سؤال:
کدام‌ یک از این دو ضرب‌المثل انگلیسی از نظر کاربرد و معنا بیشترین شباهت را با ضرب‌المثل فارسی داده‌شده دارد؟

گزینه‌ها:
الف) Might is right.
ب) Pull out all the stops.","{'الف': 'Irrelevant', 'ب': 'Equivalent'}"
"شما یک مدل زبانی هستید که برای تشخیص معادل معنایی مناسب ضرب‌المثل‌های فارسی در زبان انگلیسی طراحی شده‌اید.

به شما یک ضرب‌المثل فارسی داده می‌شود. سپس یک پرسش دوگزینه‌ای مطرح می‌شود که در آن دو ضرب‌المثل انگلیسی ارائه شده است و از شما خواسته می‌شود تشخیص دهید کدام‌ یک از آن‌ها از نظر کاربرد و معنا بیشترین شباهت را با ضرب‌المثل فارسی داده‌شده دارد.

وظیفه‌ی شما این است که تنها یک گزینه‌ی صحیح را انتخاب کنید. پاسخ شما باید فقط شامل حرف گزینه‌ی درست (الف یا ب) باشد و هیچ متن یا توضیح اضافی ارائه نکنید.

ضرب‌المثل فارسی:
بیا سوته دلان گرد هم آییم.

سؤال:
کدام‌ یک از این دو ضرب‌المثل انگلیسی از نظر کاربرد و معنا بیشترین شباهت را با ضرب‌المثل فارسی داده‌شده دارد؟

گزینه‌ها:
الف) Birds of a feather flock together.
ب) Misery loves company.","{'الف': 'Irrelevant', 'ب': 'Equivalent'}"
"شما یک مدل زبانی هستید که برای تشخیص معادل معنایی مناسب ضرب‌المثل‌های فارسی در زبان انگلیسی طراحی شده‌اید.

به شما یک ضرب‌المثل فارسی داده می‌شود. سپس یک پرسش دوگزینه‌ای مطرح می‌شود که در آن دو ضرب‌المثل انگلیسی ارائه شده است و از شما خواسته می‌شود تشخیص دهید کدام‌ یک از آن‌ها از نظر کاربرد و معنا بیشترین شباهت را با ضرب‌المثل فارسی داده‌شده دارد.

وظیفه‌ی شما این است که تنها یک گزینه‌ی صحیح را انتخاب کنید. پاسخ شما باید فقط شامل حرف گزینه‌ی درست (الف یا ب) باشد و هیچ متن یا توضیح اضافی ارائه نکنید.

ضرب‌المثل فارسی:
بیگانه اگر وفا کند، خویش من است.

سؤال:
کدام‌ یک از این دو ضرب‌المثل انگلیسی از نظر کاربرد و معنا بیشترین شباهت را با ضرب‌المثل فارسی داده‌شده دارد؟

گزینه‌ها:
الف) A friend in need is a friend indeed.
ب) Blood is thicker than water.","{'الف': 'Equivalent', 'ب': 'Irrelevant'}"
"شما یک مدل زبانی هستید که برای تشخیص معادل معنایی مناسب ضرب‌المثل‌های فارسی در زبان انگلیسی طراحی شده‌اید.

به شما یک ضرب‌المثل فارسی داده می‌شود. سپس یک پرسش دوگزینه‌ای مطرح می‌شود که در آن دو ضرب‌المثل انگلیسی ارائه شده است و از شما خواسته می‌شود تشخیص دهید کدام‌ یک از آن‌ها از نظر کاربرد و معنا بیشترین شباهت را با ضرب‌المثل فارسی داده‌شده دارد.

وظیفه‌ی شما این است که تنها یک گزینه‌ی صحیح را انتخاب کنید. پاسخ شما باید فقط شامل حرف گزینه‌ی درست (الف یا ب) باشد و هیچ متن یا توضیح اضافی ارائه نکنید.

ضرب‌المثل فارسی:
بیمار از شب می‌ترسد، بدهکار از روز!

سؤال:
کدام‌ یک از این دو ضرب‌المثل انگلیسی از نظر کاربرد و معنا بیشترین شباهت را با ضرب‌المثل فارسی داده‌شده دارد؟

گزینه‌ها:
الف) The darkest hour is just before the dawn.
ب) One man's meat is another man's poison.","{'الف': 'Irrelevant', 'ب': 'Equivalent'}"
"شما یک مدل زبانی هستید که برای تشخیص معادل معنایی مناسب ضرب‌المثل‌های فارسی در زبان انگلیسی طراحی شده‌اید.

به شما یک ضرب‌المثل فارسی داده می‌شود. سپس یک پرسش دوگزینه‌ای مطرح می‌شود که در آن دو ضرب‌المثل انگلیسی ارائه شده است و از شما خواسته می‌شود تشخیص دهید کدام‌ یک از آن‌ها از نظر کاربرد و معنا بیشترین شباهت را با ضرب‌المثل فارسی داده‌شده دارد.

وظیفه‌ی شما این است که تنها یک گزینه‌ی صحیح را انتخاب کنید. پاسخ شما باید فقط شامل حرف گزینه‌ی درست (الف یا ب) باشد و هیچ متن یا توضیح اضافی ارائه نکنید.

ضرب‌المثل فارسی:
بی‌مایه فطیر است.

سؤال:
کدام‌ یک از این دو ضرب‌المثل انگلیسی از نظر کاربرد و معنا بیشترین شباهت را با ضرب‌المثل فارسی داده‌شده دارد؟

گزینه‌ها:
الف) Half a loaf is better than none.
ب) There's no such thing as a free lunch.","{'الف': 'Irrelevant', 'ب': 'Equivalent'}"
"شما یک مدل زبانی هستید که برای تشخیص معادل معنایی مناسب ضرب‌المثل‌های فارسی در زبان انگلیسی طراحی شده‌اید.

به شما یک ضرب‌المثل فارسی داده می‌شود. سپس یک پرسش دوگزینه‌ای مطرح می‌شود که در آن دو ضرب‌المثل انگلیسی ارائه شده است و از شما خواسته می‌شود تشخیص دهید کدام‌ یک از آن‌ها از نظر کاربرد و معنا بیشترین شباهت را با ضرب‌المثل فارسی داده‌شده دارد.

وظیفه‌ی شما این است که تنها یک گزینه‌ی صحیح را انتخاب کنید. پاسخ شما باید فقط شامل حرف گزینه‌ی درست (الف یا ب) باشد و هیچ متن یا توضیح اضافی ارائه نکنید.

ضرب‌المثل فارسی:
بیهوده سخن به این درازی نشود.

سؤال:
کدام‌ یک از این دو ضرب‌المثل انگلیسی از نظر کاربرد و معنا بیشترین شباهت را با ضرب‌المثل فارسی داده‌شده دارد؟

گزینه‌ها:
الف) Brevity is the soul of wit.
ب) There's no smoke without fire.","{'الف': 'Irrelevant', 'ب': 'Equivalent'}"
"شما یک مدل زبانی هستید که برای تشخیص معادل معنایی مناسب ضرب‌المثل‌های فارسی در زبان انگلیسی طراحی شده‌اید.

به شما یک ضرب‌المثل فارسی داده می‌شود. سپس یک پرسش دوگزینه‌ای مطرح می‌شود که در آن دو ضرب‌المثل انگلیسی ارائه شده است و از شما خواسته می‌شود تشخیص دهید کدام‌ یک از آن‌ها از نظر کاربرد و معنا بیشترین شباهت را با ضرب‌المثل فارسی داده‌شده دارد.

وظیفه‌ی شما این است که تنها یک گزینه‌ی صحیح را انتخاب کنید. پاسخ شما باید فقط شامل حرف گزینه‌ی درست (الف یا ب) باشد و هیچ متن یا توضیح اضافی ارائه نکنید.

ضرب‌المثل فارسی:
پارسال دوست، امسال آشنا.

سؤال:
کدام‌ یک از این دو ضرب‌المثل انگلیسی از نظر کاربرد و معنا بیشترین شباهت را با ضرب‌المثل فارسی داده‌شده دارد؟

گزینه‌ها:
الف) Out of sight, out of mind.
ب) Make new friends, but keep the old; one is silver, the other is gold.","{'الف': 'Equivalent', 'ب': 'Irrelevant'}"
"شما یک مدل زبانی هستید که برای تشخیص معادل معنایی مناسب ضرب‌المثل‌های فارسی در زبان انگلیسی طراحی شده‌اید.

به شما یک ضرب‌المثل فارسی داده می‌شود. سپس یک پرسش دوگزینه‌ای مطرح می‌شود که در آن دو ضرب‌المثل انگلیسی ارائه شده است و از شما خواسته می‌شود تشخیص دهید کدام‌ یک از آن‌ها از نظر کاربرد و معنا بیشترین شباهت را با ضرب‌المثل فارسی داده‌شده دارد.

وظیفه‌ی شما این است که تنها یک گزینه‌ی صحیح را انتخاب کنید. پاسخ شما باید فقط شامل حرف گزینه‌ی درست (الف یا ب) باشد و هیچ متن یا توضیح اضافی ارائه نکنید.

ضرب‌المثل فارسی:
پایت را به اندازه گلیم خودت دراز کن.

سؤال:
کدام‌ یک از این دو ضرب‌المثل انگلیسی از نظر کاربرد و معنا بیشترین شباهت را با ضرب‌المثل فارسی داده‌شده دارد؟

گزینه‌ها:
الف) Cut your coat according to your cloth.
ب) Put your best foot forward.","{'الف': 'Equivalent', 'ب': 'Irrelevant'}"
"شما یک مدل زبانی هستید که برای تشخیص معادل معنایی مناسب ضرب‌المثل‌های فارسی در زبان انگلیسی طراحی شده‌اید.

به شما یک ضرب‌المثل فارسی داده می‌شود. سپس یک پرسش دوگزینه‌ای مطرح می‌شود که در آن دو ضرب‌المثل انگلیسی ارائه شده است و از شما خواسته می‌شود تشخیص دهید کدام‌ یک از آن‌ها از نظر کاربرد و معنا بیشترین شباهت را با ضرب‌المثل فارسی داده‌شده دارد.

وظیفه‌ی شما این است که تنها یک گزینه‌ی صحیح را انتخاب کنید. پاسخ شما باید فقط شامل حرف گزینه‌ی درست (الف یا ب) باشد و هیچ متن یا توضیح اضافی ارائه نکنید.

ضرب‌المثل فارسی:
پایش روی پوست خربزه است.

سؤال:
کدام‌ یک از این دو ضرب‌المثل انگلیسی از نظر کاربرد و معنا بیشترین شباهت را با ضرب‌المثل فارسی داده‌شده دارد؟

گزینه‌ها:
الف) To put your foot in your mouth.
ب) To be walking on thin ice.","{'الف': 'Irrelevant', 'ب': 'Equivalent'}"
"شما یک مدل زبانی هستید که برای تشخیص معادل معنایی مناسب ضرب‌المثل‌های فارسی در زبان انگلیسی طراحی شده‌اید.

به شما یک ضرب‌المثل فارسی داده می‌شود. سپس یک پرسش دوگزینه‌ای مطرح می‌شود که در آن دو ضرب‌المثل انگلیسی ارائه شده است و از شما خواسته می‌شود تشخیص دهید کدام‌ یک از آن‌ها از نظر کاربرد و معنا بیشترین شباهت را با ضرب‌المثل فارسی داده‌شده دارد.

وظیفه‌ی شما این است که تنها یک گزینه‌ی صحیح را انتخاب کنید. پاسخ شما باید فقط شامل حرف گزینه‌ی درست (الف یا ب) باشد و هیچ متن یا توضیح اضافی ارائه نکنید.

ضرب‌المثل فارسی:
پرسان پرسان، می‌روم هندوستان.

سؤال:
کدام‌ یک از این دو ضرب‌المثل انگلیسی از نظر کاربرد و معنا بیشترین شباهت را با ضرب‌المثل فارسی داده‌شده دارد؟

گزینه‌ها:
الف) All roads lead to Rome.
ب) Seek, and you shall find.","{'الف': 'Irrelevant', 'ب': 'Equivalent'}"
"شما یک مدل زبانی هستید که برای تشخیص معادل معنایی مناسب ضرب‌المثل‌های فارسی در زبان انگلیسی طراحی شده‌اید.

به شما یک ضرب‌المثل فارسی داده می‌شود. سپس یک پرسش دوگزینه‌ای مطرح می‌شود که در آن دو ضرب‌المثل انگلیسی ارائه شده است و از شما خواسته می‌شود تشخیص دهید کدام‌ یک از آن‌ها از نظر کاربرد و معنا بیشترین شباهت را با ضرب‌المثل فارسی داده‌شده دارد.

وظیفه‌ی شما این است که تنها یک گزینه‌ی صحیح را انتخاب کنید. پاسخ شما باید فقط شامل حرف گزینه‌ی درست (الف یا ب) باشد و هیچ متن یا توضیح اضافی ارائه نکنید.

ضرب‌المثل فارسی:
پرواز کنجشک تا لب بام است.

سؤال:
کدام‌ یک از این دو ضرب‌المثل انگلیسی از نظر کاربرد و معنا بیشترین شباهت را با ضرب‌المثل فارسی داده‌شده دارد؟

گزینه‌ها:
الف) The early bird catches the worm.
ب) You can't get blood from a stone.","{'الف': 'Irrelevant', 'ب': 'Equivalent'}"
"شما یک مدل زبانی هستید که برای تشخیص معادل معنایی مناسب ضرب‌المثل‌های فارسی در زبان انگلیسی طراحی شده‌اید.

به شما یک ضرب‌المثل فارسی داده می‌شود. سپس یک پرسش دوگزینه‌ای مطرح می‌شود که در آن دو ضرب‌المثل انگلیسی ارائه شده است و از شما خواسته می‌شود تشخیص دهید کدام‌ یک از آن‌ها از نظر کاربرد و معنا بیشترین شباهت را با ضرب‌المثل فارسی داده‌شده دارد.

وظیفه‌ی شما این است که تنها یک گزینه‌ی صحیح را انتخاب کنید. پاسخ شما باید فقط شامل حرف گزینه‌ی درست (الف یا ب) باشد و هیچ متن یا توضیح اضافی ارائه نکنید.

ضرب‌المثل فارسی:
پس مانده گاو را خر می‌خورد.

سؤال:
کدام‌ یک از این دو ضرب‌المثل انگلیسی از نظر کاربرد و معنا بیشترین شباهت را با ضرب‌المثل فارسی داده‌شده دارد؟

گزینه‌ها:
الف) You can lead a horse to water, but you can't make it drink.
ب) Beggars can't be choosers.","{'الف': 'Irrelevant', 'ب': 'Equivalent'}"
"شما یک مدل زبانی هستید که برای تشخیص معادل معنایی مناسب ضرب‌المثل‌های فارسی در زبان انگلیسی طراحی شده‌اید.

به شما یک ضرب‌المثل فارسی داده می‌شود. سپس یک پرسش دوگزینه‌ای مطرح می‌شود که در آن دو ضرب‌المثل انگلیسی ارائه شده است و از شما خواسته می‌شود تشخیص دهید کدام‌ یک از آن‌ها از نظر کاربرد و معنا بیشترین شباهت را با ضرب‌المثل فارسی داده‌شده دارد.

وظیفه‌ی شما این است که تنها یک گزینه‌ی صحیح را انتخاب کنید. پاسخ شما باید فقط شامل حرف گزینه‌ی درست (الف یا ب) باشد و هیچ متن یا توضیح اضافی ارائه نکنید.

ضرب‌المثل فارسی:
پشه لگدش زده.

سؤال:
کدام‌ یک از این دو ضرب‌المثل انگلیسی از نظر کاربرد و معنا بیشترین شباهت را با ضرب‌المثل فارسی داده‌شده دارد؟

گزینه‌ها:
الف) It's the last straw that breaks the camel's back.
ب) He is making a mountain out of a molehill.","{'الف': 'Irrelevant', 'ب': 'Equivalent'}"
"شما یک مدل زبانی هستید که برای تشخیص معادل معنایی مناسب ضرب‌المثل‌های فارسی در زبان انگلیسی طراحی شده‌اید.

به شما یک ضرب‌المثل فارسی داده می‌شود. سپس یک پرسش دوگزینه‌ای مطرح می‌شود که در آن دو ضرب‌المثل انگلیسی ارائه شده است و از شما خواسته می‌شود تشخیص دهید کدام‌ یک از آن‌ها از نظر کاربرد و معنا بیشترین شباهت را با ضرب‌المثل فارسی داده‌شده دارد.

وظیفه‌ی شما این است که تنها یک گزینه‌ی صحیح را انتخاب کنید. پاسخ شما باید فقط شامل حرف گزینه‌ی درست (الف یا ب) باشد و هیچ متن یا توضیح اضافی ارائه نکنید.

ضرب‌المثل فارسی:
پول توی جیبش سنگینی می‌کند.

سؤال:
کدام‌ یک از این دو ضرب‌المثل انگلیسی از نظر کاربرد و معنا بیشترین شباهت را با ضرب‌المثل فارسی داده‌شده دارد؟

گزینه‌ها:
الف) Money burns a hole in his pocket.
ب) A heavy purse makes a light heart.","{'الف': 'Equivalent', 'ب': 'Irrelevant'}"
"شما یک مدل زبانی هستید که برای تشخیص معادل معنایی مناسب ضرب‌المثل‌های فارسی در زبان انگلیسی طراحی شده‌اید.

به شما یک ضرب‌المثل فارسی داده می‌شود. سپس یک پرسش دوگزینه‌ای مطرح می‌شود که در آن دو ضرب‌المثل انگلیسی ارائه شده است و از شما خواسته می‌شود تشخیص دهید کدام‌ یک از آن‌ها از نظر کاربرد و معنا بیشترین شباهت را با ضرب‌المثل فارسی داده‌شده دارد.

وظیفه‌ی شما این است که تنها یک گزینه‌ی صحیح را انتخاب کنید. پاسخ شما باید فقط شامل حرف گزینه‌ی درست (الف یا ب) باشد و هیچ متن یا توضیح اضافی ارائه نکنید.

ضرب‌المثل فارسی:
پولدار به کباب، بی‌پول به دود کباب.

سؤال:
کدام‌ یک از این دو ضرب‌المثل انگلیسی از نظر کاربرد و معنا بیشترین شباهت را با ضرب‌المثل فارسی داده‌شده دارد؟

گزینه‌ها:
الف) You have to cut your coat according to your cloth.
ب) Where there's smoke, there's fire.","{'الف': 'Equivalent', 'ب': 'Irrelevant'}"
"شما یک مدل زبانی هستید که برای تشخیص معادل معنایی مناسب ضرب‌المثل‌های فارسی در زبان انگلیسی طراحی شده‌اید.

به شما یک ضرب‌المثل فارسی داده می‌شود. سپس یک پرسش دوگزینه‌ای مطرح می‌شود که در آن دو ضرب‌المثل انگلیسی ارائه شده است و از شما خواسته می‌شود تشخیص دهید کدام‌ یک از آن‌ها از نظر کاربرد و معنا بیشترین شباهت را با ضرب‌المثل فارسی داده‌شده دارد.

وظیفه‌ی شما این است که تنها یک گزینه‌ی صحیح را انتخاب کنید. پاسخ شما باید فقط شامل حرف گزینه‌ی درست (الف یا ب) باشد و هیچ متن یا توضیح اضافی ارائه نکنید.

ضرب‌المثل فارسی:
پول، یکی از اسمهایش ستارالعیوب است.

سؤال:
کدام‌ یک از این دو ضرب‌المثل انگلیسی از نظر کاربرد و معنا بیشترین شباهت را با ضرب‌المثل فارسی داده‌شده دارد؟

گزینه‌ها:
الف) Money covers a multitude of sins.
ب) Money is the root of all evil.","{'الف': 'Equivalent', 'ب': 'Irrelevant'}"
"شما یک مدل زبانی هستید که برای تشخیص معادل معنایی مناسب ضرب‌المثل‌های فارسی در زبان انگلیسی طراحی شده‌اید.

به شما یک ضرب‌المثل فارسی داده می‌شود. سپس یک پرسش دوگزینه‌ای مطرح می‌شود که در آن دو ضرب‌المثل انگلیسی ارائه شده است و از شما خواسته می‌شود تشخیص دهید کدام‌ یک از آن‌ها از نظر کاربرد و معنا بیشترین شباهت را با ضرب‌المثل فارسی داده‌شده دارد.

وظیفه‌ی شما این است که تنها یک گزینه‌ی صحیح را انتخاب کنید. پاسخ شما باید فقط شامل حرف گزینه‌ی درست (الف یا ب) باشد و هیچ متن یا توضیح اضافی ارائه نکنید.

ضرب‌المثل فارسی:
پیر را نفرست به خر خریدن، جوان را نفرست به زن گرفتن.

سؤال:
کدام‌ یک از این دو ضرب‌المثل انگلیسی از نظر کاربرد و معنا بیشترین شباهت را با ضرب‌المثل فارسی داده‌شده دارد؟

گزینه‌ها:
الف) There's no fool like an old fool.
ب) Don't send a boy to do a man's job.","{'الف': 'Irrelevant', 'ب': 'Equivalent'}"
"شما یک مدل زبانی هستید که برای تشخیص معادل معنایی مناسب ضرب‌المثل‌های فارسی در زبان انگلیسی طراحی شده‌اید.

به شما یک ضرب‌المثل فارسی داده می‌شود. سپس یک پرسش دوگزینه‌ای مطرح می‌شود که در آن دو ضرب‌المثل انگلیسی ارائه شده است و از شما خواسته می‌شود تشخیص دهید کدام‌ یک از آن‌ها از نظر کاربرد و معنا بیشترین شباهت را با ضرب‌المثل فارسی داده‌شده دارد.

وظیفه‌ی شما این است که تنها یک گزینه‌ی صحیح را انتخاب کنید. پاسخ شما باید فقط شامل حرف گزینه‌ی درست (الف یا ب) باشد و هیچ متن یا توضیح اضافی ارائه نکنید.

ضرب‌المثل فارسی:
پیری است و هزار عیب.

سؤال:
کدام‌ یک از این دو ضرب‌المثل انگلیسی از نظر کاربرد و معنا بیشترین شباهت را با ضرب‌المثل فارسی داده‌شده دارد؟

گزینه‌ها:
الف) Old age doesn't come alone.
ب) A fault confessed is half redressed.","{'الف': 'Equivalent', 'ب': 'Irrelevant'}"
"شما یک مدل زبانی هستید که برای تشخیص معادل معنایی مناسب ضرب‌المثل‌های فارسی در زبان انگلیسی طراحی شده‌اید.

به شما یک ضرب‌المثل فارسی داده می‌شود. سپس یک پرسش دوگزینه‌ای مطرح می‌شود که در آن دو ضرب‌المثل انگلیسی ارائه شده است و از شما خواسته می‌شود تشخیص دهید کدام‌ یک از آن‌ها از نظر کاربرد و معنا بیشترین شباهت را با ضرب‌المثل فارسی داده‌شده دارد.

وظیفه‌ی شما این است که تنها یک گزینه‌ی صحیح را انتخاب کنید. پاسخ شما باید فقط شامل حرف گزینه‌ی درست (الف یا ب) باشد و هیچ متن یا توضیح اضافی ارائه نکنید.

ضرب‌المثل فارسی:
پیش اجل، چه صاحبقران، چه حسن کچل.

سؤال:
کدام‌ یک از این دو ضرب‌المثل انگلیسی از نظر کاربرد و معنا بیشترین شباهت را با ضرب‌المثل فارسی داده‌شده دارد؟

گزینه‌ها:
الف) Death is the great leveler.
ب) A cat may look at a king.","{'الف': 'Equivalent', 'ب': 'Irrelevant'}"
"شما یک مدل زبانی هستید که برای تشخیص معادل معنایی مناسب ضرب‌المثل‌های فارسی در زبان انگلیسی طراحی شده‌اید.

به شما یک ضرب‌المثل فارسی داده می‌شود. سپس یک پرسش دوگزینه‌ای مطرح می‌شود که در آن دو ضرب‌المثل انگلیسی ارائه شده است و از شما خواسته می‌شود تشخیص دهید کدام‌ یک از آن‌ها از نظر کاربرد و معنا بیشترین شباهت را با ضرب‌المثل فارسی داده‌شده دارد.

وظیفه‌ی شما این است که تنها یک گزینه‌ی صحیح را انتخاب کنید. پاسخ شما باید فقط شامل حرف گزینه‌ی درست (الف یا ب) باشد و هیچ متن یا توضیح اضافی ارائه نکنید.

ضرب‌المثل فارسی:
تا پریشان نشود، کار به سامان نرسد.

سؤال:
کدام‌ یک از این دو ضرب‌المثل انگلیسی از نظر کاربرد و معنا بیشترین شباهت را با ضرب‌المثل فارسی داده‌شده دارد؟

گزینه‌ها:
الف) Too many cooks spoil the broth.
ب) After a storm comes a calm.","{'الف': 'Irrelevant', 'ب': 'Equivalent'}"
"شما یک مدل زبانی هستید که برای تشخیص معادل معنایی مناسب ضرب‌المثل‌های فارسی در زبان انگلیسی طراحی شده‌اید.

به شما یک ضرب‌المثل فارسی داده می‌شود. سپس یک پرسش دوگزینه‌ای مطرح می‌شود که در آن دو ضرب‌المثل انگلیسی ارائه شده است و از شما خواسته می‌شود تشخیص دهید کدام‌ یک از آن‌ها از نظر کاربرد و معنا بیشترین شباهت را با ضرب‌المثل فارسی داده‌شده دارد.

وظیفه‌ی شما این است که تنها یک گزینه‌ی صحیح را انتخاب کنید. پاسخ شما باید فقط شامل حرف گزینه‌ی درست (الف یا ب) باشد و هیچ متن یا توضیح اضافی ارائه نکنید.

ضرب‌المثل فارسی:
تا تنور گرم است، نان را بچسبان!

سؤال:
کدام‌ یک از این دو ضرب‌المثل انگلیسی از نظر کاربرد و معنا بیشترین شباهت را با ضرب‌المثل فارسی داده‌شده دارد؟

گزینه‌ها:
الف) Strike while the iron is hot.
ب) If you can't stand the heat, get out of the kitchen.","{'الف': 'Equivalent', 'ب': 'Irrelevant'}"
"شما یک مدل زبانی هستید که برای تشخیص معادل معنایی مناسب ضرب‌المثل‌های فارسی در زبان انگلیسی طراحی شده‌اید.

به شما یک ضرب‌المثل فارسی داده می‌شود. سپس یک پرسش دوگزینه‌ای مطرح می‌شود که در آن دو ضرب‌المثل انگلیسی ارائه شده است و از شما خواسته می‌شود تشخیص دهید کدام‌ یک از آن‌ها از نظر کاربرد و معنا بیشترین شباهت را با ضرب‌المثل فارسی داده‌شده دارد.

وظیفه‌ی شما این است که تنها یک گزینه‌ی صحیح را انتخاب کنید. پاسخ شما باید فقط شامل حرف گزینه‌ی درست (الف یا ب) باشد و هیچ متن یا توضیح اضافی ارائه نکنید.

ضرب‌المثل فارسی:
تاجر ورشکسته، میز و صندلی‌اش را رنگ می‌کند.

سؤال:
کدام‌ یک از این دو ضرب‌المثل انگلیسی از نظر کاربرد و معنا بیشترین شباهت را با ضرب‌المثل فارسی داده‌شده دارد؟

گزینه‌ها:
الف) A bad workman always blames his tools.
ب) The empty vessel makes the loudest sound.","{'الف': 'Irrelevant', 'ب': 'Equivalent'}"
"شما یک مدل زبانی هستید که برای تشخیص معادل معنایی مناسب ضرب‌المثل‌های فارسی در زبان انگلیسی طراحی شده‌اید.

به شما یک ضرب‌المثل فارسی داده می‌شود. سپس یک پرسش دوگزینه‌ای مطرح می‌شود که در آن دو ضرب‌المثل انگلیسی ارائه شده است و از شما خواسته می‌شود تشخیص دهید کدام‌ یک از آن‌ها از نظر کاربرد و معنا بیشترین شباهت را با ضرب‌المثل فارسی داده‌شده دارد.

وظیفه‌ی شما این است که تنها یک گزینه‌ی صحیح را انتخاب کنید. پاسخ شما باید فقط شامل حرف گزینه‌ی درست (الف یا ب) باشد و هیچ متن یا توضیح اضافی ارائه نکنید.

ضرب‌المثل فارسی:
تا ریش در آب است، امید ثمری هست.

سؤال:
کدام‌ یک از این دو ضرب‌المثل انگلیسی از نظر کاربرد و معنا بیشترین شباهت را با ضرب‌المثل فارسی داده‌شده دارد؟

گزینه‌ها:
الف) Where there's life, there's hope.
ب) Still waters run deep.","{'الف': 'Equivalent', 'ب': 'Irrelevant'}"
"شما یک مدل زبانی هستید که برای تشخیص معادل معنایی مناسب ضرب‌المثل‌های فارسی در زبان انگلیسی طراحی شده‌اید.

به شما یک ضرب‌المثل فارسی داده می‌شود. سپس یک پرسش دوگزینه‌ای مطرح می‌شود که در آن دو ضرب‌المثل انگلیسی ارائه شده است و از شما خواسته می‌شود تشخیص دهید کدام‌ یک از آن‌ها از نظر کاربرد و معنا بیشترین شباهت را با ضرب‌المثل فارسی داده‌شده دارد.

وظیفه‌ی شما این است که تنها یک گزینه‌ی صحیح را انتخاب کنید. پاسخ شما باید فقط شامل حرف گزینه‌ی درست (الف یا ب) باشد و هیچ متن یا توضیح اضافی ارائه نکنید.

ضرب‌المثل فارسی:
تا سه نشه، بازی نشه.

سؤال:
کدام‌ یک از این دو ضرب‌المثل انگلیسی از نظر کاربرد و معنا بیشترین شباهت را با ضرب‌المثل فارسی داده‌شده دارد؟

گزینه‌ها:
الف) Bad things come in threes.
ب) The game is up.","{'الف': 'Equivalent', 'ب': 'Irrelevant'}"
"شما یک مدل زبانی هستید که برای تشخیص معادل معنایی مناسب ضرب‌المثل‌های فارسی در زبان انگلیسی طراحی شده‌اید.

به شما یک ضرب‌المثل فارسی داده می‌شود. سپس یک پرسش دوگزینه‌ای مطرح می‌شود که در آن دو ضرب‌المثل انگلیسی ارائه شده است و از شما خواسته می‌شود تشخیص دهید کدام‌ یک از آن‌ها از نظر کاربرد و معنا بیشترین شباهت را با ضرب‌المثل فارسی داده‌شده دارد.

وظیفه‌ی شما این است که تنها یک گزینه‌ی صحیح را انتخاب کنید. پاسخ شما باید فقط شامل حرف گزینه‌ی درست (الف یا ب) باشد و هیچ متن یا توضیح اضافی ارائه نکنید.

ضرب‌المثل فارسی:
تا هیزم به جاست، آتش نمی‌میرد.

سؤال:
کدام‌ یک از این دو ضرب‌المثل انگلیسی از نظر کاربرد و معنا بیشترین شباهت را با ضرب‌المثل فارسی داده‌شده دارد؟

گزینه‌ها:
الف) While there's life, there's hope.
ب) Where there's smoke, there's fire.","{'الف': 'Equivalent', 'ب': 'Irrelevant'}"
"شما یک مدل زبانی هستید که برای تشخیص معادل معنایی مناسب ضرب‌المثل‌های فارسی در زبان انگلیسی طراحی شده‌اید.

به شما یک ضرب‌المثل فارسی داده می‌شود. سپس یک پرسش دوگزینه‌ای مطرح می‌شود که در آن دو ضرب‌المثل انگلیسی ارائه شده است و از شما خواسته می‌شود تشخیص دهید کدام‌ یک از آن‌ها از نظر کاربرد و معنا بیشترین شباهت را با ضرب‌المثل فارسی داده‌شده دارد.

وظیفه‌ی شما این است که تنها یک گزینه‌ی صحیح را انتخاب کنید. پاسخ شما باید فقط شامل حرف گزینه‌ی درست (الف یا ب) باشد و هیچ متن یا توضیح اضافی ارائه نکنید.

ضرب‌المثل فارسی:
تا یار که را خواهد و میلش به کجا باشد.

سؤال:
کدام‌ یک از این دو ضرب‌المثل انگلیسی از نظر کاربرد و معنا بیشترین شباهت را با ضرب‌المثل فارسی داده‌شده دارد؟

گزینه‌ها:
الف) Man proposes, God disposes.
ب) Beauty is in the eye of the beholder.","{'الف': 'Equivalent', 'ب': 'Irrelevant'}"
"شما یک مدل زبانی هستید که برای تشخیص معادل معنایی مناسب ضرب‌المثل‌های فارسی در زبان انگلیسی طراحی شده‌اید.

به شما یک ضرب‌المثل فارسی داده می‌شود. سپس یک پرسش دوگزینه‌ای مطرح می‌شود که در آن دو ضرب‌المثل انگلیسی ارائه شده است و از شما خواسته می‌شود تشخیص دهید کدام‌ یک از آن‌ها از نظر کاربرد و معنا بیشترین شباهت را با ضرب‌المثل فارسی داده‌شده دارد.

وظیفه‌ی شما این است که تنها یک گزینه‌ی صحیح را انتخاب کنید. پاسخ شما باید فقط شامل حرف گزینه‌ی درست (الف یا ب) باشد و هیچ متن یا توضیح اضافی ارائه نکنید.

ضرب‌المثل فارسی:
ترس، برادر مرگ است.

سؤال:
کدام‌ یک از این دو ضرب‌المثل انگلیسی از نظر کاربرد و معنا بیشترین شباهت را با ضرب‌المثل فارسی داده‌شده دارد؟

گزینه‌ها:
الف) Cowards die many times before their deaths.
ب) Fools rush in where angels fear to tread.","{'الف': 'Equivalent', 'ب': 'Irrelevant'}"
"شما یک مدل زبانی هستید که برای تشخیص معادل معنایی مناسب ضرب‌المثل‌های فارسی در زبان انگلیسی طراحی شده‌اید.

به شما یک ضرب‌المثل فارسی داده می‌شود. سپس یک پرسش دوگزینه‌ای مطرح می‌شود که در آن دو ضرب‌المثل انگلیسی ارائه شده است و از شما خواسته می‌شود تشخیص دهید کدام‌ یک از آن‌ها از نظر کاربرد و معنا بیشترین شباهت را با ضرب‌المثل فارسی داده‌شده دارد.

وظیفه‌ی شما این است که تنها یک گزینه‌ی صحیح را انتخاب کنید. پاسخ شما باید فقط شامل حرف گزینه‌ی درست (الف یا ب) باشد و هیچ متن یا توضیح اضافی ارائه نکنید.

ضرب‌المثل فارسی:
ترک عادت، موجب مرض است.

سؤال:
کدام‌ یک از این دو ضرب‌المثل انگلیسی از نظر کاربرد و معنا بیشترین شباهت را با ضرب‌المثل فارسی داده‌شده دارد؟

گزینه‌ها:
الف) What can't be cured must be endured.
ب) Old habits die hard.","{'الف': 'Irrelevant', 'ب': 'Equivalent'}"
"شما یک مدل زبانی هستید که برای تشخیص معادل معنایی مناسب ضرب‌المثل‌های فارسی در زبان انگلیسی طراحی شده‌اید.

به شما یک ضرب‌المثل فارسی داده می‌شود. سپس یک پرسش دوگزینه‌ای مطرح می‌شود که در آن دو ضرب‌المثل انگلیسی ارائه شده است و از شما خواسته می‌شود تشخیص دهید کدام‌ یک از آن‌ها از نظر کاربرد و معنا بیشترین شباهت را با ضرب‌المثل فارسی داده‌شده دارد.

وظیفه‌ی شما این است که تنها یک گزینه‌ی صحیح را انتخاب کنید. پاسخ شما باید فقط شامل حرف گزینه‌ی درست (الف یا ب) باشد و هیچ متن یا توضیح اضافی ارائه نکنید.

ضرب‌المثل فارسی:
تره خریدم قاتق نانم شود، قاتل جانم شد.

سؤال:
کدام‌ یک از این دو ضرب‌المثل انگلیسی از نظر کاربرد و معنا بیشترین شباهت را با ضرب‌المثل فارسی داده‌شده دارد؟

گزینه‌ها:
الف) The cure was worse than the disease.
ب) Too many cooks spoil the broth.","{'الف': 'Equivalent', 'ب': 'Irrelevant'}"
"شما یک مدل زبانی هستید که برای تشخیص معادل معنایی مناسب ضرب‌المثل‌های فارسی در زبان انگلیسی طراحی شده‌اید.

به شما یک ضرب‌المثل فارسی داده می‌شود. سپس یک پرسش دوگزینه‌ای مطرح می‌شود که در آن دو ضرب‌المثل انگلیسی ارائه شده است و از شما خواسته می‌شود تشخیص دهید کدام‌ یک از آن‌ها از نظر کاربرد و معنا بیشترین شباهت را با ضرب‌المثل فارسی داده‌شده دارد.

وظیفه‌ی شما این است که تنها یک گزینه‌ی صحیح را انتخاب کنید. پاسخ شما باید فقط شامل حرف گزینه‌ی درست (الف یا ب) باشد و هیچ متن یا توضیح اضافی ارائه نکنید.

ضرب‌المثل فارسی:
تعارف کم کن و بر مبلغ افزا.

سؤال:
کدام‌ یک از این دو ضرب‌المثل انگلیسی از نظر کاربرد و معنا بیشترین شباهت را با ضرب‌المثل فارسی داده‌شده دارد؟

گزینه‌ها:
الف) Put your money where your mouth is.
ب) Less is more.","{'الف': 'Equivalent', 'ب': 'Irrelevant'}"
"شما یک مدل زبانی هستید که برای تشخیص معادل معنایی مناسب ضرب‌المثل‌های فارسی در زبان انگلیسی طراحی شده‌اید.

به شما یک ضرب‌المثل فارسی داده می‌شود. سپس یک پرسش دوگزینه‌ای مطرح می‌شود که در آن دو ضرب‌المثل انگلیسی ارائه شده است و از شما خواسته می‌شود تشخیص دهید کدام‌ یک از آن‌ها از نظر کاربرد و معنا بیشترین شباهت را با ضرب‌المثل فارسی داده‌شده دارد.

وظیفه‌ی شما این است که تنها یک گزینه‌ی صحیح را انتخاب کنید. پاسخ شما باید فقط شامل حرف گزینه‌ی درست (الف یا ب) باشد و هیچ متن یا توضیح اضافی ارائه نکنید.

ضرب‌المثل فارسی:
تعزیه گردان است.

سؤال:
کدام‌ یک از این دو ضرب‌المثل انگلیسی از نظر کاربرد و معنا بیشترین شباهت را با ضرب‌المثل فارسی داده‌شده دارد؟

گزینه‌ها:
الف) Chief cook and bottle washer.
ب) The show must go on.","{'الف': 'Equivalent', 'ب': 'Irrelevant'}"
"شما یک مدل زبانی هستید که برای تشخیص معادل معنایی مناسب ضرب‌المثل‌های فارسی در زبان انگلیسی طراحی شده‌اید.

به شما یک ضرب‌المثل فارسی داده می‌شود. سپس یک پرسش دوگزینه‌ای مطرح می‌شود که در آن دو ضرب‌المثل انگلیسی ارائه شده است و از شما خواسته می‌شود تشخیص دهید کدام‌ یک از آن‌ها از نظر کاربرد و معنا بیشترین شباهت را با ضرب‌المثل فارسی داده‌شده دارد.

وظیفه‌ی شما این است که تنها یک گزینه‌ی صحیح را انتخاب کنید. پاسخ شما باید فقط شامل حرف گزینه‌ی درست (الف یا ب) باشد و هیچ متن یا توضیح اضافی ارائه نکنید.

ضرب‌المثل فارسی:
تفرقه بینداز و حکومت کن!

سؤال:
کدام‌ یک از این دو ضرب‌المثل انگلیسی از نظر کاربرد و معنا بیشترین شباهت را با ضرب‌المثل فارسی داده‌شده دارد؟

گزینه‌ها:
الف) Divide and conquer.
ب) A house divided against itself cannot stand.","{'الف': 'Equivalent', 'ب': 'Irrelevant'}"
"شما یک مدل زبانی هستید که برای تشخیص معادل معنایی مناسب ضرب‌المثل‌های فارسی در زبان انگلیسی طراحی شده‌اید.

به شما یک ضرب‌المثل فارسی داده می‌شود. سپس یک پرسش دوگزینه‌ای مطرح می‌شود که در آن دو ضرب‌المثل انگلیسی ارائه شده است و از شما خواسته می‌شود تشخیص دهید کدام‌ یک از آن‌ها از نظر کاربرد و معنا بیشترین شباهت را با ضرب‌المثل فارسی داده‌شده دارد.

وظیفه‌ی شما این است که تنها یک گزینه‌ی صحیح را انتخاب کنید. پاسخ شما باید فقط شامل حرف گزینه‌ی درست (الف یا ب) باشد و هیچ متن یا توضیح اضافی ارائه نکنید.

ضرب‌المثل فارسی:
تف سر بالا، برمی‌گردد به ریش صاحبش.

سؤال:
کدام‌ یک از این دو ضرب‌المثل انگلیسی از نظر کاربرد و معنا بیشترین شباهت را با ضرب‌المثل فارسی داده‌شده دارد؟

گزینه‌ها:
الف) Curses, like chickens, come home to roost.
ب) A rising tide lifts all boats.","{'الف': 'Equivalent', 'ب': 'Irrelevant'}"
"شما یک مدل زبانی هستید که برای تشخیص معادل معنایی مناسب ضرب‌المثل‌های فارسی در زبان انگلیسی طراحی شده‌اید.

به شما یک ضرب‌المثل فارسی داده می‌شود. سپس یک پرسش دوگزینه‌ای مطرح می‌شود که در آن دو ضرب‌المثل انگلیسی ارائه شده است و از شما خواسته می‌شود تشخیص دهید کدام‌ یک از آن‌ها از نظر کاربرد و معنا بیشترین شباهت را با ضرب‌المثل فارسی داده‌شده دارد.

وظیفه‌ی شما این است که تنها یک گزینه‌ی صحیح را انتخاب کنید. پاسخ شما باید فقط شامل حرف گزینه‌ی درست (الف یا ب) باشد و هیچ متن یا توضیح اضافی ارائه نکنید.

ضرب‌المثل فارسی:
تقاص به قیامت نمی‌ماند.

سؤال:
کدام‌ یک از این دو ضرب‌المثل انگلیسی از نظر کاربرد و معنا بیشترین شباهت را با ضرب‌المثل فارسی داده‌شده دارد؟

گزینه‌ها:
الف) Justice is blind.
ب) Chickens come home to roost.","{'الف': 'Irrelevant', 'ب': 'Equivalent'}"
"شما یک مدل زبانی هستید که برای تشخیص معادل معنایی مناسب ضرب‌المثل‌های فارسی در زبان انگلیسی طراحی شده‌اید.

به شما یک ضرب‌المثل فارسی داده می‌شود. سپس یک پرسش دوگزینه‌ای مطرح می‌شود که در آن دو ضرب‌المثل انگلیسی ارائه شده است و از شما خواسته می‌شود تشخیص دهید کدام‌ یک از آن‌ها از نظر کاربرد و معنا بیشترین شباهت را با ضرب‌المثل فارسی داده‌شده دارد.

وظیفه‌ی شما این است که تنها یک گزینه‌ی صحیح را انتخاب کنید. پاسخ شما باید فقط شامل حرف گزینه‌ی درست (الف یا ب) باشد و هیچ متن یا توضیح اضافی ارائه نکنید.

ضرب‌المثل فارسی:
تکه بزرگش، گوشش است.

سؤال:
کدام‌ یک از این دو ضرب‌المثل انگلیسی از نظر کاربرد و معنا بیشترین شباهت را با ضرب‌المثل فارسی داده‌شده دارد؟

گزینه‌ها:
الف) In one ear and out the other.
ب) To be wiped off the face of the earth.","{'الف': 'Irrelevant', 'ب': 'Equivalent'}"
"شما یک مدل زبانی هستید که برای تشخیص معادل معنایی مناسب ضرب‌المثل‌های فارسی در زبان انگلیسی طراحی شده‌اید.

به شما یک ضرب‌المثل فارسی داده می‌شود. سپس یک پرسش دوگزینه‌ای مطرح می‌شود که در آن دو ضرب‌المثل انگلیسی ارائه شده است و از شما خواسته می‌شود تشخیص دهید کدام‌ یک از آن‌ها از نظر کاربرد و معنا بیشترین شباهت را با ضرب‌المثل فارسی داده‌شده دارد.

وظیفه‌ی شما این است که تنها یک گزینه‌ی صحیح را انتخاب کنید. پاسخ شما باید فقط شامل حرف گزینه‌ی درست (الف یا ب) باشد و هیچ متن یا توضیح اضافی ارائه نکنید.

ضرب‌المثل فارسی:
تنها کسی که نمی‌داند خواجه حافظ شیرازی است.

سؤال:
کدام‌ یک از این دو ضرب‌المثل انگلیسی از نظر کاربرد و معنا بیشترین شباهت را با ضرب‌المثل فارسی داده‌شده دارد؟

گزینه‌ها:
الف) Queen Anne is dead.
ب) Dead men tell no tales.","{'الف': 'Equivalent', 'ب': 'Irrelevant'}"
"شما یک مدل زبانی هستید که برای تشخیص معادل معنایی مناسب ضرب‌المثل‌های فارسی در زبان انگلیسی طراحی شده‌اید.

به شما یک ضرب‌المثل فارسی داده می‌شود. سپس یک پرسش دوگزینه‌ای مطرح می‌شود که در آن دو ضرب‌المثل انگلیسی ارائه شده است و از شما خواسته می‌شود تشخیص دهید کدام‌ یک از آن‌ها از نظر کاربرد و معنا بیشترین شباهت را با ضرب‌المثل فارسی داده‌شده دارد.

وظیفه‌ی شما این است که تنها یک گزینه‌ی صحیح را انتخاب کنید. پاسخ شما باید فقط شامل حرف گزینه‌ی درست (الف یا ب) باشد و هیچ متن یا توضیح اضافی ارائه نکنید.

ضرب‌المثل فارسی:
تنهایی به خدا می‌برازد و بس.

سؤال:
کدام‌ یک از این دو ضرب‌المثل انگلیسی از نظر کاربرد و معنا بیشترین شباهت را با ضرب‌المثل فارسی داده‌شده دارد؟

گزینه‌ها:
الف) God helps those who help themselves.
ب) No man is an island.","{'الف': 'Irrelevant', 'ب': 'Equivalent'}"
"شما یک مدل زبانی هستید که برای تشخیص معادل معنایی مناسب ضرب‌المثل‌های فارسی در زبان انگلیسی طراحی شده‌اید.

به شما یک ضرب‌المثل فارسی داده می‌شود. سپس یک پرسش دوگزینه‌ای مطرح می‌شود که در آن دو ضرب‌المثل انگلیسی ارائه شده است و از شما خواسته می‌شود تشخیص دهید کدام‌ یک از آن‌ها از نظر کاربرد و معنا بیشترین شباهت را با ضرب‌المثل فارسی داده‌شده دارد.

وظیفه‌ی شما این است که تنها یک گزینه‌ی صحیح را انتخاب کنید. پاسخ شما باید فقط شامل حرف گزینه‌ی درست (الف یا ب) باشد و هیچ متن یا توضیح اضافی ارائه نکنید.

ضرب‌المثل فارسی:
تو بدم، بمیر و بدم.

سؤال:
کدام‌ یک از این دو ضرب‌المثل انگلیسی از نظر کاربرد و معنا بیشترین شباهت را با ضرب‌المثل فارسی داده‌شده دارد؟

گزینه‌ها:
الف) There's no rest for the weary.
ب) The die is cast.","{'الف': 'Equivalent', 'ب': 'Irrelevant'}"
"شما یک مدل زبانی هستید که برای تشخیص معادل معنایی مناسب ضرب‌المثل‌های فارسی در زبان انگلیسی طراحی شده‌اید.

به شما یک ضرب‌المثل فارسی داده می‌شود. سپس یک پرسش دوگزینه‌ای مطرح می‌شود که در آن دو ضرب‌المثل انگلیسی ارائه شده است و از شما خواسته می‌شود تشخیص دهید کدام‌ یک از آن‌ها از نظر کاربرد و معنا بیشترین شباهت را با ضرب‌المثل فارسی داده‌شده دارد.

وظیفه‌ی شما این است که تنها یک گزینه‌ی صحیح را انتخاب کنید. پاسخ شما باید فقط شامل حرف گزینه‌ی درست (الف یا ب) باشد و هیچ متن یا توضیح اضافی ارائه نکنید.

ضرب‌المثل فارسی:
تو برو سوتتو بزن.

سؤال:
کدام‌ یک از این دو ضرب‌المثل انگلیسی از نظر کاربرد و معنا بیشترین شباهت را با ضرب‌المثل فارسی داده‌شده دارد؟

گزینه‌ها:
الف) There's no such thing as a free lunch.
ب) Whistling past the graveyard.","{'الف': 'Equivalent', 'ب': 'Irrelevant'}"
"شما یک مدل زبانی هستید که برای تشخیص معادل معنایی مناسب ضرب‌المثل‌های فارسی در زبان انگلیسی طراحی شده‌اید.

به شما یک ضرب‌المثل فارسی داده می‌شود. سپس یک پرسش دوگزینه‌ای مطرح می‌شود که در آن دو ضرب‌المثل انگلیسی ارائه شده است و از شما خواسته می‌شود تشخیص دهید کدام‌ یک از آن‌ها از نظر کاربرد و معنا بیشترین شباهت را با ضرب‌المثل فارسی داده‌شده دارد.

وظیفه‌ی شما این است که تنها یک گزینه‌ی صحیح را انتخاب کنید. پاسخ شما باید فقط شامل حرف گزینه‌ی درست (الف یا ب) باشد و هیچ متن یا توضیح اضافی ارائه نکنید.

ضرب‌المثل فارسی:
توبه گرگ، مرگ است.

سؤال:
کدام‌ یک از این دو ضرب‌المثل انگلیسی از نظر کاربرد و معنا بیشترین شباهت را با ضرب‌المثل فارسی داده‌شده دارد؟

گزینه‌ها:
الف) Cry wolf.
ب) A leopard cannot change its spots.","{'الف': 'Irrelevant', 'ب': 'Equivalent'}"
"شما یک مدل زبانی هستید که برای تشخیص معادل معنایی مناسب ضرب‌المثل‌های فارسی در زبان انگلیسی طراحی شده‌اید.

به شما یک ضرب‌المثل فارسی داده می‌شود. سپس یک پرسش دوگزینه‌ای مطرح می‌شود که در آن دو ضرب‌المثل انگلیسی ارائه شده است و از شما خواسته می‌شود تشخیص دهید کدام‌ یک از آن‌ها از نظر کاربرد و معنا بیشترین شباهت را با ضرب‌المثل فارسی داده‌شده دارد.

وظیفه‌ی شما این است که تنها یک گزینه‌ی صحیح را انتخاب کنید. پاسخ شما باید فقط شامل حرف گزینه‌ی درست (الف یا ب) باشد و هیچ متن یا توضیح اضافی ارائه نکنید.

ضرب‌المثل فارسی:
تو بینداز من بردارم.

سؤال:
کدام‌ یک از این دو ضرب‌المثل انگلیسی از نظر کاربرد و معنا بیشترین شباهت را با ضرب‌المثل فارسی داده‌شده دارد؟

گزینه‌ها:
الف) One man's trash is another man's treasure.
ب) Do as I say, not as I do.","{'الف': 'Irrelevant', 'ب': 'Equivalent'}"
"شما یک مدل زبانی هستید که برای تشخیص معادل معنایی مناسب ضرب‌المثل‌های فارسی در زبان انگلیسی طراحی شده‌اید.

به شما یک ضرب‌المثل فارسی داده می‌شود. سپس یک پرسش دوگزینه‌ای مطرح می‌شود که در آن دو ضرب‌المثل انگلیسی ارائه شده است و از شما خواسته می‌شود تشخیص دهید کدام‌ یک از آن‌ها از نظر کاربرد و معنا بیشترین شباهت را با ضرب‌المثل فارسی داده‌شده دارد.

وظیفه‌ی شما این است که تنها یک گزینه‌ی صحیح را انتخاب کنید. پاسخ شما باید فقط شامل حرف گزینه‌ی درست (الف یا ب) باشد و هیچ متن یا توضیح اضافی ارائه نکنید.

ضرب‌المثل فارسی:
توپ را انداخت توی زمین حریف.

سؤال:
کدام‌ یک از این دو ضرب‌المثل انگلیسی از نظر کاربرد و معنا بیشترین شباهت را با ضرب‌المثل فارسی داده‌شده دارد؟

گزینه‌ها:
الف) The ball is in their court.
ب) Keep your eye on the ball.","{'الف': 'Equivalent', 'ب': 'Irrelevant'}"
"شما یک مدل زبانی هستید که برای تشخیص معادل معنایی مناسب ضرب‌المثل‌های فارسی در زبان انگلیسی طراحی شده‌اید.

به شما یک ضرب‌المثل فارسی داده می‌شود. سپس یک پرسش دوگزینه‌ای مطرح می‌شود که در آن دو ضرب‌المثل انگلیسی ارائه شده است و از شما خواسته می‌شود تشخیص دهید کدام‌ یک از آن‌ها از نظر کاربرد و معنا بیشترین شباهت را با ضرب‌المثل فارسی داده‌شده دارد.

وظیفه‌ی شما این است که تنها یک گزینه‌ی صحیح را انتخاب کنید. پاسخ شما باید فقط شامل حرف گزینه‌ی درست (الف یا ب) باشد و هیچ متن یا توضیح اضافی ارائه نکنید.

ضرب‌المثل فارسی:
تو تیراندازی لنگه نداره، فقط تیرش اونورتر می‌خوره!

سؤال:
کدام‌ یک از این دو ضرب‌المثل انگلیسی از نظر کاربرد و معنا بیشترین شباهت را با ضرب‌المثل فارسی داده‌شده دارد؟

گزینه‌ها:
الف) A shot in the dark.
ب) He couldn't hit the broad side of a barn.","{'الف': 'Irrelevant', 'ب': 'Equivalent'}"
"شما یک مدل زبانی هستید که برای تشخیص معادل معنایی مناسب ضرب‌المثل‌های فارسی در زبان انگلیسی طراحی شده‌اید.

به شما یک ضرب‌المثل فارسی داده می‌شود. سپس یک پرسش دوگزینه‌ای مطرح می‌شود که در آن دو ضرب‌المثل انگلیسی ارائه شده است و از شما خواسته می‌شود تشخیص دهید کدام‌ یک از آن‌ها از نظر کاربرد و معنا بیشترین شباهت را با ضرب‌المثل فارسی داده‌شده دارد.

وظیفه‌ی شما این است که تنها یک گزینه‌ی صحیح را انتخاب کنید. پاسخ شما باید فقط شامل حرف گزینه‌ی درست (الف یا ب) باشد و هیچ متن یا توضیح اضافی ارائه نکنید.

ضرب‌المثل فارسی:
تو دروازه خودش گل می‌زند.

سؤال:
کدام‌ یک از این دو ضرب‌المثل انگلیسی از نظر کاربرد و معنا بیشترین شباهت را با ضرب‌المثل فارسی داده‌شده دارد؟

گزینه‌ها:
الف) To shoot oneself in the foot.
ب) The best defense is a good offense.","{'الف': 'Equivalent', 'ب': 'Irrelevant'}"
"شما یک مدل زبانی هستید که برای تشخیص معادل معنایی مناسب ضرب‌المثل‌های فارسی در زبان انگلیسی طراحی شده‌اید.

به شما یک ضرب‌المثل فارسی داده می‌شود. سپس یک پرسش دوگزینه‌ای مطرح می‌شود که در آن دو ضرب‌المثل انگلیسی ارائه شده است و از شما خواسته می‌شود تشخیص دهید کدام‌ یک از آن‌ها از نظر کاربرد و معنا بیشترین شباهت را با ضرب‌المثل فارسی داده‌شده دارد.

وظیفه‌ی شما این است که تنها یک گزینه‌ی صحیح را انتخاب کنید. پاسخ شما باید فقط شامل حرف گزینه‌ی درست (الف یا ب) باشد و هیچ متن یا توضیح اضافی ارائه نکنید.

ضرب‌المثل فارسی:
توزرد از کار در آمد!

سؤال:
کدام‌ یک از این دو ضرب‌المثل انگلیسی از نظر کاربرد و معنا بیشترین شباهت را با ضرب‌المثل فارسی داده‌شده دارد؟

گزینه‌ها:
الف) To show one's true colors.
ب) The apple doesn't fall far from the tree.","{'الف': 'Equivalent', 'ب': 'Irrelevant'}"
"شما یک مدل زبانی هستید که برای تشخیص معادل معنایی مناسب ضرب‌المثل‌های فارسی در زبان انگلیسی طراحی شده‌اید.

به شما یک ضرب‌المثل فارسی داده می‌شود. سپس یک پرسش دوگزینه‌ای مطرح می‌شود که در آن دو ضرب‌المثل انگلیسی ارائه شده است و از شما خواسته می‌شود تشخیص دهید کدام‌ یک از آن‌ها از نظر کاربرد و معنا بیشترین شباهت را با ضرب‌المثل فارسی داده‌شده دارد.

وظیفه‌ی شما این است که تنها یک گزینه‌ی صحیح را انتخاب کنید. پاسخ شما باید فقط شامل حرف گزینه‌ی درست (الف یا ب) باشد و هیچ متن یا توضیح اضافی ارائه نکنید.

ضرب‌المثل فارسی:
تو قدر آب چه دانی که در کنار فراتی.

سؤال:
کدام‌ یک از این دو ضرب‌المثل انگلیسی از نظر کاربرد و معنا بیشترین شباهت را با ضرب‌المثل فارسی داده‌شده دارد؟

گزینه‌ها:
الف) We never know the worth of water till the well is dry.
ب) Still waters run deep.","{'الف': 'Equivalent', 'ب': 'Irrelevant'}"
"شما یک مدل زبانی هستید که برای تشخیص معادل معنایی مناسب ضرب‌المثل‌های فارسی در زبان انگلیسی طراحی شده‌اید.

به شما یک ضرب‌المثل فارسی داده می‌شود. سپس یک پرسش دوگزینه‌ای مطرح می‌شود که در آن دو ضرب‌المثل انگلیسی ارائه شده است و از شما خواسته می‌شود تشخیص دهید کدام‌ یک از آن‌ها از نظر کاربرد و معنا بیشترین شباهت را با ضرب‌المثل فارسی داده‌شده دارد.

وظیفه‌ی شما این است که تنها یک گزینه‌ی صحیح را انتخاب کنید. پاسخ شما باید فقط شامل حرف گزینه‌ی درست (الف یا ب) باشد و هیچ متن یا توضیح اضافی ارائه نکنید.

ضرب‌المثل فارسی:
تو کندی جوی و آبش دیگری برد.

سؤال:
کدام‌ یک از این دو ضرب‌المثل انگلیسی از نظر کاربرد و معنا بیشترین شباهت را با ضرب‌المثل فارسی داده‌شده دارد؟

گزینه‌ها:
الف) You can lead a horse to water, but you can't make it drink.
ب) One sows and another reaps.","{'الف': 'Irrelevant', 'ب': 'Equivalent'}"
"شما یک مدل زبانی هستید که برای تشخیص معادل معنایی مناسب ضرب‌المثل‌های فارسی در زبان انگلیسی طراحی شده‌اید.

به شما یک ضرب‌المثل فارسی داده می‌شود. سپس یک پرسش دوگزینه‌ای مطرح می‌شود که در آن دو ضرب‌المثل انگلیسی ارائه شده است و از شما خواسته می‌شود تشخیص دهید کدام‌ یک از آن‌ها از نظر کاربرد و معنا بیشترین شباهت را با ضرب‌المثل فارسی داده‌شده دارد.

وظیفه‌ی شما این است که تنها یک گزینه‌ی صحیح را انتخاب کنید. پاسخ شما باید فقط شامل حرف گزینه‌ی درست (الف یا ب) باشد و هیچ متن یا توضیح اضافی ارائه نکنید.

ضرب‌المثل فارسی:
تو که همچین توپ و توپخانه‌ای داشتی، چرا با شاه یاغی نشدی؟

سؤال:
کدام‌ یک از این دو ضرب‌المثل انگلیسی از نظر کاربرد و معنا بیشترین شباهت را با ضرب‌المثل فارسی داده‌شده دارد؟

گزینه‌ها:
الف) All's fair in love and war.
ب) All bark and no bite.","{'الف': 'Irrelevant', 'ب': 'Equivalent'}"
"شما یک مدل زبانی هستید که برای تشخیص معادل معنایی مناسب ضرب‌المثل‌های فارسی در زبان انگلیسی طراحی شده‌اید.

به شما یک ضرب‌المثل فارسی داده می‌شود. سپس یک پرسش دوگزینه‌ای مطرح می‌شود که در آن دو ضرب‌المثل انگلیسی ارائه شده است و از شما خواسته می‌شود تشخیص دهید کدام‌ یک از آن‌ها از نظر کاربرد و معنا بیشترین شباهت را با ضرب‌المثل فارسی داده‌شده دارد.

وظیفه‌ی شما این است که تنها یک گزینه‌ی صحیح را انتخاب کنید. پاسخ شما باید فقط شامل حرف گزینه‌ی درست (الف یا ب) باشد و هیچ متن یا توضیح اضافی ارائه نکنید.

ضرب‌المثل فارسی:
تو مادرمُرده را شیون میاموز.

سؤال:
کدام‌ یک از این دو ضرب‌المثل انگلیسی از نظر کاربرد و معنا بیشترین شباهت را با ضرب‌المثل فارسی داده‌شده دارد؟

گزینه‌ها:
الف) Don't teach your grandmother to suck eggs.
ب) Let the dead bury their dead.","{'الف': 'Equivalent', 'ب': 'Irrelevant'}"
"شما یک مدل زبانی هستید که برای تشخیص معادل معنایی مناسب ضرب‌المثل‌های فارسی در زبان انگلیسی طراحی شده‌اید.

به شما یک ضرب‌المثل فارسی داده می‌شود. سپس یک پرسش دوگزینه‌ای مطرح می‌شود که در آن دو ضرب‌المثل انگلیسی ارائه شده است و از شما خواسته می‌شود تشخیص دهید کدام‌ یک از آن‌ها از نظر کاربرد و معنا بیشترین شباهت را با ضرب‌المثل فارسی داده‌شده دارد.

وظیفه‌ی شما این است که تنها یک گزینه‌ی صحیح را انتخاب کنید. پاسخ شما باید فقط شامل حرف گزینه‌ی درست (الف یا ب) باشد و هیچ متن یا توضیح اضافی ارائه نکنید.

ضرب‌المثل فارسی:
تو مو می‌بینی و من پیچش مو.

سؤال:
کدام‌ یک از این دو ضرب‌المثل انگلیسی از نظر کاربرد و معنا بیشترین شباهت را با ضرب‌المثل فارسی داده‌شده دارد؟

گزینه‌ها:
الف) To split hairs.
ب) The devil is in the details.","{'الف': 'Irrelevant', 'ب': 'Equivalent'}"
"شما یک مدل زبانی هستید که برای تشخیص معادل معنایی مناسب ضرب‌المثل‌های فارسی در زبان انگلیسی طراحی شده‌اید.

به شما یک ضرب‌المثل فارسی داده می‌شود. سپس یک پرسش دوگزینه‌ای مطرح می‌شود که در آن دو ضرب‌المثل انگلیسی ارائه شده است و از شما خواسته می‌شود تشخیص دهید کدام‌ یک از آن‌ها از نظر کاربرد و معنا بیشترین شباهت را با ضرب‌المثل فارسی داده‌شده دارد.

وظیفه‌ی شما این است که تنها یک گزینه‌ی صحیح را انتخاب کنید. پاسخ شما باید فقط شامل حرف گزینه‌ی درست (الف یا ب) باشد و هیچ متن یا توضیح اضافی ارائه نکنید.

ضرب‌المثل فارسی:
تو نیکی می‌کن و در دجله انداز.

سؤال:
کدام‌ یک از این دو ضرب‌المثل انگلیسی از نظر کاربرد و معنا بیشترین شباهت را با ضرب‌المثل فارسی داده‌شده دارد؟

گزینه‌ها:
الف) Cast your bread upon the waters.
ب) Don't throw the baby out with the bathwater.","{'الف': 'Equivalent', 'ب': 'Irrelevant'}"
"شما یک مدل زبانی هستید که برای تشخیص معادل معنایی مناسب ضرب‌المثل‌های فارسی در زبان انگلیسی طراحی شده‌اید.

به شما یک ضرب‌المثل فارسی داده می‌شود. سپس یک پرسش دوگزینه‌ای مطرح می‌شود که در آن دو ضرب‌المثل انگلیسی ارائه شده است و از شما خواسته می‌شود تشخیص دهید کدام‌ یک از آن‌ها از نظر کاربرد و معنا بیشترین شباهت را با ضرب‌المثل فارسی داده‌شده دارد.

وظیفه‌ی شما این است که تنها یک گزینه‌ی صحیح را انتخاب کنید. پاسخ شما باید فقط شامل حرف گزینه‌ی درست (الف یا ب) باشد و هیچ متن یا توضیح اضافی ارائه نکنید.

ضرب‌المثل فارسی:
ثمر از درخت بید نباید جست.

سؤال:
کدام‌ یک از این دو ضرب‌المثل انگلیسی از نظر کاربرد و معنا بیشترین شباهت را با ضرب‌المثل فارسی داده‌شده دارد؟

گزینه‌ها:
الف) You can't get blood out of a stone.
ب) The apple doesn't fall far from the tree.","{'الف': 'Equivalent', 'ب': 'Irrelevant'}"
"شما یک مدل زبانی هستید که برای تشخیص معادل معنایی مناسب ضرب‌المثل‌های فارسی در زبان انگلیسی طراحی شده‌اید.

به شما یک ضرب‌المثل فارسی داده می‌شود. سپس یک پرسش دوگزینه‌ای مطرح می‌شود که در آن دو ضرب‌المثل انگلیسی ارائه شده است و از شما خواسته می‌شود تشخیص دهید کدام‌ یک از آن‌ها از نظر کاربرد و معنا بیشترین شباهت را با ضرب‌المثل فارسی داده‌شده دارد.

وظیفه‌ی شما این است که تنها یک گزینه‌ی صحیح را انتخاب کنید. پاسخ شما باید فقط شامل حرف گزینه‌ی درست (الف یا ب) باشد و هیچ متن یا توضیح اضافی ارائه نکنید.

ضرب‌المثل فارسی:
ثواب راه به خانه صاحب خود می‌برد.

سؤال:
کدام‌ یک از این دو ضرب‌المثل انگلیسی از نظر کاربرد و معنا بیشترین شباهت را با ضرب‌المثل فارسی داده‌شده دارد؟

گزینه‌ها:
الف) What goes around, comes around.
ب) Charity begins at home.","{'الف': 'Equivalent', 'ب': 'Irrelevant'}"
"شما یک مدل زبانی هستید که برای تشخیص معادل معنایی مناسب ضرب‌المثل‌های فارسی در زبان انگلیسی طراحی شده‌اید.

به شما یک ضرب‌المثل فارسی داده می‌شود. سپس یک پرسش دوگزینه‌ای مطرح می‌شود که در آن دو ضرب‌المثل انگلیسی ارائه شده است و از شما خواسته می‌شود تشخیص دهید کدام‌ یک از آن‌ها از نظر کاربرد و معنا بیشترین شباهت را با ضرب‌المثل فارسی داده‌شده دارد.

وظیفه‌ی شما این است که تنها یک گزینه‌ی صحیح را انتخاب کنید. پاسخ شما باید فقط شامل حرف گزینه‌ی درست (الف یا ب) باشد و هیچ متن یا توضیح اضافی ارائه نکنید.

ضرب‌المثل فارسی:
جا تر است و بچه نیست.

سؤال:
کدام‌ یک از این دو ضرب‌المثل انگلیسی از نظر کاربرد و معنا بیشترین شباهت را با ضرب‌المثل فارسی داده‌شده دارد؟

گزینه‌ها:
الف) Don't throw the baby out with the bathwater.
ب) The bird has flown.","{'الف': 'Irrelevant', 'ب': 'Equivalent'}"
"شما یک مدل زبانی هستید که برای تشخیص معادل معنایی مناسب ضرب‌المثل‌های فارسی در زبان انگلیسی طراحی شده‌اید.

به شما یک ضرب‌المثل فارسی داده می‌شود. سپس یک پرسش دوگزینه‌ای مطرح می‌شود که در آن دو ضرب‌المثل انگلیسی ارائه شده است و از شما خواسته می‌شود تشخیص دهید کدام‌ یک از آن‌ها از نظر کاربرد و معنا بیشترین شباهت را با ضرب‌المثل فارسی داده‌شده دارد.

وظیفه‌ی شما این است که تنها یک گزینه‌ی صحیح را انتخاب کنید. پاسخ شما باید فقط شامل حرف گزینه‌ی درست (الف یا ب) باشد و هیچ متن یا توضیح اضافی ارائه نکنید.

ضرب‌المثل فارسی:
جانا سخن از زبان ما می‌گویی.

سؤال:
کدام‌ یک از این دو ضرب‌المثل انگلیسی از نظر کاربرد و معنا بیشترین شباهت را با ضرب‌المثل فارسی داده‌شده دارد؟

گزینه‌ها:
الف) You took the words right out of my mouth.
ب) Actions speak louder than words.","{'الف': 'Equivalent', 'ب': 'Irrelevant'}"
"شما یک مدل زبانی هستید که برای تشخیص معادل معنایی مناسب ضرب‌المثل‌های فارسی در زبان انگلیسی طراحی شده‌اید.

به شما یک ضرب‌المثل فارسی داده می‌شود. سپس یک پرسش دوگزینه‌ای مطرح می‌شود که در آن دو ضرب‌المثل انگلیسی ارائه شده است و از شما خواسته می‌شود تشخیص دهید کدام‌ یک از آن‌ها از نظر کاربرد و معنا بیشترین شباهت را با ضرب‌المثل فارسی داده‌شده دارد.

وظیفه‌ی شما این است که تنها یک گزینه‌ی صحیح را انتخاب کنید. پاسخ شما باید فقط شامل حرف گزینه‌ی درست (الف یا ب) باشد و هیچ متن یا توضیح اضافی ارائه نکنید.

ضرب‌المثل فارسی:
جان به جان کسی گذاشتن.

سؤال:
کدام‌ یک از این دو ضرب‌المثل انگلیسی از نظر کاربرد و معنا بیشترین شباهت را با ضرب‌المثل فارسی داده‌شده دارد؟

گزینه‌ها:
الف) To move heaven and earth for someone.
ب) The spirit is willing, but the flesh is weak.","{'الف': 'Equivalent', 'ب': 'Irrelevant'}"
"شما یک مدل زبانی هستید که برای تشخیص معادل معنایی مناسب ضرب‌المثل‌های فارسی در زبان انگلیسی طراحی شده‌اید.

به شما یک ضرب‌المثل فارسی داده می‌شود. سپس یک پرسش دوگزینه‌ای مطرح می‌شود که در آن دو ضرب‌المثل انگلیسی ارائه شده است و از شما خواسته می‌شود تشخیص دهید کدام‌ یک از آن‌ها از نظر کاربرد و معنا بیشترین شباهت را با ضرب‌المثل فارسی داده‌شده دارد.

وظیفه‌ی شما این است که تنها یک گزینه‌ی صحیح را انتخاب کنید. پاسخ شما باید فقط شامل حرف گزینه‌ی درست (الف یا ب) باشد و هیچ متن یا توضیح اضافی ارائه نکنید.

ضرب‌المثل فارسی:
جان به عزرائیل نمی‌دهد.

سؤال:
کدام‌ یک از این دو ضرب‌المثل انگلیسی از نظر کاربرد و معنا بیشترین شباهت را با ضرب‌المثل فارسی داده‌شده دارد؟

گزینه‌ها:
الف) Give the devil his due.
ب) He would skin a flint.","{'الف': 'Irrelevant', 'ب': 'Equivalent'}"
"شما یک مدل زبانی هستید که برای تشخیص معادل معنایی مناسب ضرب‌المثل‌های فارسی در زبان انگلیسی طراحی شده‌اید.

به شما یک ضرب‌المثل فارسی داده می‌شود. سپس یک پرسش دوگزینه‌ای مطرح می‌شود که در آن دو ضرب‌المثل انگلیسی ارائه شده است و از شما خواسته می‌شود تشخیص دهید کدام‌ یک از آن‌ها از نظر کاربرد و معنا بیشترین شباهت را با ضرب‌المثل فارسی داده‌شده دارد.

وظیفه‌ی شما این است که تنها یک گزینه‌ی صحیح را انتخاب کنید. پاسخ شما باید فقط شامل حرف گزینه‌ی درست (الف یا ب) باشد و هیچ متن یا توضیح اضافی ارائه نکنید.

ضرب‌المثل فارسی:
جانماز آب می‌کشد.

سؤال:
کدام‌ یک از این دو ضرب‌المثل انگلیسی از نظر کاربرد و معنا بیشترین شباهت را با ضرب‌المثل فارسی داده‌شده دارد؟

گزینه‌ها:
الف) A wolf in sheep's clothing.
ب) Cleanliness is next to godliness.","{'الف': 'Equivalent', 'ب': 'Irrelevant'}"
"شما یک مدل زبانی هستید که برای تشخیص معادل معنایی مناسب ضرب‌المثل‌های فارسی در زبان انگلیسی طراحی شده‌اید.

به شما یک ضرب‌المثل فارسی داده می‌شود. سپس یک پرسش دوگزینه‌ای مطرح می‌شود که در آن دو ضرب‌المثل انگلیسی ارائه شده است و از شما خواسته می‌شود تشخیص دهید کدام‌ یک از آن‌ها از نظر کاربرد و معنا بیشترین شباهت را با ضرب‌المثل فارسی داده‌شده دارد.

وظیفه‌ی شما این است که تنها یک گزینه‌ی صحیح را انتخاب کنید. پاسخ شما باید فقط شامل حرف گزینه‌ی درست (الف یا ب) باشد و هیچ متن یا توضیح اضافی ارائه نکنید.

ضرب‌المثل فارسی:
جای سوزن انداختن نبود.

سؤال:
کدام‌ یک از این دو ضرب‌المثل انگلیسی از نظر کاربرد و معنا بیشترین شباهت را با ضرب‌المثل فارسی داده‌شده دارد؟

گزینه‌ها:
الف) Packed like sardines.
ب) Like finding a needle in a haystack","{'الف': 'Equivalent', 'ب': 'Irrelevant'}"
"شما یک مدل زبانی هستید که برای تشخیص معادل معنایی مناسب ضرب‌المثل‌های فارسی در زبان انگلیسی طراحی شده‌اید.

به شما یک ضرب‌المثل فارسی داده می‌شود. سپس یک پرسش دوگزینه‌ای مطرح می‌شود که در آن دو ضرب‌المثل انگلیسی ارائه شده است و از شما خواسته می‌شود تشخیص دهید کدام‌ یک از آن‌ها از نظر کاربرد و معنا بیشترین شباهت را با ضرب‌المثل فارسی داده‌شده دارد.

وظیفه‌ی شما این است که تنها یک گزینه‌ی صحیح را انتخاب کنید. پاسخ شما باید فقط شامل حرف گزینه‌ی درست (الف یا ب) باشد و هیچ متن یا توضیح اضافی ارائه نکنید.

ضرب‌المثل فارسی:
جایی بنشین که برنخیزانندت.

سؤال:
کدام‌ یک از این دو ضرب‌المثل انگلیسی از نظر کاربرد و معنا بیشترین شباهت را با ضرب‌المثل فارسی داده‌شده دارد؟

گزینه‌ها:
الف) Cut your coat according to your cloth.
ب) What goes up must come down.","{'الف': 'Equivalent', 'ب': 'Irrelevant'}"
"شما یک مدل زبانی هستید که برای تشخیص معادل معنایی مناسب ضرب‌المثل‌های فارسی در زبان انگلیسی طراحی شده‌اید.

به شما یک ضرب‌المثل فارسی داده می‌شود. سپس یک پرسش دوگزینه‌ای مطرح می‌شود که در آن دو ضرب‌المثل انگلیسی ارائه شده است و از شما خواسته می‌شود تشخیص دهید کدام‌ یک از آن‌ها از نظر کاربرد و معنا بیشترین شباهت را با ضرب‌المثل فارسی داده‌شده دارد.

وظیفه‌ی شما این است که تنها یک گزینه‌ی صحیح را انتخاب کنید. پاسخ شما باید فقط شامل حرف گزینه‌ی درست (الف یا ب) باشد و هیچ متن یا توضیح اضافی ارائه نکنید.

ضرب‌المثل فارسی:
جایی جیغ بزن که بلبل نباشد.

سؤال:
کدام‌ یک از این دو ضرب‌المثل انگلیسی از نظر کاربرد و معنا بیشترین شباهت را با ضرب‌المثل فارسی داده‌شده دارد؟

گزینه‌ها:
الف) Don't teach your grandmother to suck eggs.
ب) The squeaky wheel gets the grease.","{'الف': 'Equivalent', 'ب': 'Irrelevant'}"
"شما یک مدل زبانی هستید که برای تشخیص معادل معنایی مناسب ضرب‌المثل‌های فارسی در زبان انگلیسی طراحی شده‌اید.

به شما یک ضرب‌المثل فارسی داده می‌شود. سپس یک پرسش دوگزینه‌ای مطرح می‌شود که در آن دو ضرب‌المثل انگلیسی ارائه شده است و از شما خواسته می‌شود تشخیص دهید کدام‌ یک از آن‌ها از نظر کاربرد و معنا بیشترین شباهت را با ضرب‌المثل فارسی داده‌شده دارد.

وظیفه‌ی شما این است که تنها یک گزینه‌ی صحیح را انتخاب کنید. پاسخ شما باید فقط شامل حرف گزینه‌ی درست (الف یا ب) باشد و هیچ متن یا توضیح اضافی ارائه نکنید.

ضرب‌المثل فارسی:
جایی که گربه نباشد، موش‌ها رقاصی می‌کنند.

سؤال:
کدام‌ یک از این دو ضرب‌المثل انگلیسی از نظر کاربرد و معنا بیشترین شباهت را با ضرب‌المثل فارسی داده‌شده دارد؟

گزینه‌ها:
الف) Curiosity killed the cat.
ب) When the cat's away, the mice will play.","{'الف': 'Irrelevant', 'ب': 'Equivalent'}"
"شما یک مدل زبانی هستید که برای تشخیص معادل معنایی مناسب ضرب‌المثل‌های فارسی در زبان انگلیسی طراحی شده‌اید.

به شما یک ضرب‌المثل فارسی داده می‌شود. سپس یک پرسش دوگزینه‌ای مطرح می‌شود که در آن دو ضرب‌المثل انگلیسی ارائه شده است و از شما خواسته می‌شود تشخیص دهید کدام‌ یک از آن‌ها از نظر کاربرد و معنا بیشترین شباهت را با ضرب‌المثل فارسی داده‌شده دارد.

وظیفه‌ی شما این است که تنها یک گزینه‌ی صحیح را انتخاب کنید. پاسخ شما باید فقط شامل حرف گزینه‌ی درست (الف یا ب) باشد و هیچ متن یا توضیح اضافی ارائه نکنید.

ضرب‌المثل فارسی:
جایی که گوشت نیست، چغندر پهلوان است.

سؤال:
کدام‌ یک از این دو ضرب‌المثل انگلیسی از نظر کاربرد و معنا بیشترین شباهت را با ضرب‌المثل فارسی داده‌شده دارد؟

گزینه‌ها:
الف) One man's meat is another man's poison.
ب) In the land of the blind, the one-eyed man is king.","{'الف': 'Irrelevant', 'ب': 'Equivalent'}"
"شما یک مدل زبانی هستید که برای تشخیص معادل معنایی مناسب ضرب‌المثل‌های فارسی در زبان انگلیسی طراحی شده‌اید.

به شما یک ضرب‌المثل فارسی داده می‌شود. سپس یک پرسش دوگزینه‌ای مطرح می‌شود که در آن دو ضرب‌المثل انگلیسی ارائه شده است و از شما خواسته می‌شود تشخیص دهید کدام‌ یک از آن‌ها از نظر کاربرد و معنا بیشترین شباهت را با ضرب‌المثل فارسی داده‌شده دارد.

وظیفه‌ی شما این است که تنها یک گزینه‌ی صحیح را انتخاب کنید. پاسخ شما باید فقط شامل حرف گزینه‌ی درست (الف یا ب) باشد و هیچ متن یا توضیح اضافی ارائه نکنید.

ضرب‌المثل فارسی:
جفتش را بیار، مفتش را ببر.

سؤال:
کدام‌ یک از این دو ضرب‌المثل انگلیسی از نظر کاربرد و معنا بیشترین شباهت را با ضرب‌المثل فارسی داده‌شده دارد؟

گزینه‌ها:
الف) The best things in life are free.
ب) They broke the mold when they made it.","{'الف': 'Irrelevant', 'ب': 'Equivalent'}"